order_id,order_date,region,city,product_name,category,quantity,unit_price,total_revenue,customer_id,sales_channel
UK-2026-103357,2026-05-31,East,Patna,Leather Wallet,Fashion,2,928.0,1856,CUST-61164,Website
UK-2026-103178,2026-05-10,North,Delhi,Running Sneakers,Fashion,1,2670.0,2670,CUST-18377,App
UK-2026-101093,2026-02-24,Central,Raipur,Makeup Brush Set,Beauty,1,1247.0,1247,CUST-54231,App
UK-2026-101743,2026-03-31,Central,Bhopal,Mirrorless Camera Lite,Electronics,1,30405.0,30405,CUST-50243,Website
UK-2026-103741,2026-05-30,South,Bengaluru,Wireless Earbuds Pro,Electronics,1,2916.0,2916,CUST-66928,Marketplace
UK-2026-102743,2026-04-12,North,Noida,Leather Wallet,Fashion,1,894.0,894,CUST-42019,App
UK-2026-103052,2026-04-30,East,Bhubaneswar,Ethnic Dupatta,Fashion,2,499.0,998,CUST-67040,App
UK-2026-100557,2026-01-31,West,Mumbai,Wireless Earbuds Pro,Electronics,1,3041.0,3041,CUST-94365,App
UK-2026-102062,2026-03-15,North,Gurugram,Yoga Mat Pro,Sports,3,1253.0,3759,CUST-79846,App
UK-2026-103969,2026-05-26,East,Guwahati,Wireless Earbuds Pro,Electronics,1,2963.0,2963,CUST-50462,Website
UK-2026-104906,2026-06-01,West,Ahmedabad,Noise-Cancelling Headphones,Electronics,2,8950.0,17900,CUST-45022,App
UK-2026-103653,2026-05-06,South,Kochi,Smart Watch X2,Electronics,2,4563.0,9126,CUST-20282,Website
UK-2026-102459,2026-04-06,South,Chennai,43-inch Smart TV,Electronics,1,25402.0,25402,CUST-19724,Marketplace
UK-2026-100433,2026-01-24,North,Chandigarh,Ultrabook Air 14,Electronics,1,30765.0,30765,CUST-87777,App
UK-2026-102695,2026-04-13,West,Pune,Smart Watch X2,Electronics,1,4404.0,4404,CUST-86509,Marketplace
UK-2026-102365,2026-04-25,South,Bengaluru,Ultrabook Air 14,Electronics,2,29184.0,58368,CUST-54395,App
UK-2026-101104,2026-02-14,North,Delhi,Modern Wall Clock,Home & Kitchen,1,834.0,834,CUST-63025,App
UK-2026-101794,2026-03-25,South,Chennai,Mixer Grinder 750W,Home & Kitchen,1,3298.0,3298,CUST-67011,Website
UK-2026-102076,2026-03-13,Central,Raipur,Electric Kettle 1.5L,Home & Kitchen,1,1094.0,1094,CUST-22943,Website
UK-2026-100552,2026-01-17,South,Hyderabad,Mirrorless Camera Lite,Electronics,1,28194.0,28194,CUST-71647,App
UK-2026-103194,2026-05-19,South,Hyderabad,Mixer Grinder 750W,Home & Kitchen,1,3315.0,3315,CUST-27825,Website
UK-2026-100711,2026-01-14,North,Chandigarh,Running Sneakers,Fashion,2,2900.0,5800,CUST-90831,App
UK-2026-102768,2026-04-11,West,Mumbai,Matte Lipstick Set,Beauty,1,912.0,912,CUST-21527,App
UK-2026-102066,2026-03-31,East,Patna,43-inch Smart TV,Electronics,1,24734.0,24734,CUST-55279,App
UK-2026-102752,2026-04-03,North,Gurugram,Bluetooth Speaker Mini,Electronics,1,1425.0,1425,CUST-95279,Website
UK-2026-100198,2026-01-10,North,Delhi,Matte Lipstick Set,Beauty,1,943.0,943,CUST-57791,Website
UK-2026-104792,2026-06-13,North,Chandigarh,Robot Vacuum R7,Home & Kitchen,2,18492.0,36984,CUST-65476,App
UK-2026-100578,2026-01-23,South,Kochi,Football Size 5,Sports,1,898.0,898,CUST-73078,App
UK-2026-101635,2026-03-31,West,Surat,Adjustable Dumbbells 15kg,Sports,4,4975.0,19900,CUST-46866,App
UK-2026-102895,2026-04-14,South,Hyderabad,Power Bank 20000mAh,Electronics,2,1882.0,3764,CUST-63936,Marketplace
UK-2026-103185,2026-05-02,North,Noida,Ionic Hair Dryer,Beauty,1,1848.0,1848,CUST-38221,Marketplace
UK-2026-100165,2026-01-15,North,Noida,Dinner Set 24pc,Home & Kitchen,4,2445.0,9780,CUST-32989,App
UK-2026-100375,2026-01-20,Central,Raipur,Mixer Grinder 750W,Home & Kitchen,1,3221.0,3221,CUST-36419,App
UK-2026-100541,2026-01-08,South,Hyderabad,Foldable Treadmill T2,Sports,1,25636.0,25636,CUST-10129,Website
UK-2026-104100,2026-06-07,South,Hyderabad,Formal Shirt,Fashion,1,1106.0,1106,CUST-98331,Website
UK-2026-102798,2026-04-22,Central,Raipur,Wireless Earbuds Pro,Electronics,2,2885.0,5770,CUST-70699,App
UK-2026-102691,2026-04-12,East,Bhubaneswar,Ionic Hair Dryer,Beauty,1,1865.0,1865,CUST-18787,Marketplace
UK-2026-104690,2026-06-02,East,Guwahati,Face Wash Combo,Beauty,1,445.0,445,CUST-28238,App
UK-2026-101533,2026-03-19,North,Gurugram,Cricket Bat English Willow,Sports,3,9364.0,28092,CUST-19215,Marketplace
UK-2026-104727,2026-06-25,North,Gurugram,Power Bank 20000mAh,Electronics,3,1855.0,5565,CUST-96448,Marketplace
UK-2026-100859,2026-02-05,North,Noida,Cotton Bedsheet Set,Home & Kitchen,1,1407.0,1407,CUST-94386,App
UK-2026-100275,2026-01-19,West,Ahmedabad,Slim Fit Jeans,Fashion,2,1558.0,3116,CUST-31710,Website
UK-2026-104423,2026-06-19,North,Delhi,Foldable Treadmill T2,Sports,1,25961.0,25961,CUST-98961,Website
UK-2026-103312,2026-05-12,North,Chandigarh,Yoga Mat Pro,Sports,2,1140.0,2280,CUST-25163,App
UK-2026-101021,2026-02-18,South,Chennai,Eau de Parfum 100ml,Beauty,2,2020.0,4040,CUST-88911,Marketplace
UK-2026-103554,2026-05-18,South,Kochi,Cotton Kurta Set,Fashion,1,1337.0,1337,CUST-66199,Website
UK-2026-104892,2026-06-27,Central,Raipur,Yoga Mat Pro,Sports,1,1170.0,1170,CUST-77613,Website
UK-2026-103682,2026-05-06,North,Delhi,Leather Wallet,Fashion,1,855.0,855,CUST-18161,Marketplace
UK-2026-104663,2026-06-20,North,Chandigarh,Face Wash Combo,Beauty,1,462.0,462,CUST-51685,Website
UK-2026-101671,2026-03-13,Central,Indore,Denim Jacket,Fashion,1,2166.0,2166,CUST-74232,Website
UK-2026-100381,2026-01-29,West,Pune,Leather Wallet,Fashion,1,937.0,937,CUST-50837,Website
UK-2026-100127,2026-01-03,West,Ahmedabad,Yoga Mat Pro,Sports,1,1249.0,1249,CUST-57335,Marketplace
UK-2026-103807,2026-05-11,East,Kolkata,Slim Fit Jeans,Fashion,1,1660.0,1660,CUST-38792,App
UK-2026-101491,2026-03-12,North,Gurugram,Football Size 5,Sports,2,891.0,1782,CUST-97543,Website
UK-2026-101698,2026-03-31,South,Bengaluru,Non-Stick Cookware Set,Home & Kitchen,1,2964.0,2964,CUST-15418,Website
UK-2026-100408,2026-01-29,South,Kochi,Smart Watch X2,Electronics,1,4469.0,4469,CUST-18865,Website
UK-2026-103169,2026-05-07,North,Noida,Mirrorless Camera Lite,Electronics,1,29406.0,29406,CUST-93195,Website
UK-2026-100176,2026-01-12,South,Chennai,Slim Fit Jeans,Fashion,2,1565.0,3130,CUST-67388,Website
UK-2026-103637,2026-05-22,North,Chandigarh,Non-Stick Cookware Set,Home & Kitchen,1,2858.0,2858,CUST-87414,App
UK-2026-100971,2026-02-13,North,Chandigarh,Smart Watch X2,Electronics,1,4581.0,4581,CUST-57335,App
UK-2026-104548,2026-06-08,South,Kochi,Non-Stick Cookware Set,Home & Kitchen,1,2905.0,2905,CUST-76336,App
UK-2026-100537,2026-01-19,South,Bengaluru,Eau de Parfum 100ml,Beauty,3,1943.0,5829,CUST-57687,App
UK-2026-100807,2026-02-06,West,Pune,Slim Fit Jeans,Fashion,1,1556.0,1556,CUST-22395,App
UK-2026-103336,2026-05-30,North,Gurugram,Vitamin C Serum,Beauty,2,671.0,1342,CUST-17439,Website
UK-2026-102718,2026-04-29,East,Kolkata,Cycling Helmet,Sports,1,1633.0,1633,CUST-65435,Marketplace
UK-2026-103979,2026-05-23,West,Surat,Foldable Treadmill T2,Sports,2,24615.0,49230,CUST-15418,Website
UK-2026-100625,2026-01-06,North,Chandigarh,Formal Shirt,Fashion,1,1099.0,1099,CUST-24748,App
UK-2026-102881,2026-04-15,West,Ahmedabad,Running Sneakers,Fashion,1,2789.0,2789,CUST-52681,App
UK-2026-100436,2026-01-20,South,Bengaluru,Smart Watch X2,Electronics,1,4721.0,4721,CUST-62679,Website
UK-2026-100809,2026-02-26,Central,Bhopal,Badminton Racket Set,Sports,1,2505.0,2505,CUST-77097,App
UK-2026-104916,2026-06-05,West,Pune,Cotton Kurta Set,Fashion,2,1250.0,2500,CUST-96738,Marketplace
UK-2026-102008,2026-03-24,West,Surat,Bluetooth Speaker Mini,Electronics,1,1553.0,1553,CUST-27529,Website
UK-2026-104863,2026-06-19,West,Mumbai,Formal Shirt,Fashion,1,1104.0,1104,CUST-63216,Marketplace
UK-2026-101421,2026-02-20,South,Bengaluru,43-inch Smart TV,Electronics,1,25552.0,25552,CUST-76728,Marketplace
UK-2026-103054,2026-04-29,South,Kochi,Cricket Bat English Willow,Sports,1,9251.0,9251,CUST-61074,Website
UK-2026-102760,2026-04-05,West,Mumbai,Silk Saree,Fashion,1,3343.0,3343,CUST-50776,Marketplace
UK-2026-102005,2026-03-03,South,Kochi,Cotton Kurta Set,Fashion,2,1272.0,2544,CUST-10738,Marketplace
UK-2026-103371,2026-05-02,East,Patna,Slim Fit Jeans,Fashion,1,1604.0,1604,CUST-28964,Website
UK-2026-102883,2026-04-06,West,Ahmedabad,Wireless Earbuds Pro,Electronics,1,3124.0,3124,CUST-45078,Marketplace
UK-2026-104165,2026-06-01,East,Kolkata,Adjustable Dumbbells 15kg,Sports,1,5171.0,5171,CUST-52670,App
UK-2026-103679,2026-05-04,North,Noida,Bluetooth Speaker Mini,Electronics,1,1557.0,1557,CUST-78459,Website
UK-2026-101438,2026-02-16,North,Chandigarh,Mixer Grinder 750W,Home & Kitchen,1,3422.0,3422,CUST-67859,Website
UK-2026-100204,2026-01-20,West,Mumbai,Smart Watch X2,Electronics,1,4462.0,4462,CUST-61074,Marketplace
UK-2026-102809,2026-04-23,South,Chennai,Bluetooth Speaker Mini,Electronics,1,1492.0,1492,CUST-30477,Website
UK-2026-100076,2026-01-04,West,Mumbai,Vitamin C Serum,Beauty,4,710.0,2840,CUST-88202,App
UK-2026-104037,2026-06-12,North,Gurugram,Denim Jacket,Fashion,1,2170.0,2170,CUST-27293,Website
UK-2026-100231,2026-01-10,West,Surat,Ultrabook Air 14,Electronics,1,28766.0,28766,CUST-16222,Website
UK-2026-102657,2026-04-01,West,Mumbai,Electric Kettle 1.5L,Home & Kitchen,4,1088.0,4352,CUST-44504,App
UK-2026-101008,2026-02-08,South,Bengaluru,Power Bank 20000mAh,Electronics,2,1800.0,3600,CUST-18274,Website
UK-2026-100721,2026-02-18,South,Bengaluru,Gym Gloves,Sports,1,493.0,493,CUST-88095,App
UK-2026-100976,2026-02-23,South,Chennai,Eau de Parfum 100ml,Beauty,1,2077.0,2077,CUST-22098,Marketplace
UK-2026-102406,2026-04-13,North,Delhi,Silk Saree,Fashion,2,3578.0,7156,CUST-29367,Website
UK-2026-101241,2026-02-28,West,Ahmedabad,Robot Vacuum R7,Home & Kitchen,1,19188.0,19188,CUST-39309,App
UK-2026-102392,2026-04-28,South,Bengaluru,Noise-Cancelling Headphones,Electronics,1,9054.0,9054,CUST-27539,Marketplace
UK-2026-104601,2026-06-13,Central,Raipur,Ultrabook Air 14,Electronics,1,30785.0,30785,CUST-91595,Marketplace
UK-2026-104478,2026-06-22,South,Bengaluru,Electric Kettle 1.5L,Home & Kitchen,1,1118.0,1118,CUST-12186,Website
UK-2026-103378,2026-05-07,East,Kolkata,Beard Grooming Kit,Beauty,1,1000.0,1000,CUST-25651,App
UK-2026-102468,2026-04-11,North,Delhi,Power Bank 20000mAh,Electronics,2,1859.0,3718,CUST-30905,App
UK-2026-100548,2026-01-29,North,Delhi,Wireless Earbuds Pro,Electronics,1,2889.0,2889,CUST-37007,Website
UK-2026-102991,2026-04-04,East,Kolkata,Power Bank 20000mAh,Electronics,2,1741.0,3482,CUST-90989,Website
UK-2026-101295,2026-02-14,West,Mumbai,Ethnic Dupatta,Fashion,4,474.0,1896,CUST-81202,App
UK-2026-104319,2026-06-30,Central,Raipur,Silk Saree,Fashion,1,3415.0,3415,CUST-76624,App
UK-2026-104985,2026-06-17,West,Ahmedabad,Smart Watch X2,Electronics,1,4574.0,4574,CUST-24416,Website
UK-2026-104443,2026-06-19,East,Bhubaneswar,Leather Wallet,Fashion,2,870.0,1740,CUST-74529,Marketplace
UK-2026-100510,2026-01-31,South,Hyderabad,Cycling Helmet,Sports,1,1639.0,1639,CUST-31167,Website
UK-2026-103804,2026-05-26,South,Hyderabad,Ethnic Dupatta,Fashion,1,517.0,517,CUST-31669,Website
UK-2026-103048,2026-04-23,North,Noida,Cotton Bedsheet Set,Home & Kitchen,1,1449.0,1449,CUST-13632,Website
UK-2026-103720,2026-05-31,Central,Indore,43-inch Smart TV,Electronics,1,26365.0,26365,CUST-59269,Website
UK-2026-102386,2026-04-01,South,Hyderabad,Wireless Earbuds Pro,Electronics,1,2857.0,2857,CUST-28440,App
UK-2026-102789,2026-04-11,North,Delhi,Beard Grooming Kit,Beauty,2,1019.0,2038,CUST-67040,App
UK-2026-101640,2026-03-16,South,Hyderabad,Cotton Bedsheet Set,Home & Kitchen,2,1445.0,2890,CUST-94986,Website
UK-2026-100637,2026-01-03,West,Pune,Power Bank 20000mAh,Electronics,3,1781.0,5343,CUST-83321,App
UK-2026-103116,2026-05-23,West,Pune,Cotton Bedsheet Set,Home & Kitchen,1,1425.0,1425,CUST-36070,Website
UK-2026-102885,2026-04-10,North,Noida,Makeup Brush Set,Beauty,1,1361.0,1361,CUST-10356,Marketplace
UK-2026-100536,2026-01-01,West,Surat,Beard Grooming Kit,Beauty,1,1002.0,1002,CUST-11031,Website
UK-2026-102898,2026-04-19,West,Mumbai,Slim Fit Jeans,Fashion,1,1632.0,1632,CUST-85775,Website
UK-2026-101888,2026-03-18,Central,Indore,Ethnic Dupatta,Fashion,2,487.0,974,CUST-38523,App
UK-2026-101383,2026-02-21,West,Surat,Adjustable Dumbbells 15kg,Sports,2,4879.0,9758,CUST-36375,Website
UK-2026-103339,2026-05-12,West,Ahmedabad,Silk Saree,Fashion,1,3521.0,3521,CUST-79381,Marketplace
UK-2026-101541,2026-03-12,North,Chandigarh,Bluetooth Speaker Mini,Electronics,3,1452.0,4356,CUST-42971,Marketplace
UK-2026-101842,2026-03-24,South,Bengaluru,Cycling Helmet,Sports,1,1521.0,1521,CUST-43452,Marketplace
UK-2026-103459,2026-05-22,South,Chennai,Cotton Kurta Set,Fashion,1,1344.0,1344,CUST-60170,Website
UK-2026-100751,2026-02-23,North,Gurugram,Smart Watch X2,Electronics,3,4518.0,13554,CUST-29318,Website
UK-2026-100268,2026-01-26,West,Mumbai,Non-Stick Cookware Set,Home & Kitchen,1,3039.0,3039,CUST-58818,Website
UK-2026-102243,2026-04-06,South,Hyderabad,Silk Saree,Fashion,2,3339.0,6678,CUST-37124,App
UK-2026-101190,2026-02-12,North,Gurugram,Modern Wall Clock,Home & Kitchen,2,768.0,1536,CUST-17466,App
UK-2026-104266,2026-06-08,North,Noida,Cycling Helmet,Sports,1,1607.0,1607,CUST-84736,Website
UK-2026-102837,2026-04-18,East,Kolkata,Denim Jacket,Fashion,1,2245.0,2245,CUST-45152,Website
UK-2026-103261,2026-05-10,North,Noida,Power Bank 20000mAh,Electronics,1,1728.0,1728,CUST-54435,Marketplace
UK-2026-102125,2026-03-02,Central,Bhopal,Bluetooth Speaker Mini,Electronics,1,1451.0,1451,CUST-51156,App
UK-2026-104492,2026-06-07,South,Bengaluru,Ionic Hair Dryer,Beauty,1,1864.0,1864,CUST-53376,App
UK-2026-103477,2026-05-20,Central,Raipur,Bluetooth Speaker Mini,Electronics,1,1454.0,1454,CUST-66969,Marketplace
UK-2026-100942,2026-02-12,North,Chandigarh,Eau de Parfum 100ml,Beauty,1,2062.0,2062,CUST-71221,App
UK-2026-104668,2026-06-18,South,Bengaluru,Foldable Treadmill T2,Sports,1,25200.0,25200,CUST-44999,Website
UK-2026-101358,2026-02-09,North,Chandigarh,Football Size 5,Sports,1,882.0,882,CUST-24275,App
UK-2026-102479,2026-04-28,Central,Raipur,Matte Lipstick Set,Beauty,1,894.0,894,CUST-95312,App
UK-2026-102842,2026-04-26,South,Kochi,Bluetooth Speaker Mini,Electronics,1,1520.0,1520,CUST-49013,Website
UK-2026-104752,2026-06-30,West,Surat,Eau de Parfum 100ml,Beauty,1,2024.0,2024,CUST-56949,Website
UK-2026-103940,2026-05-27,Central,Raipur,Mixer Grinder 750W,Home & Kitchen,1,3411.0,3411,CUST-88029,Website
UK-2026-101340,2026-02-08,East,Patna,Ethnic Dupatta,Fashion,1,478.0,478,CUST-93739,App
UK-2026-101014,2026-02-08,West,Surat,Mirrorless Camera Lite,Electronics,1,28563.0,28563,CUST-57633,Marketplace
UK-2026-100543,2026-01-18,South,Chennai,43-inch Smart TV,Electronics,2,25910.0,51820,CUST-34270,Website
UK-2026-103703,2026-05-26,South,Kochi,Makeup Brush Set,Beauty,1,1327.0,1327,CUST-13036,Marketplace
UK-2026-101678,2026-03-25,North,Noida,Robot Vacuum R7,Home & Kitchen,2,18604.0,37208,CUST-64353,Marketplace
UK-2026-103588,2026-05-06,North,Gurugram,Gym Gloves,Sports,1,504.0,504,CUST-71828,Website
UK-2026-103695,2026-05-27,Central,Bhopal,43-inch Smart TV,Electronics,1,26337.0,26337,CUST-64151,Marketplace
UK-2026-101844,2026-03-22,South,Kochi,Matte Lipstick Set,Beauty,1,891.0,891,CUST-83196,Marketplace
UK-2026-100172,2026-01-10,East,Bhubaneswar,Slim Fit Jeans,Fashion,1,1630.0,1630,CUST-43923,Website
UK-2026-103341,2026-05-04,North,Delhi,Formal Shirt,Fashion,1,1050.0,1050,CUST-22320,Marketplace
UK-2026-100377,2026-01-11,East,Kolkata,Non-Stick Cookware Set,Home & Kitchen,1,2849.0,2849,CUST-97460,Website
UK-2026-103496,2026-05-22,West,Surat,Cotton Kurta Set,Fashion,2,1328.0,2656,CUST-24148,Website
UK-2026-102099,2026-03-04,East,Bhubaneswar,Slim Fit Jeans,Fashion,1,1535.0,1535,CUST-47812,Website
UK-2026-103686,2026-05-15,South,Hyderabad,Cricket Bat English Willow,Sports,1,8964.0,8964,CUST-80180,Website
UK-2026-100263,2026-01-01,South,Bengaluru,Robot Vacuum R7,Home & Kitchen,1,19564.0,19564,CUST-21442,App
UK-2026-103049,2026-04-08,West,Ahmedabad,Mixer Grinder 750W,Home & Kitchen,1,3211.0,3211,CUST-10129,App
UK-2026-100883,2026-02-11,West,Ahmedabad,Non-Stick Cookware Set,Home & Kitchen,1,2926.0,2926,CUST-52405,Website
UK-2026-100033,2026-01-31,West,Ahmedabad,Leather Wallet,Fashion,1,877.0,877,CUST-89581,Marketplace
UK-2026-104528,2026-06-06,West,Ahmedabad,Mirrorless Camera Lite,Electronics,1,28130.0,28130,CUST-22182,Website
UK-2026-104128,2026-06-11,South,Hyderabad,Ultrabook Air 14,Electronics,2,30565.0,61130,CUST-51839,Website
UK-2026-101000,2026-02-01,Central,Raipur,Slim Fit Jeans,Fashion,1,1549.0,1549,CUST-71957,Website
UK-2026-104312,2026-06-30,East,Bhubaneswar,Running Sneakers,Fashion,4,2886.0,11544,CUST-20532,Website
UK-2026-101371,2026-02-09,East,Kolkata,Cricket Bat English Willow,Sports,1,9417.0,9417,CUST-55898,Marketplace
UK-2026-104448,2026-06-17,North,Delhi,Cotton Bedsheet Set,Home & Kitchen,2,1362.0,2724,CUST-26176,App
UK-2026-102305,2026-04-17,South,Chennai,Robot Vacuum R7,Home & Kitchen,2,18623.0,37246,CUST-67586,Website
UK-2026-100651,2026-01-02,North,Gurugram,Beard Grooming Kit,Beauty,1,974.0,974,CUST-65024,Website
UK-2026-103624,2026-05-01,East,Kolkata,Smart Watch X2,Electronics,2,4593.0,9186,CUST-25082,App
UK-2026-100032,2026-01-02,South,Chennai,Cotton Kurta Set,Fashion,1,1280.0,1280,CUST-58111,Marketplace
UK-2026-100132,2026-01-27,East,Guwahati,Power Bank 20000mAh,Electronics,1,1713.0,1713,CUST-71550,App
UK-2026-101520,2026-03-04,North,Chandigarh,Mixer Grinder 750W,Home & Kitchen,2,3293.0,6586,CUST-47901,Website
UK-2026-102548,2026-04-13,West,Pune,43-inch Smart TV,Electronics,1,25708.0,25708,CUST-32180,App
UK-2026-104839,2026-06-30,West,Mumbai,Cricket Bat English Willow,Sports,1,8674.0,8674,CUST-72408,App
UK-2026-101051,2026-02-12,West,Pune,Foldable Treadmill T2,Sports,3,25764.0,77292,CUST-54939,Marketplace
UK-2026-104325,2026-06-19,South,Chennai,Ultrabook Air 14,Electronics,1,30826.0,30826,CUST-56165,Marketplace
UK-2026-101168,2026-02-28,West,Pune,Leather Wallet,Fashion,2,878.0,1756,CUST-36692,App
UK-2026-100064,2026-01-12,East,Guwahati,Slim Fit Jeans,Fashion,4,1644.0,6576,CUST-22637,Website
UK-2026-102725,2026-04-14,North,Gurugram,Formal Shirt,Fashion,1,1074.0,1074,CUST-74352,Website
UK-2026-101925,2026-03-03,West,Mumbai,Mixer Grinder 750W,Home & Kitchen,2,3215.0,6430,CUST-75820,Marketplace
UK-2026-100857,2026-02-11,West,Surat,Formal Shirt,Fashion,1,1100.0,1100,CUST-71550,App
UK-2026-102892,2026-04-10,North,Chandigarh,Power Bank 20000mAh,Electronics,1,1855.0,1855,CUST-67995,Marketplace
UK-2026-100549,2026-01-08,West,Mumbai,Mirrorless Camera Lite,Electronics,2,27742.0,55484,CUST-15419,Website
UK-2026-103991,2026-05-14,South,Kochi,Mixer Grinder 750W,Home & Kitchen,1,3341.0,3341,CUST-43290,App
UK-2026-102845,2026-04-17,Central,Nagpur,Bluetooth Speaker Mini,Electronics,1,1543.0,1543,CUST-99887,Marketplace
UK-2026-101011,2026-02-20,East,Patna,Eau de Parfum 100ml,Beauty,2,2080.0,4160,CUST-28238,App
UK-2026-102970,2026-04-05,West,Ahmedabad,Ethnic Dupatta,Fashion,1,520.0,520,CUST-73605,App
UK-2026-104602,2026-06-28,North,Delhi,Electric Kettle 1.5L,Home & Kitchen,1,1051.0,1051,CUST-92103,Website
UK-2026-100257,2026-01-11,North,Delhi,Ethnic Dupatta,Fashion,1,512.0,512,CUST-49391,App
UK-2026-104139,2026-06-18,South,Bengaluru,Slim Fit Jeans,Fashion,1,1609.0,1609,CUST-68654,App
UK-2026-101741,2026-03-25,South,Bengaluru,Adjustable Dumbbells 15kg,Sports,1,4888.0,4888,CUST-98323,Website
UK-2026-104967,2026-06-26,South,Chennai,Yoga Mat Pro,Sports,2,1167.0,2334,CUST-51934,App
UK-2026-100517,2026-01-01,East,Guwahati,Cotton Kurta Set,Fashion,1,1256.0,1256,CUST-66875,App
UK-2026-103540,2026-05-06,Central,Nagpur,Silk Saree,Fashion,1,3458.0,3458,CUST-40718,Marketplace
UK-2026-103492,2026-05-01,West,Mumbai,Running Sneakers,Fashion,1,2802.0,2802,CUST-18703,App
UK-2026-100493,2026-01-30,North,Noida,Ultrabook Air 14,Electronics,1,29213.0,29213,CUST-57532,Marketplace
UK-2026-102240,2026-03-27,North,Gurugram,Denim Jacket,Fashion,1,2138.0,2138,CUST-86666,App
UK-2026-101941,2026-03-20,South,Hyderabad,Vitamin C Serum,Beauty,1,713.0,713,CUST-61826,Website
UK-2026-102701,2026-04-12,North,Chandigarh,Ionic Hair Dryer,Beauty,1,1923.0,1923,CUST-49927,Website
UK-2026-103273,2026-05-23,North,Chandigarh,Ultrabook Air 14,Electronics,1,30389.0,30389,CUST-64543,App
UK-2026-100135,2026-01-18,South,Kochi,Mirrorless Camera Lite,Electronics,1,28318.0,28318,CUST-66494,Marketplace
UK-2026-103106,2026-05-13,South,Bengaluru,Makeup Brush Set,Beauty,1,1315.0,1315,CUST-45723,App
UK-2026-100635,2026-01-08,West,Surat,Bluetooth Speaker Mini,Electronics,1,1436.0,1436,CUST-13680,Marketplace
UK-2026-102443,2026-04-30,Central,Indore,Bluetooth Speaker Mini,Electronics,2,1475.0,2950,CUST-21971,App
UK-2026-104421,2026-06-10,North,Delhi,Eau de Parfum 100ml,Beauty,1,1957.0,1957,CUST-28238,App
UK-2026-100034,2026-01-25,Central,Bhopal,Bluetooth Speaker Mini,Electronics,2,1488.0,2976,CUST-57650,App
UK-2026-102928,2026-04-15,North,Chandigarh,Football Size 5,Sports,1,892.0,892,CUST-57039,App
UK-2026-101476,2026-03-23,South,Hyderabad,Cricket Bat English Willow,Sports,2,9401.0,18802,CUST-53376,App
UK-2026-100112,2026-01-06,East,Patna,Matte Lipstick Set,Beauty,2,917.0,1834,CUST-98500,App
UK-2026-102257,2019-04-26,North,Delhi,43-inch Smart TV,Electronics,3,26893.0,80679,CUST-50825,Marketplace
UK-2026-100771,2026-02-22,West,Pune,Formal Shirt,Fashion,1,1077.0,1077,CUST-93759,App
UK-2026-104842,2026-06-23,North,Noida,Modern Wall Clock,Home & Kitchen,1,798.0,798,CUST-36119,App
UK-2026-101347,2026-02-13,West,Surat,Beard Grooming Kit,Beauty,2,961.0,1922,CUST-31812,Website
UK-2026-103971,2026-05-09,North,Delhi,Dinner Set 24pc,Home & Kitchen,2,2543.0,5086,CUST-23940,Website
UK-2026-102475,2026-04-30,North,Gurugram,Slim Fit Jeans,Fashion,1,1668.0,1668,CUST-65256,Marketplace
UK-2026-101633,2026-03-19,South,Bengaluru,Ultrabook Air 14,Electronics,1,30494.0,30494,CUST-18161,Marketplace
UK-2026-102664,2026-04-24,South,Kochi,Ethnic Dupatta,Fashion,1,476.0,476,CUST-51096,App
UK-2026-104876,2026-06-08,North,Gurugram,Cotton Bedsheet Set,Home & Kitchen,1,1336.0,1336,CUST-96424,App
UK-2026-100599,2026-01-05,North,Delhi,Bluetooth Speaker Mini,Electronics,1,1538.0,1538,CUST-54166,Website
UK-2026-100662,2026-01-31,North,Chandigarh,Cycling Helmet,Sports,2,1600.0,3200,CUST-38974,App
UK-2026-103635,2026-05-18,West,Mumbai,Power Bank 20000mAh,Electronics,1,1863.0,1863,CUST-75941,App
UK-2026-100022,2026-01-23,North,Delhi,Beard Grooming Kit,Beauty,1,1031.0,1031,CUST-80790,Website
UK-2026-101019,2026-02-14,North,Delhi,Dinner Set 24pc,Home & Kitchen,1,2590.0,2590,CUST-39515,App
UK-2026-100994,2026-02-17,North,Chandigarh,Adjustable Dumbbells 15kg,Sports,1,4787.0,4787,CUST-91910,App
UK-2026-103186,2026-05-31,Central,Nagpur,Formal Shirt,Fashion,1,1123.0,1123,CUST-60664,Website
UK-2026-100708,2026-01-27,East,Patna,Electric Kettle 1.5L,Home & Kitchen,1,1070.0,1070,CUST-92031,Website
UK-2026-100840,2026-02-25,West,Surat,Modern Wall Clock,Home & Kitchen,2,803.0,1606,CUST-16478,App
UK-2026-102624,2026-04-08,South,Kochi,Wireless Earbuds Pro,Electronics,1,2990.0,2990,CUST-95086,App
UK-2026-103668,2026-05-09,East,Guwahati,Ultrabook Air 14,Electronics,2,29481.0,58962,CUST-31345,Website
UK-2026-101038,2026-02-23,East,Guwahati,Running Sneakers,Fashion,1,2838.0,2838,CUST-59952,Website
UK-2026-100769,2026-02-06,South,Hyderabad,Eau de Parfum 100ml,Beauty,3,2008.0,6024,CUST-62781,App
UK-2026-104384,2026-06-14,South,Bengaluru,Ionic Hair Dryer,Beauty,3,1846.0,5538,CUST-47532,Website
UK-2026-104111,2026-06-03,West,Surat,Silk Saree,Fashion,1,3613.0,3613,CUST-52230,App
UK-2026-104634,2026-06-03,North,Chandigarh,Cotton Bedsheet Set,Home & Kitchen,1,1456.0,1456,CUST-74529,App
UK-2026-102750,2026-04-05,East,Kolkata,Slim Fit Jeans,Fashion,1,1531.0,1531,CUST-98949,App
UK-2026-104757,2026-06-23,Central,Indore,Leather Wallet,Fashion,1,936.0,936,CUST-36009,Website
UK-2026-100111,2026-01-05,South,Chennai,Cricket Bat English Willow,Sports,2,8956.0,17912,CUST-12786,Website
UK-2026-104432,2026-06-21,North,Chandigarh,Bluetooth Speaker Mini,Electronics,1,1562.0,1562,CUST-42019,Marketplace
UK-2026-104806,2026-06-22,Central,Bhopal,Robot Vacuum R7,Home & Kitchen,3,18541.0,55623,CUST-36995,Website
UK-2026-102603,2026-04-14,North,Chandigarh,Formal Shirt,Fashion,1,1068.0,1068,CUST-48814,App
UK-2026-103660,2026-05-13,West,Mumbai,Cotton Kurta Set,Fashion,1,1351.0,1351,CUST-87698,Website
UK-2026-101249,2026-02-04,North,Noida,Ultrabook Air 14,Electronics,1,30414.0,30414,CUST-80831,Website
UK-2026-100296,2026-01-25,East,Patna,Adjustable Dumbbells 15kg,Sports,1,4873.0,4873,CUST-45154,App
UK-2026-104597,2026-06-25,South,Kochi,Mirrorless Camera Lite,Electronics,1,29819.0,29819,CUST-28692,Website
UK-2026-103055,2026-04-18,East,Patna,Leather Wallet,Fashion,2,865.0,1730,CUST-66969,App
UK-2026-101657,2026-03-16,North,Delhi,Robot Vacuum R7,Home & Kitchen,1,19690.0,19690,CUST-33838,Website
UK-2026-104987,2026-06-02,North,Delhi,Smart Watch X2,Electronics,1,4525.0,4525,CUST-62146,App
UK-2026-104671,2026-06-20,South,Kochi,Yoga Mat Pro,Sports,1,1245.0,1245,CUST-22533,App
UK-2026-101760,2026-03-15,East,Guwahati,Non-Stick Cookware Set,Home & Kitchen,1,2812.0,2812,CUST-40802,Marketplace
UK-2026-103777,2026-05-02,West,Pune,Formal Shirt,Fashion,1,1128.0,1128,CUST-84367,Marketplace
UK-2026-101836,2026-03-22,South,Kochi,Ethnic Dupatta,Fashion,2,488.0,976,CUST-16268,App
UK-2026-100881,2026-02-07,South,Chennai,Adjustable Dumbbells 15kg,Sports,1,5190.0,5190,CUST-51666,Website
UK-2026-102543,2026-04-08,South,Chennai,Cotton Kurta Set,Fashion,2,1333.0,2666,CUST-12973,App
UK-2026-102201,2026-03-19,Central,Bhopal,Silk Saree,Fashion,1,3665.0,3665,CUST-11044,App
UK-2026-102672,2026-04-26,South,Bengaluru,Football Size 5,Sports,1,875.0,875,CUST-19159,Website
UK-2026-101436,2026-02-22,North,Delhi,Leather Wallet,Fashion,1,892.0,892,CUST-74097,Website
UK-2026-103482,2026-05-04,South,Bengaluru,Cotton Bedsheet Set,Home & Kitchen,1,1343.0,1343,CUST-71664,Website
UK-2026-102346,2026-04-24,Central,Indore,Mirrorless Camera Lite,Electronics,2,29896.0,59792,CUST-88445,App
UK-2026-100199,2026-01-27,North,Noida,Adjustable Dumbbells 15kg,Sports,1,4931.0,4931,CUST-18423,Marketplace
UK-2026-104299,2026-06-30,Central,Nagpur,Football Size 5,Sports,1,915.0,915,CUST-90989,App
UK-2026-101513,2026-03-13,South,Chennai,Mixer Grinder 750W,Home & Kitchen,1,3259.0,3259,CUST-14442,App
UK-2026-102830,2026-04-01,North,Gurugram,Robot Vacuum R7,Home & Kitchen,3,18652.0,55956,CUST-90166,App
UK-2026-104647,2026-06-01,South,Kochi,Foldable Treadmill T2,Sports,1,25368.0,25368,CUST-27226,App
UK-2026-101774,2026-03-13,South,Kochi,Face Wash Combo,Beauty,2,444.0,888,CUST-83321,App
UK-2026-101570,2026-03-11,South,Bengaluru,Cotton Bedsheet Set,Home & Kitchen,2,1348.0,2696,CUST-99269,Marketplace
UK-2026-101651,2026-03-06,East,Kolkata,Adjustable Dumbbells 15kg,Sports,1,4957.0,4957,CUST-62493,App
UK-2026-101908,2026-03-22,West,Surat,Leather Wallet,Fashion,3,873.0,2619,CUST-76088,Website
UK-2026-100419,2026-01-22,East,Bhubaneswar,Smart Watch X2,Electronics,3,4362.0,13086,CUST-26426,App
UK-2026-103215,2026-05-10,South,Kochi,Silk Saree,Fashion,1,3564.0,3564,CUST-28964,App
UK-2026-104126,2026-06-07,South,Chennai,Dinner Set 24pc,Home & Kitchen,2,2457.0,4914,CUST-99586,App
UK-2026-100357,2026-01-14,West,Mumbai,Cycling Helmet,Sports,1,1670.0,1670,CUST-54874,Website
UK-2026-102843,2026-04-01,North,Gurugram,Noise-Cancelling Headphones,Electronics,1,9121.0,9121,CUST-75114,Marketplace
UK-2026-101173,2026-02-21,South,Bengaluru,Gym Gloves,Sports,1,476.0,476,CUST-96207,App
UK-2026-103630,2026-05-23,North,Noida,Cricket Bat English Willow,Sports,2,9444.0,18888,CUST-81841,Marketplace
UK-2026-100109,2026-01-11,Central,Indore,Robot Vacuum R7,Home & Kitchen,1,18956.0,18956,CUST-63040,Website
UK-2026-102856,2026-04-09,South,Kochi,Non-Stick Cookware Set,Home & Kitchen,1,2949.0,2949,CUST-78836,App
UK-2026-104920,2026-06-23,North,Noida,Mirrorless Camera Lite,Electronics,1,29684.0,29684,CUST-36688,Marketplace
UK-2026-100530,2026-01-10,North,Chandigarh,Ethnic Dupatta,Fashion,3,519.0,1557,CUST-26426,Website
UK-2026-100526,2026-01-04,West,Pune,Eau de Parfum 100ml,Beauty,1,2031.0,2031,CUST-87952,Website
UK-2026-101229,2026-02-08,Central,Raipur,Wireless Earbuds Pro,Electronics,1,2902.0,2902,CUST-43432,App
UK-2026-101647,2026-03-01,East,Kolkata,Silk Saree,Fashion,1,3349.0,3349,CUST-41171,Marketplace
UK-2026-102568,2026-04-14,West,Surat,Running Sneakers,Fashion,1,2799.0,2799,CUST-46034,App
UK-2026-102834,2026-04-23,South,Kochi,Formal Shirt,Fashion,2,1150.0,2300,CUST-25651,Website
UK-2026-102787,2026-04-09,South,Bengaluru,Adjustable Dumbbells 15kg,Sports,3,4849.0,14547,CUST-55867,Marketplace
UK-2026-102817,2026-04-21,West,Surat,Gym Gloves,Sports,1,503.0,503,CUST-40002,Website
UK-2026-102320,2026-04-24,East,Guwahati,Non-Stick Cookware Set,Home & Kitchen,1,2954.0,2954,CUST-66412,Website
UK-2026-100321,2026-01-30,Central,Raipur,Badminton Racket Set,Sports,1,2466.0,2466,CUST-67837,App
UK-2026-100182,2026-01-13,South,Kochi,Eau de Parfum 100ml,Beauty,1,2038.0,2038,CUST-86202,App
UK-2026-102417,2026-04-01,South,Hyderabad,Bluetooth Speaker Mini,Electronics,1,1491.0,1491,CUST-32085,Marketplace
UK-2026-104147,2026-06-26,South,Hyderabad,Bluetooth Speaker Mini,Electronics,1,1484.0,1484,CUST-26378,Marketplace
UK-2026-100338,2017-01-26,East,Bhubaneswar,Cricket Bat English Willow,Sports,3,8847.0,26541,CUST-53725,Website
UK-2026-101029,2026-02-23,South,Bengaluru,Badminton Racket Set,Sports,1,2586.0,2586,CUST-62999,App
UK-2026-103721,2026-05-01,South,Chennai,Foldable Treadmill T2,Sports,3,24562.0,73686,CUST-99035,App
UK-2026-104014,2026-05-04,Central,Bhopal,Wireless Earbuds Pro,Electronics,2,2921.0,5842,CUST-98323,Marketplace
UK-2026-103401,2026-05-09,South,Bengaluru,Matte Lipstick Set,Beauty,2,885.0,1770,CUST-65599,App
UK-2026-100764,2026-02-16,West,Pune,Leather Wallet,Fashion,1,883.0,883,CUST-34567,Website
UK-2026-102824,2026-04-16,West,Mumbai,Football Size 5,Sports,1,870.0,870,CUST-17640,Marketplace
UK-2026-101072,2026-02-28,West,Pune,Beard Grooming Kit,Beauty,1,973.0,973,CUST-66928,Website
UK-2026-101969,2026-03-31,North,Gurugram,Football Size 5,Sports,2,876.0,1752,CUST-32198,Marketplace
UK-2026-101364,2026-02-08,West,Ahmedabad,Non-Stick Cookware Set,Home & Kitchen,1,2860.0,2860,CUST-82834,App
UK-2026-103936,2026-05-01,South,Chennai,Robot Vacuum R7,Home & Kitchen,2,19345.0,38690,CUST-64151,App
UK-2026-102822,2026-04-23,South,Bengaluru,Formal Shirt,Fashion,1,1144.0,1144,CUST-22098,App
UK-2026-103078,2026-04-10,South,Kochi,Formal Shirt,Fashion,1,1150.0,1150,CUST-25827,App
UK-2026-103484,2026-05-30,South,Bengaluru,Formal Shirt,Fashion,2,1143.0,2286,CUST-16145,Marketplace
UK-2026-102900,2026-04-26,North,Chandigarh,Smart Watch X2,Electronics,1,4332.0,4332,CUST-54231,Marketplace
UK-2026-102272,2026-04-12,East,Guwahati,Bluetooth Speaker Mini,Electronics,4,1519.0,6076,CUST-37506,Marketplace
UK-2026-101911,2016-03-26,North,Noida,Modern Wall Clock,Home & Kitchen,4,779.0,3116,CUST-49974,App
UK-2026-100002,2026-01-06,Central,Nagpur,Mirrorless Camera Lite,Electronics,2,29137.0,58274,CUST-67463,Marketplace
UK-2026-100993,2026-02-28,West,Ahmedabad,Ethnic Dupatta,Fashion,1,495.0,495,CUST-59326,App
UK-2026-103583,2026-05-01,West,Surat,Non-Stick Cookware Set,Home & Kitchen,2,2887.0,5774,CUST-55731,Website
UK-2026-100825,2026-02-19,North,Noida,Leather Wallet,Fashion,1,922.0,922,CUST-76051,Website
UK-2026-103840,2026-05-28,North,Chandigarh,43-inch Smart TV,Electronics,1,25169.0,25169,CUST-21296,Website
UK-2026-104458,2026-06-05,South,Chennai,Noise-Cancelling Headphones,Electronics,2,8842.0,17684,CUST-47644,Website
UK-2026-103850,2026-05-05,North,Noida,Mixer Grinder 750W,Home & Kitchen,1,3170.0,3170,CUST-26153,Website
UK-2026-103399,2026-05-26,Central,Indore,Denim Jacket,Fashion,1,2184.0,2184,CUST-76747,Website
UK-2026-100496,2026-01-23,South,Chennai,Bluetooth Speaker Mini,Electronics,4,1445.0,5780,CUST-49428,Website
UK-2026-102770,2026-04-13,North,Noida,Face Wash Combo,Beauty,1,458.0,458,CUST-60664,App
UK-2026-102002,2026-03-15,East,Bhubaneswar,Mixer Grinder 750W,Home & Kitchen,2,3150.0,6300,CUST-80400,App
UK-2026-101017,2026-02-14,West,Pune,Cotton Kurta Set,Fashion,1,1339.0,1339,CUST-28944,Marketplace
UK-2026-100021,2026-01-30,South,Chennai,Wireless Earbuds Pro,Electronics,4,2899.0,11596,CUST-88462,Marketplace
UK-2026-104275,2026-06-09,North,Chandigarh,Football Size 5,Sports,1,933.0,933,CUST-45078,Website
UK-2026-102671,2026-04-13,South,Bengaluru,Non-Stick Cookware Set,Home & Kitchen,1,3039.0,3039,CUST-77649,App
UK-2026-103068,2026-04-17,West,Mumbai,Sunscreen SPF50,Beauty,1,549.0,549,CUST-80790,Website
UK-2026-100659,2026-01-07,South,Bengaluru,Running Sneakers,Fashion,3,2807.0,8421,CUST-65462,Marketplace
UK-2026-102227,2026-03-01,East,Patna,Smart Watch X2,Electronics,3,4631.0,13893,CUST-88006,Website
UK-2026-104834,2026-06-02,Central,Indore,Sunscreen SPF50,Beauty,1,537.0,537,CUST-11167,Website
UK-2026-102347,2026-04-06,North,Chandigarh,Electric Kettle 1.5L,Home & Kitchen,1,1086.0,1086,CUST-37007,App
UK-2026-102325,2026-04-29,West,Ahmedabad,Formal Shirt,Fashion,1,1065.0,1065,CUST-33053,App
UK-2026-100781,2026-02-06,West,Surat,Sunscreen SPF50,Beauty,1,531.0,531,CUST-65415,Marketplace
UK-2026-100213,2026-01-10,South,Hyderabad,Cotton Kurta Set,Fashion,1,1330.0,1330,CUST-49181,Website
UK-2026-102092,2026-03-26,North,Delhi,Ethnic Dupatta,Fashion,2,492.0,984,CUST-47172,App
UK-2026-101511,2026-03-07,West,Pune,Wireless Earbuds Pro,Electronics,1,2928.0,2928,CUST-89042,Marketplace
UK-2026-104639,2026-06-07,West,Ahmedabad,Mixer Grinder 750W,Home & Kitchen,2,3205.0,6410,CUST-18328,App
UK-2026-101404,2026-02-23,North,Delhi,Cycling Helmet,Sports,1,1610.0,1610,CUST-49452,App
UK-2026-102452,2026-04-08,North,Gurugram,Cotton Kurta Set,Fashion,1,1237.0,1237,CUST-74943,Website
UK-2026-104102,2026-06-23,Central,Nagpur,Ultrabook Air 14,Electronics,1,30722.0,30722,CUST-66928,Website
UK-2026-100600,2026-01-05,Central,Indore,43-inch Smart TV,Electronics,1,25639.0,25639,CUST-20300,App
UK-2026-104849,2026-06-30,North,Delhi,Ultrabook Air 14,Electronics,1,29143.0,29143,CUST-43196,Marketplace
UK-2026-101960,2026-03-18,South,Chennai,Cycling Helmet,Sports,1,1674.0,1674,CUST-38523,Website
UK-2026-101831,2026-03-08,South,Hyderabad,Gym Gloves,Sports,1,491.0,491,CUST-81208,App
UK-2026-100555,2025-01-26,South,Hyderabad,Mirrorless Camera Lite,Electronics,2,30159.0,60318,CUST-47021,App
UK-2026-100562,2026-01-11,East,Kolkata,Wireless Earbuds Pro,Electronics,1,3118.0,3118,CUST-83196,Website
UK-2026-102343,2026-04-08,North,Noida,Mixer Grinder 750W,Home & Kitchen,1,3369.0,3369,CUST-86557,App
UK-2026-103575,2026-05-31,West,Pune,Noise-Cancelling Headphones,Electronics,1,9253.0,9253,CUST-13680,Marketplace
UK-2026-104059,2026-06-21,West,Ahmedabad,Smart Watch X2,Electronics,1,4415.0,4415,CUST-96279,App
UK-2026-100904,2026-02-28,South,Chennai,Beard Grooming Kit,Beauty,1,983.0,983,CUST-83726,App
UK-2026-102518,2026-04-28,West,Mumbai,Dinner Set 24pc,Home & Kitchen,1,2501.0,2501,CUST-13116,Website
UK-2026-103038,2026-04-30,South,Kochi,Modern Wall Clock,Home & Kitchen,1,794.0,794,CUST-85124,Website
UK-2026-102887,2026-04-17,North,Chandigarh,Robot Vacuum R7,Home & Kitchen,2,18637.0,37274,CUST-66875,Marketplace
UK-2026-103403,2026-05-08,South,Bengaluru,Mixer Grinder 750W,Home & Kitchen,1,3211.0,3211,CUST-60673,Marketplace
UK-2026-101037,2026-02-26,North,Gurugram,Running Sneakers,Fashion,1,2807.0,2807,CUST-79027,App
UK-2026-103893,2026-05-28,Central,Nagpur,Eau de Parfum 100ml,Beauty,2,1943.0,3886,CUST-94986,Website
UK-2026-101467,2026-03-09,South,Bengaluru,Denim Jacket,Fashion,1,2207.0,2207,CUST-21239,App
UK-2026-100382,2026-01-04,North,Chandigarh,Power Bank 20000mAh,Electronics,1,1724.0,1724,CUST-29806,Marketplace
UK-2026-104494,2026-06-02,West,Surat,Power Bank 20000mAh,Electronics,1,1727.0,1727,CUST-78869,Marketplace
UK-2026-101739,2026-03-19,West,Surat,Silk Saree,Fashion,1,3573.0,3573,CUST-22775,App
UK-2026-104536,2026-06-03,West,Ahmedabad,Running Sneakers,Fashion,2,2919.0,5838,CUST-62793,Marketplace
UK-2026-102957,2026-04-29,North,Chandigarh,Cotton Kurta Set,Fashion,2,1295.0,2590,CUST-89866,App
UK-2026-104419,2026-06-26,South,Kochi,Leather Wallet,Fashion,2,895.0,1790,CUST-29063,Website
UK-2026-103282,2026-05-26,West,Surat,Cricket Bat English Willow,Sports,1,9101.0,9101,CUST-50776,Marketplace
UK-2026-100996,2026-02-13,South,Chennai,Slim Fit Jeans,Fashion,1,1544.0,1544,CUST-45002,Marketplace
UK-2026-100573,2026-01-03,South,Bengaluru,Vitamin C Serum,Beauty,1,704.0,704,CUST-81841,Website
UK-2026-104774,2026-06-25,South,Chennai,Formal Shirt,Fashion,1,1153.0,1153,CUST-68908,Website
UK-2026-103159,2026-05-20,North,Noida,Matte Lipstick Set,Beauty,1,932.0,932,CUST-63024,Website
UK-2026-102023,2026-03-05,East,Patna,43-inch Smart TV,Electronics,2,26122.0,52244,CUST-74097,App
UK-2026-101430,2026-02-01,North,Noida,Modern Wall Clock,Home & Kitchen,1,782.0,782,CUST-52787,App
UK-2026-101736,2026-03-02,East,Kolkata,Running Sneakers,Fashion,1,2871.0,2871,CUST-45768,Website
UK-2026-101559,2026-03-27,North,Gurugram,Eau de Parfum 100ml,Beauty,3,2000.0,6000,CUST-23152,Marketplace
UK-2026-102918,2026-04-22,North,Gurugram,Denim Jacket,Fashion,4,2306.0,9224,CUST-69637,Website
UK-2026-100414,2026-01-16,West,Mumbai,Robot Vacuum R7,Home & Kitchen,1,18503.0,18503,CUST-34914,App
UK-2026-104825,2026-06-07,South,Bengaluru,Gym Gloves,Sports,1,517.0,517,CUST-21572,App
UK-2026-100365,2024-01-26,North,Chandigarh,Denim Jacket,Fashion,1,2177.0,2177,CUST-73384,App
UK-2026-101550,2026-03-26,Central,Indore,Silk Saree,Fashion,1,3559.0,3559,CUST-42078,Website
UK-2026-102501,2026-04-07,East,Kolkata,Bluetooth Speaker Mini,Electronics,1,1566.0,1566,CUST-32491,Marketplace
UK-2026-100785,2026-02-23,North,Noida,Smart Watch X2,Electronics,2,4678.0,9356,CUST-30240,App
UK-2026-104622,2026-06-01,East,Patna,Dinner Set 24pc,Home & Kitchen,1,2425.0,2425,CUST-74943,App
UK-2026-100626,2026-01-29,South,Bengaluru,Smart Watch X2,Electronics,1,4445.0,4445,CUST-11494,Marketplace
UK-2026-100872,2026-02-07,North,Gurugram,Leather Wallet,Fashion,2,926.0,1852,CUST-59119,Website
UK-2026-104715,2026-06-24,North,Gurugram,Smart Watch X2,Electronics,4,4670.0,18680,CUST-25843,Marketplace
UK-2026-102363,2026-04-04,South,Hyderabad,Yoga Mat Pro,Sports,2,1257.0,2514,CUST-29909,Marketplace
UK-2026-102302,2026-04-01,West,Pune,Leather Wallet,Fashion,1,897.0,897,CUST-18161,Marketplace
UK-2026-103724,2026-05-06,West,Mumbai,Formal Shirt,Fashion,2,1145.0,2290,CUST-70362,Website
UK-2026-102478,2026-04-09,West,Surat,Power Bank 20000mAh,Electronics,1,1755.0,1755,CUST-12918,Marketplace
UK-2026-104471,2026-06-27,West,Ahmedabad,Ionic Hair Dryer,Beauty,3,1901.0,5703,CUST-87129,App
UK-2026-100486,2026-01-09,West,Surat,Slim Fit Jeans,Fashion,1,1561.0,1561,CUST-35917,App
UK-2026-102207,2026-03-18,South,Kochi,Foldable Treadmill T2,Sports,3,25589.0,76767,CUST-15021,App
UK-2026-101208,2026-02-27,Central,Raipur,Smart Watch X2,Electronics,2,4322.0,8644,CUST-28689,App
UK-2026-101446,2026-02-21,Central,Bhopal,Air Fryer 5L,Home & Kitchen,1,5695.0,5695,CUST-82749,Website
UK-2026-100621,2026-01-16,South,Bengaluru,Smart Watch X2,Electronics,2,4531.0,9062,CUST-75114,App
UK-2026-101316,2026-02-12,East,Guwahati,Cricket Bat English Willow,Sports,1,8803.0,8803,CUST-83647,App
UK-2026-103669,2026-05-07,South,Kochi,Ethnic Dupatta,Fashion,3,484.0,1452,CUST-77649,Website
UK-2026-103374,2026-05-23,North,Delhi,Running Sneakers,Fashion,2,2776.0,5552,CUST-51170,Website
UK-2026-101711,2026-03-29,South,Bengaluru,Bluetooth Speaker Mini,Electronics,3,1540.0,4620,CUST-87438,Marketplace
UK-2026-103280,2026-05-06,North,Delhi,Makeup Brush Set,Beauty,1,1234.0,1234,CUST-16773,App
UK-2026-102038,2026-03-14,East,Bhubaneswar,Modern Wall Clock,Home & Kitchen,1,782.0,782,CUST-99134,App
UK-2026-100185,2026-01-09,East,Patna,Leather Wallet,Fashion,2,941.0,1882,CUST-13844,Website
UK-2026-104031,2026-06-14,West,Pune,Cotton Bedsheet Set,Home & Kitchen,2,1335.0,2670,CUST-78247,Website
UK-2026-100511,2026-01-05,North,Noida,Slim Fit Jeans,Fashion,1,1539.0,1539,CUST-80580,App
UK-2026-100308,2026-01-27,East,Bhubaneswar,Beard Grooming Kit,Beauty,1,1002.0,1002,CUST-91607,App
UK-2026-100079,2026-01-07,North,Gurugram,43-inch Smart TV,Electronics,1,25920.0,25920,CUST-56316,Website
UK-2026-101069,2026-02-21,West,Pune,Noise-Cancelling Headphones,Electronics,1,9245.0,9245,CUST-47205,Website
UK-2026-100341,2026-01-24,North,Gurugram,43-inch Smart TV,Electronics,1,25547.0,25547,CUST-55348,Marketplace
UK-2026-102222,2026-03-16,North,Noida,Mixer Grinder 750W,Home & Kitchen,1,3287.0,3287,CUST-26944,Website
UK-2026-100188,2026-01-18,North,Noida,Running Sneakers,Fashion,2,2722.0,5444,CUST-27112,Website
UK-2026-103688,2026-05-30,East,Kolkata,Football Size 5,Sports,1,885.0,885,CUST-81873,App
UK-2026-102527,2026-04-02,East,Patna,Yoga Mat Pro,Sports,1,1139.0,1139,CUST-97129,Website
UK-2026-103762,2026-05-25,West,Mumbai,Air Fryer 5L,Home & Kitchen,2,5271.0,10542,CUST-74063,Website
UK-2026-104990,2026-06-06,Central,Indore,Modern Wall Clock,Home & Kitchen,2,838.0,1676,CUST-87425,Marketplace
UK-2026-101735,2026-03-23,West,Pune,Cotton Bedsheet Set,Home & Kitchen,2,1387.0,2774,CUST-68561,App
UK-2026-103897,2026-05-26,East,Bhubaneswar,43-inch Smart TV,Electronics,1,26227.0,26227,CUST-31342,App
UK-2026-100924,2026-02-12,West,Ahmedabad,Wireless Earbuds Pro,Electronics,1,2940.0,2940,CUST-21401,Marketplace
UK-2026-100051,2026-01-05,West,Mumbai,Formal Shirt,Fashion,2,1085.0,2170,CUST-24148,Marketplace
UK-2026-102723,2026-04-24,Central,Raipur,Denim Jacket,Fashion,2,2137.0,4274,CUST-51824,Website
UK-2026-102628,2026-04-14,Central,Bhopal,Adjustable Dumbbells 15kg,Sports,1,5066.0,5066,CUST-35901,Marketplace
UK-2026-104375,2026-06-26,East,Kolkata,43-inch Smart TV,Electronics,1,25572.0,25572,CUST-36375,Marketplace
UK-2026-102724,2026-04-18,South,Bengaluru,Bluetooth Speaker Mini,Electronics,1,1511.0,1511,CUST-50837,App
UK-2026-104504,2026-06-08,South,Hyderabad,Dinner Set 24pc,Home & Kitchen,1,2555.0,2555,CUST-62693,App
UK-2026-101668,2026-03-14,South,Chennai,Electric Kettle 1.5L,Home & Kitchen,1,1069.0,1069,CUST-73739,Website
UK-2026-101028,2026-02-20,South,Chennai,Smart Watch X2,Electronics,1,4351.0,4351,CUST-34992,App
UK-2026-102453,2026-04-14,North,Chandigarh,Football Size 5,Sports,1,860.0,860,CUST-46122,Website
UK-2026-104579,2026-06-02,West,Ahmedabad,Smart Watch X2,Electronics,1,4457.0,4457,CUST-48555,Marketplace
UK-2026-102508,2026-04-18,East,Bhubaneswar,Silk Saree,Fashion,1,3491.0,3491,CUST-33091,App
UK-2026-101189,2026-02-14,West,Mumbai,Slim Fit Jeans,Fashion,4,1671.0,6684,CUST-71579,App
UK-2026-102499,2026-04-27,West,Mumbai,Formal Shirt,Fashion,1,1147.0,1147,CUST-76875,Marketplace
UK-2026-102726,2026-04-14,North,Delhi,Modern Wall Clock,Home & Kitchen,2,825.0,1650,CUST-98338,Website
UK-2026-102567,2026-04-23,West,Pune,Football Size 5,Sports,2,915.0,1830,CUST-71029,Marketplace
UK-2026-104365,2026-06-05,South,Chennai,Gym Gloves,Sports,1,515.0,515,CUST-99089,Marketplace
UK-2026-100310,2026-01-05,South,Bengaluru,Wireless Earbuds Pro,Electronics,1,2929.0,2929,CUST-77360,Website
UK-2026-101219,2026-02-04,Central,Indore,Air Fryer 5L,Home & Kitchen,1,5260.0,5260,CUST-93685,App
UK-2026-103029,2026-04-26,East,Patna,43-inch Smart TV,Electronics,1,25212.0,25212,CUST-41026,Website
UK-2026-104342,2026-06-21,North,Noida,Mixer Grinder 750W,Home & Kitchen,1,3337.0,3337,CUST-24214,Website
UK-2026-104836,2026-06-21,North,Noida,Vitamin C Serum,Beauty,1,730.0,730,CUST-55898,App
UK-2026-100648,2026-01-29,North,Delhi,Mixer Grinder 750W,Home & Kitchen,2,3351.0,6702,CUST-40937,App
UK-2026-100895,2026-02-13,North,Noida,Ultrabook Air 14,Electronics,2,30675.0,61350,CUST-32198,App
UK-2026-103210,2026-05-01,North,Delhi,Air Fryer 5L,Home & Kitchen,1,5281.0,5281,CUST-18712,Website
UK-2026-101846,2026-03-01,North,Delhi,Formal Shirt,Fashion,2,1089.0,2178,CUST-15200,App
UK-2026-102637,2026-04-23,South,Bengaluru,Ultrabook Air 14,Electronics,1,30445.0,30445,CUST-61950,App
UK-2026-102223,2026-03-12,South,Kochi,Silk Saree,Fashion,3,3627.0,10881,CUST-89878,App
UK-2026-103138,2026-05-19,North,Noida,Robot Vacuum R7,Home & Kitchen,1,18958.0,18958,CUST-67230,Website
UK-2026-103847,2026-05-23,East,Guwahati,Non-Stick Cookware Set,Home & Kitchen,1,2946.0,2946,CUST-61512,Marketplace
UK-2026-103046,2026-04-16,West,Ahmedabad,Leather Wallet,Fashion,3,899.0,2697,CUST-49632,Website
UK-2026-102127,2026-03-17,North,Chandigarh,Slim Fit Jeans,Fashion,1,1556.0,1556,CUST-86407,Website
UK-2026-100700,2026-01-25,South,Bengaluru,Yoga Mat Pro,Sports,1,1235.0,1235,CUST-43882,Marketplace
UK-2026-101379,2026-02-03,South,Kochi,Eau de Parfum 100ml,Beauty,1,1977.0,1977,CUST-21688,Website
UK-2026-100773,2026-02-17,West,Pune,Ultrabook Air 14,Electronics,1,30595.0,30595,CUST-40728,App
UK-2026-104491,2026-06-24,East,Bhubaneswar,Gym Gloves,Sports,1,519.0,519,CUST-88006,App
UK-2026-104149,2026-06-15,South,Bengaluru,Noise-Cancelling Headphones,Electronics,1,8763.0,8763,CUST-39515,Marketplace
UK-2026-103262,2026-05-15,West,Pune,Ultrabook Air 14,Electronics,2,28829.0,57658,CUST-56836,App
UK-2026-103820,2026-05-24,North,Noida,Electric Kettle 1.5L,Home & Kitchen,1,1114.0,1114,CUST-51514,App
UK-2026-101931,2026-03-26,North,Noida,43-inch Smart TV,Electronics,1,25940.0,25940,CUST-62999,App
UK-2026-104932,2026-06-11,West,Surat,Beard Grooming Kit,Beauty,1,1001.0,1001,CUST-59430,Marketplace
UK-2026-103642,2026-05-31,South,Kochi,Non-Stick Cookware Set,Home & Kitchen,1,3003.0,3003,CUST-64135,App
UK-2026-104438,2026-06-21,North,Chandigarh,Smart Watch X2,Electronics,1,4368.0,4368,CUST-54395,App
UK-2026-100072,2026-01-10,West,Mumbai,Silk Saree,Fashion,1,3472.0,3472,CUST-74596,App
UK-2026-101061,2026-02-27,South,Bengaluru,Formal Shirt,Fashion,1,1111.0,1111,CUST-25714,Marketplace
UK-2026-102124,2026-03-25,East,Kolkata,Cotton Kurta Set,Fashion,1,1271.0,1271,CUST-45723,Website
UK-2026-100221,2026-01-06,South,Hyderabad,Dinner Set 24pc,Home & Kitchen,1,2543.0,2543,CUST-12352,App
UK-2026-102974,2026-04-14,South,Hyderabad,Face Wash Combo,Beauty,1,453.0,453,CUST-33467,Website
UK-2026-102462,2026-04-11,North,Noida,Formal Shirt,Fashion,2,1133.0,2266,CUST-49391,App
UK-2026-102091,2026-03-25,South,Kochi,Beard Grooming Kit,Beauty,1,1003.0,1003,CUST-22089,Website
UK-2026-102157,2026-03-16,South,Bengaluru,Matte Lipstick Set,Beauty,1,890.0,890,CUST-75820,App
UK-2026-103103,2026-05-15,South,Kochi,Mixer Grinder 750W,Home & Kitchen,1,3346.0,3346,CUST-72593,Website
UK-2026-102420,2026-04-27,North,Noida,Dinner Set 24pc,Home & Kitchen,1,2596.0,2596,CUST-60583,App
UK-2026-102439,2026-04-25,North,Noida,Robot Vacuum R7,Home & Kitchen,1,19792.0,19792,CUST-70607,App
UK-2026-103992,2026-05-23,North,Noida,Badminton Racket Set,Sports,1,2581.0,2581,CUST-19965,Website
UK-2026-103828,2026-05-04,North,Noida,Slim Fit Jeans,Fashion,1,1612.0,1612,CUST-15445,App
UK-2026-101986,2026-03-01,West,Pune,Noise-Cancelling Headphones,Electronics,1,8930.0,8930,CUST-18089,App
UK-2026-103551,2026-05-03,East,Guwahati,Ultrabook Air 14,Electronics,2,29966.0,59932,CUST-70729,Marketplace
UK-2026-104607,2026-06-23,South,Hyderabad,Power Bank 20000mAh,Electronics,2,1866.0,3732,CUST-95311,Marketplace
UK-2026-101534,2026-03-06,South,Bengaluru,Face Wash Combo,Beauty,3,460.0,1380,CUST-59254,Website
UK-2026-100458,2026-01-13,South,Chennai,Ethnic Dupatta,Fashion,1,510.0,510,CUST-82515,Website
UK-2026-101027,2026-02-27,South,Bengaluru,Cotton Bedsheet Set,Home & Kitchen,1,1351.0,1351,CUST-13632,Website
UK-2026-104957,2026-06-27,North,Noida,Non-Stick Cookware Set,Home & Kitchen,1,3030.0,3030,CUST-56299,App
UK-2026-103235,2026-05-16,Central,Bhopal,Power Bank 20000mAh,Electronics,1,1820.0,1820,CUST-41578,Marketplace
UK-2026-100499,2026-01-07,North,Chandigarh,Wireless Earbuds Pro,Electronics,2,2963.0,5926,CUST-57337,Website
UK-2026-101583,2026-03-09,West,Surat,Smart Watch X2,Electronics,1,4523.0,4523,CUST-16809,Marketplace
UK-2026-100400,2026-01-22,North,Delhi,Face Wash Combo,Beauty,3,430.0,1290,CUST-82515,Marketplace
UK-2026-102393,2026-04-16,West,Ahmedabad,Smart Watch X2,Electronics,1,4672.0,4672,CUST-39803,Marketplace
UK-2026-101685,2026-03-07,East,Bhubaneswar,Football Size 5,Sports,1,860.0,860,CUST-81283,App
UK-2026-101655,2026-03-07,North,Chandigarh,Silk Saree,Fashion,2,3543.0,7086,CUST-74402,App
UK-2026-101745,2026-03-23,West,Surat,Power Bank 20000mAh,Electronics,1,1758.0,1758,CUST-62793,Marketplace
UK-2026-101127,2026-02-07,South,Kochi,Cycling Helmet,Sports,2,1629.0,3258,CUST-78102,Website
UK-2026-100258,2026-01-21,East,Bhubaneswar,Gym Gloves,Sports,3,512.0,1536,CUST-29396,Website
UK-2026-104262,2026-06-27,North,Noida,Non-Stick Cookware Set,Home & Kitchen,1,2890.0,2890,CUST-41311,App
UK-2026-100644,2026-01-11,North,Chandigarh,Foldable Treadmill T2,Sports,1,24671.0,24671,CUST-33091,Website
UK-2026-104080,2026-06-15,Central,Bhopal,Badminton Racket Set,Sports,1,2480.0,2480,CUST-21296,App
UK-2026-100609,2026-01-08,West,Ahmedabad,Noise-Cancelling Headphones,Electronics,1,8812.0,8812,CUST-88933,App
UK-2026-100999,2026-02-11,West,Mumbai,Yoga Mat Pro,Sports,1,1233.0,1233,CUST-82749,Website
UK-2026-100139,2026-01-28,North,Chandigarh,43-inch Smart TV,Electronics,1,25933.0,25933,CUST-60271,Marketplace
UK-2026-102094,2026-03-11,South,Bengaluru,Vitamin C Serum,Beauty,2,682.0,1364,CUST-38307,App
UK-2026-101914,2026-03-23,North,Chandigarh,Modern Wall Clock,Home & Kitchen,1,778.0,778,CUST-74943,App
UK-2026-104197,2026-06-04,West,Ahmedabad,Sunscreen SPF50,Beauty,1,567.0,567,CUST-79332,App
UK-2026-101315,2026-02-12,Central,Nagpur,Robot Vacuum R7,Home & Kitchen,1,18495.0,18495,CUST-59219,Website
UK-2026-104406,2026-06-01,South,Hyderabad,Sunscreen SPF50,Beauty,1,523.0,523,CUST-59749,App
UK-2026-102922,2026-04-24,South,Bengaluru,Matte Lipstick Set,Beauty,1,932.0,932,CUST-23291,Website
UK-2026-100078,2026-01-11,West,Ahmedabad,Matte Lipstick Set,Beauty,1,855.0,855,CUST-16478,App
UK-2026-102948,2026-04-03,North,Gurugram,Adjustable Dumbbells 15kg,Sports,1,5036.0,5036,CUST-45768,App
UK-2026-103255,2026-05-07,West,Mumbai,Yoga Mat Pro,Sports,1,1153.0,1153,CUST-10709,App
UK-2026-103146,2026-05-20,East,Kolkata,Wireless Earbuds Pro,Electronics,1,2852.0,2852,CUST-44021,Marketplace
UK-2026-104561,2026-06-11,East,Guwahati,Power Bank 20000mAh,Electronics,2,1793.0,3586,CUST-59155,App
UK-2026-102081,2026-03-13,South,Bengaluru,Running Sneakers,Fashion,1,2931.0,2931,CUST-57436,Marketplace
UK-2026-103900,2026-05-17,South,Hyderabad,Bluetooth Speaker Mini,Electronics,1,1485.0,1485,CUST-76118,Marketplace
UK-2026-104203,2026-06-18,South,Bengaluru,Bluetooth Speaker Mini,Electronics,2,1556.0,3112,CUST-88911,Marketplace
UK-2026-101160,2026-02-03,East,Kolkata,Ultrabook Air 14,Electronics,1,29494.0,29494,CUST-27271,Website
UK-2026-100035,2026-01-18,South,Bengaluru,Noise-Cancelling Headphones,Electronics,1,9423.0,9423,CUST-79393,App
UK-2026-100795,2026-02-17,North,Chandigarh,43-inch Smart TV,Electronics,2,26890.0,53780,CUST-51730,App
UK-2026-102129,2026-03-01,South,Chennai,Ionic Hair Dryer,Beauty,1,1868.0,1868,CUST-57436,Marketplace
UK-2026-104843,2026-06-02,East,Bhubaneswar,Leather Wallet,Fashion,1,926.0,926,CUST-10555,App
UK-2026-101553,2026-03-28,South,Hyderabad,Smart Watch X2,Electronics,1,4632.0,4632,CUST-85271,App
UK-2026-103396,2026-05-28,North,Chandigarh,Wireless Earbuds Pro,Electronics,2,3033.0,6066,CUST-39803,Website
UK-2026-103692,2026-05-24,West,Surat,Smart Watch X2,Electronics,1,4424.0,4424,CUST-66993,Website
UK-2026-104864,2026-06-11,North,Gurugram,Power Bank 20000mAh,Electronics,1,1786.0,1786,CUST-25463,Marketplace
UK-2026-102399,2026-04-06,East,Guwahati,Running Sneakers,Fashion,2,2904.0,5808,CUST-71112,Marketplace
UK-2026-104765,2026-06-12,West,Ahmedabad,Noise-Cancelling Headphones,Electronics,1,8698.0,8698,CUST-50385,Marketplace
UK-2026-103628,2026-05-10,North,Chandigarh,Denim Jacket,Fashion,1,2297.0,2297,CUST-58111,App
UK-2026-102784,2026-04-11,West,Mumbai,Ethnic Dupatta,Fashion,1,492.0,492,CUST-94153,App
UK-2026-103264,2026-05-04,North,Delhi,Cricket Bat English Willow,Sports,1,8574.0,8574,CUST-10129,Website
UK-2026-101701,2026-03-06,Central,Bhopal,Gym Gloves,Sports,2,494.0,988,CUST-51862,Website
UK-2026-102610,2026-04-21,West,Pune,Denim Jacket,Fashion,1,2141.0,2141,CUST-44021,App
UK-2026-104899,2001-06-26,South,Hyderabad,Football Size 5,Sports,1,919.0,919,CUST-52183,App
UK-2026-104904,2026-06-29,South,Hyderabad,Power Bank 20000mAh,Electronics,1,1876.0,1876,CUST-62298,App
UK-2026-100643,2031-01-26,South,Chennai,43-inch Smart TV,Electronics,2,26753.0,53506,CUST-80543,App
UK-2026-103172,2026-05-16,North,Noida,Modern Wall Clock,Home & Kitchen,2,814.0,1628,CUST-41171,Marketplace
UK-2026-102009,2026-03-27,South,Kochi,Foldable Treadmill T2,Sports,1,24111.0,24111,CUST-74430,Website
UK-2026-100520,2026-01-12,Central,Indore,Running Sneakers,Fashion,2,2750.0,5500,CUST-70612,App
UK-2026-103845,2026-05-29,East,Bhubaneswar,Vitamin C Serum,Beauty,1,715.0,715,CUST-15733,Website
UK-2026-100266,2026-01-07,East,Bhubaneswar,Slim Fit Jeans,Fashion,1,1530.0,1530,CUST-21971,Website
UK-2026-104742,2026-06-02,West,Surat,Air Fryer 5L,Home & Kitchen,2,5417.0,10834,CUST-89274,Website
UK-2026-100713,2026-01-09,East,Bhubaneswar,Sunscreen SPF50,Beauty,1,522.0,522,CUST-58381,Website
UK-2026-104773,2026-06-17,West,Ahmedabad,Makeup Brush Set,Beauty,2,1276.0,2552,CUST-49632,Website
UK-2026-101447,2026-02-08,East,Kolkata,Running Sneakers,Fashion,1,2675.0,2675,CUST-81841,App
UK-2026-103562,2026-05-19,South,Kochi,Denim Jacket,Fashion,1,2252.0,2252,CUST-97959,Website
UK-2026-103676,2026-05-28,Central,Nagpur,43-inch Smart TV,Electronics,1,24999.0,24999,CUST-21688,App
UK-2026-102561,2026-04-04,North,Chandigarh,Foldable Treadmill T2,Sports,1,26055.0,26055,CUST-68888,App
UK-2026-103927,2026-05-05,North,Chandigarh,Robot Vacuum R7,Home & Kitchen,2,19832.0,39664,CUST-52880,App
UK-2026-101042,2026-02-17,West,Ahmedabad,Smart Watch X2,Electronics,1,4538.0,4538,CUST-45744,App
UK-2026-102605,2026-04-04,West,Surat,Running Sneakers,Fashion,1,2773.0,2773,CUST-88933,App
UK-2026-101035,2026-02-22,West,Surat,Air Fryer 5L,Home & Kitchen,1,5376.0,5376,CUST-65326,Marketplace
UK-2026-104500,2026-06-15,Central,Bhopal,Noise-Cancelling Headphones,Electronics,1,8777.0,8777,CUST-45022,Marketplace
UK-2026-100525,2026-01-25,East,Patna,Ionic Hair Dryer,Beauty,1,1951.0,1951,CUST-51096,App
UK-2026-102190,2026-03-02,West,Ahmedabad,Wireless Earbuds Pro,Electronics,1,3008.0,3008,CUST-62770,Website
UK-2026-102803,2026-04-01,North,Delhi,Badminton Racket Set,Sports,1,2537.0,2537,CUST-74596,Marketplace
UK-2026-103639,2026-05-11,South,Kochi,Noise-Cancelling Headphones,Electronics,2,8955.0,17910,CUST-45199,Website
UK-2026-100333,2026-01-10,East,Guwahati,Smart Watch X2,Electronics,1,4688.0,4688,CUST-71622,App
UK-2026-103800,2026-05-17,North,Chandigarh,Robot Vacuum R7,Home & Kitchen,2,18725.0,37450,CUST-76863,Website
UK-2026-101179,2026-02-16,South,Hyderabad,Formal Shirt,Fashion,2,1094.0,2188,CUST-98357,Website
UK-2026-102330,2026-04-19,North,Gurugram,Adjustable Dumbbells 15kg,Sports,1,5115.0,5115,CUST-95324,App
UK-2026-104858,2026-06-16,South,Kochi,Non-Stick Cookware Set,Home & Kitchen,1,2891.0,2891,CUST-36401,Website
UK-2026-104845,2026-06-07,South,Chennai,Formal Shirt,Fashion,1,1070.0,1070,CUST-78102,App
UK-2026-101052,2026-02-15,North,Chandigarh,Wireless Earbuds Pro,Electronics,4,2866.0,11464,CUST-36401,Marketplace
UK-2026-102237,2026-03-07,North,Chandigarh,43-inch Smart TV,Electronics,2,27155.0,54310,CUST-18274,Website
UK-2026-102351,2026-04-11,East,Guwahati,Adjustable Dumbbells 15kg,Sports,1,5069.0,5069,CUST-87857,App
UK-2026-101615,2026-03-08,North,Noida,Robot Vacuum R7,Home & Kitchen,2,18260.0,36520,CUST-25349,Marketplace
UK-2026-100997,2026-02-12,West,Pune,Sunscreen SPF50,Beauty,1,566.0,566,CUST-66718,App
UK-2026-103022,2026-04-18,South,Hyderabad,Matte Lipstick Set,Beauty,1,867.0,867,CUST-48031,Marketplace
UK-2026-102711,2026-04-01,West,Mumbai,Leather Wallet,Fashion,1,905.0,905,CUST-24275,Website
UK-2026-101563,2026-03-31,East,Bhubaneswar,Vitamin C Serum,Beauty,1,693.0,693,CUST-74718,Website
UK-2026-102778,2026-04-01,South,Bengaluru,Ethnic Dupatta,Fashion,1,519.0,519,CUST-94386,Marketplace
UK-2026-103681,2026-05-18,South,Bengaluru,Formal Shirt,Fashion,1,1080.0,1080,CUST-27294,Marketplace
UK-2026-100778,2026-02-20,East,Kolkata,Slim Fit Jeans,Fashion,2,1555.0,3110,CUST-18070,App
UK-2026-100103,2026-01-23,West,Ahmedabad,Ultrabook Air 14,Electronics,2,30274.0,60548,CUST-66928,Website
UK-2026-100941,2008-02-26,Central,Nagpur,Denim Jacket,Fashion,1,2150.0,2150,CUST-61826,Marketplace
UK-2026-101834,2026-03-26,South,Chennai,Smart Watch X2,Electronics,1,4488.0,4488,CUST-96600,Marketplace
UK-2026-104720,2026-06-06,West,Ahmedabad,Formal Shirt,Fashion,1,1109.0,1109,CUST-16842,App
UK-2026-100954,2026-02-27,South,Kochi,Gym Gloves,Sports,1,505.0,505,CUST-18703,Website
UK-2026-101220,2026-02-01,East,Kolkata,Cotton Kurta Set,Fashion,1,1260.0,1260,CUST-58407,App
UK-2026-104489,2026-06-28,Central,Bhopal,43-inch Smart TV,Electronics,2,26604.0,53208,CUST-93823,App
UK-2026-102115,2026-03-16,North,Gurugram,Power Bank 20000mAh,Electronics,1,1856.0,1856,CUST-79332,App
UK-2026-100115,2026-01-06,South,Kochi,Robot Vacuum R7,Home & Kitchen,1,19596.0,19596,CUST-97867,App
UK-2026-101777,2026-03-30,South,Bengaluru,Silk Saree,Fashion,1,3361.0,3361,CUST-83437,App
UK-2026-101813,2026-03-05,East,Patna,Running Sneakers,Fashion,1,2723.0,2723,CUST-56316,App
UK-2026-100472,2026-01-27,Central,Nagpur,Electric Kettle 1.5L,Home & Kitchen,2,1121.0,2242,CUST-88395,Marketplace
UK-2026-104461,2026-06-28,North,Noida,Air Fryer 5L,Home & Kitchen,2,5541.0,11082,CUST-82247,Marketplace
UK-2026-104328,2026-06-08,North,Delhi,Mixer Grinder 750W,Home & Kitchen,1,3317.0,3317,CUST-79395,Marketplace
UK-2026-103855,2026-05-17,South,Hyderabad,Adjustable Dumbbells 15kg,Sports,1,5173.0,5173,CUST-89934,Website
UK-2026-104066,2026-06-26,South,Hyderabad,Cotton Bedsheet Set,Home & Kitchen,1,1352.0,1352,CUST-24354,Marketplace
UK-2026-104121,2026-06-23,West,Ahmedabad,Gym Gloves,Sports,1,494.0,494,CUST-43130,Marketplace
UK-2026-100801,2026-02-15,West,Ahmedabad,Silk Saree,Fashion,1,3515.0,3515,CUST-96016,Website
UK-2026-100867,2026-02-25,North,Gurugram,Eau de Parfum 100ml,Beauty,1,1977.0,1977,CUST-96738,Website
UK-2026-103939,2026-05-31,South,Chennai,Electric Kettle 1.5L,Home & Kitchen,2,1046.0,2092,CUST-48467,App
UK-2026-101786,2026-03-30,West,Ahmedabad,Cotton Kurta Set,Fashion,1,1280.0,1280,CUST-70321,Website
UK-2026-103842,2026-05-15,Central,Bhopal,Mirrorless Camera Lite,Electronics,1,29973.0,29973,CUST-15171,Website
UK-2026-102146,2026-03-07,North,Delhi,Wireless Earbuds Pro,Electronics,2,2997.0,5994,CUST-82210,Marketplace
UK-2026-102579,2026-04-18,North,Gurugram,Formal Shirt,Fashion,1,1116.0,1116,CUST-71957,App
UK-2026-101413,2026-02-15,West,Surat,Adjustable Dumbbells 15kg,Sports,1,4832.0,4832,CUST-56183,Marketplace
UK-2026-102902,2026-04-10,South,Chennai,Cricket Bat English Willow,Sports,1,8890.0,8890,CUST-11235,Website
UK-2026-104151,2026-06-15,West,Pune,Ultrabook Air 14,Electronics,1,30905.0,30905,CUST-13844,Marketplace
UK-2026-104382,2026-06-11,North,Noida,Adjustable Dumbbells 15kg,Sports,2,5160.0,10320,CUST-42078,Marketplace
UK-2026-104714,2026-06-03,North,Gurugram,Non-Stick Cookware Set,Home & Kitchen,1,2798.0,2798,CUST-55379,App
UK-2026-104440,2026-06-10,South,Kochi,Bluetooth Speaker Mini,Electronics,2,1551.0,3102,CUST-95413,Marketplace
UK-2026-102667,2026-04-24,East,Patna,Dinner Set 24pc,Home & Kitchen,1,2551.0,2551,CUST-36239,Marketplace
UK-2026-102971,2026-04-05,West,Surat,Denim Jacket,Fashion,1,2185.0,2185,CUST-94646,Marketplace
UK-2026-100415,2026-01-26,North,Delhi,Silk Saree,Fashion,2,3381.0,6762,CUST-16145,Website
UK-2026-100983,2026-02-09,North,Delhi,Beard Grooming Kit,Beauty,1,979.0,979,CUST-50837,Marketplace
UK-2026-101781,2026-03-16,North,Delhi,Foldable Treadmill T2,Sports,2,24776.0,49552,CUST-88208,Website
UK-2026-104869,2026-06-27,South,Hyderabad,Mixer Grinder 750W,Home & Kitchen,1,3341.0,3341,CUST-82617,App
UK-2026-102297,2026-04-22,West,Surat,Ultrabook Air 14,Electronics,1,30130.0,30130,CUST-85517,Website
UK-2026-101155,2026-02-02,North,Gurugram,Adjustable Dumbbells 15kg,Sports,2,5169.0,10338,CUST-31342,Website
UK-2026-100513,2026-01-31,North,Gurugram,Cycling Helmet,Sports,1,1588.0,1588,CUST-22103,App
UK-2026-104965,2026-06-27,South,Kochi,Beard Grooming Kit,Beauty,1,961.0,961,CUST-84736,Website
UK-2026-103236,2014-05-26,West,Surat,Leather Wallet,Fashion,1,900.0,900,CUST-59529,App
UK-2026-103440,2026-05-15,West,Surat,Ethnic Dupatta,Fashion,1,509.0,509,CUST-45339,Website
UK-2026-103476,2026-05-02,North,Gurugram,Wireless Earbuds Pro,Electronics,3,3147.0,9441,CUST-11332,Marketplace
UK-2026-100672,2028-01-26,West,Mumbai,Slim Fit Jeans,Fashion,1,1571.0,1571,CUST-92150,Website
UK-2026-100812,2026-02-11,East,Kolkata,Air Fryer 5L,Home & Kitchen,1,5236.0,5236,CUST-52809,App
UK-2026-104462,2026-06-15,West,Surat,Denim Jacket,Fashion,2,2125.0,4250,CUST-55731,App
UK-2026-104737,2026-06-11,North,Noida,Eau de Parfum 100ml,Beauty,1,2007.0,2007,CUST-36906,App
UK-2026-103129,2026-05-26,South,Chennai,Beard Grooming Kit,Beauty,2,995.0,1990,CUST-65167,App
UK-2026-104234,2026-06-23,West,Mumbai,Ultrabook Air 14,Electronics,1,29601.0,29601,CUST-25357,Marketplace
UK-2026-102849,2026-04-06,South,Chennai,Robot Vacuum R7,Home & Kitchen,1,19098.0,19098,CUST-58173,Website
UK-2026-100200,2026-01-26,South,Bengaluru,Cotton Kurta Set,Fashion,2,1331.0,2662,CUST-28477,App
UK-2026-100337,2026-01-24,South,Hyderabad,Ultrabook Air 14,Electronics,1,30321.0,30321,CUST-29751,Marketplace
UK-2026-103594,2026-05-01,West,Mumbai,Running Sneakers,Fashion,1,2759.0,2759,CUST-65024,App
UK-2026-101849,2026-03-29,North,Gurugram,Wireless Earbuds Pro,Electronics,1,2916.0,2916,CUST-16933,App
UK-2026-103274,2026-05-26,North,Noida,Formal Shirt,Fashion,1,1143.0,1143,CUST-18712,Marketplace
UK-2026-100800,2026-02-14,West,Pune,Electric Kettle 1.5L,Home & Kitchen,2,1075.0,2150,CUST-64777,Website
UK-2026-103415,2026-05-06,South,Chennai,Cotton Kurta Set,Fashion,2,1300.0,2600,CUST-79328,App
UK-2026-103830,2026-05-27,North,Noida,Mirrorless Camera Lite,Electronics,1,29911.0,29911,CUST-40253,Marketplace
UK-2026-100184,2026-01-26,North,Gurugram,Sunscreen SPF50,Beauty,1,552.0,552,CUST-23943,App
UK-2026-104613,2026-06-09,West,Mumbai,Power Bank 20000mAh,Electronics,1,1735.0,1735,CUST-83906,Website
UK-2026-101267,2026-02-02,East,Patna,Modern Wall Clock,Home & Kitchen,1,813.0,813,CUST-40802,App
UK-2026-100596,2026-01-01,North,Gurugram,Bluetooth Speaker Mini,Electronics,2,1491.0,2982,CUST-74430,App
UK-2026-103081,2026-04-04,South,Bengaluru,Eau de Parfum 100ml,Beauty,1,1907.0,1907,CUST-22612,App
UK-2026-101714,2026-03-05,Central,Nagpur,43-inch Smart TV,Electronics,1,26149.0,26149,CUST-76845,Marketplace
UK-2026-104214,2026-06-05,West,Surat,Denim Jacket,Fashion,1,2100.0,2100,CUST-78961,App
UK-2026-104942,2026-06-23,North,Chandigarh,Badminton Racket Set,Sports,1,2621.0,2621,CUST-60583,Website
UK-2026-100837,2026-02-26,South,Chennai,Bluetooth Speaker Mini,Electronics,3,1480.0,4440,CUST-71221,Website
UK-2026-101188,2026-02-07,West,Ahmedabad,Adjustable Dumbbells 15kg,Sports,1,5162.0,5162,CUST-65120,App
UK-2026-100772,2026-02-15,West,Pune,Silk Saree,Fashion,1,3349.0,3349,CUST-18224,App
UK-2026-103094,2026-05-15,West,Mumbai,Slim Fit Jeans,Fashion,1,1584.0,1584,CUST-34992,Website
UK-2026-101082,2026-02-21,North,Noida,Ultrabook Air 14,Electronics,4,29671.0,118684,CUST-21163,App
UK-2026-103448,2026-05-20,South,Chennai,Smart Watch X2,Electronics,1,4419.0,4419,CUST-38558,Marketplace
UK-2026-100960,2026-02-03,South,Hyderabad,Electric Kettle 1.5L,Home & Kitchen,1,1133.0,1133,CUST-42275,Website
UK-2026-104676,2026-06-16,Central,Indore,Vitamin C Serum,Beauty,1,667.0,667,CUST-13170,Website
UK-2026-101107,2026-02-27,North,Gurugram,Mirrorless Camera Lite,Electronics,1,29546.0,29546,CUST-94646,Marketplace
UK-2026-101703,2026-03-29,North,Delhi,Denim Jacket,Fashion,1,2278.0,2278,CUST-16007,App
UK-2026-103529,2026-05-26,East,Kolkata,Wireless Earbuds Pro,Electronics,1,3052.0,3052,CUST-21572,Website
UK-2026-103952,2026-05-23,South,Hyderabad,Noise-Cancelling Headphones,Electronics,1,9449.0,9449,CUST-87319,Marketplace
UK-2026-103157,2026-05-20,East,Kolkata,Adjustable Dumbbells 15kg,Sports,1,5078.0,5078,CUST-96880,Website
UK-2026-100175,2026-01-26,Central,Nagpur,Denim Jacket,Fashion,1,2240.0,2240,CUST-76698,App
UK-2026-100491,2026-01-25,South,Chennai,Noise-Cancelling Headphones,Electronics,1,8693.0,8693,CUST-27226,App
UK-2026-100052,2026-01-18,West,Pune,Face Wash Combo,Beauty,1,451.0,451,CUST-49680,App
UK-2026-101101,2026-02-04,East,Bhubaneswar,Noise-Cancelling Headphones,Electronics,2,9135.0,18270,CUST-43923,Website
UK-2026-103678,2026-05-25,South,Hyderabad,Power Bank 20000mAh,Electronics,1,1741.0,1741,CUST-79756,Marketplace
UK-2026-102377,2026-04-02,South,Hyderabad,Ethnic Dupatta,Fashion,2,481.0,962,CUST-71304,App
UK-2026-101200,2026-02-15,Central,Indore,Running Sneakers,Fashion,2,2763.0,5526,CUST-59219,Website
UK-2026-100358,2026-01-30,North,Noida,Formal Shirt,Fashion,1,1108.0,1108,CUST-21572,App
UK-2026-102986,2026-04-15,North,Gurugram,Wireless Earbuds Pro,Electronics,1,3138.0,3138,CUST-24112,App
UK-2026-101730,2026-03-19,South,Kochi,Bluetooth Speaker Mini,Electronics,2,1455.0,2910,CUST-37450,Website
UK-2026-103638,2026-05-31,South,Bengaluru,Cotton Kurta Set,Fashion,1,1281.0,1281,CUST-19724,Marketplace
UK-2026-104503,2026-06-02,South,Hyderabad,Running Sneakers,Fashion,1,2810.0,2810,CUST-92031,Website
UK-2026-100754,2026-02-27,North,Gurugram,Formal Shirt,Fashion,2,1123.0,2246,CUST-82839,Marketplace
UK-2026-100425,2026-01-16,West,Ahmedabad,Running Sneakers,Fashion,1,2688.0,2688,CUST-73160,App
UK-2026-103920,2026-05-22,South,Kochi,Robot Vacuum R7,Home & Kitchen,1,19167.0,19167,CUST-23876,App
UK-2026-100385,2026-01-06,West,Pune,Non-Stick Cookware Set,Home & Kitchen,2,3003.0,6006,CUST-52880,Marketplace
UK-2026-104175,2026-06-09,South,Hyderabad,Leather Wallet,Fashion,1,940.0,940,CUST-88395,App
UK-2026-102241,2026-04-06,Central,Raipur,Formal Shirt,Fashion,1,1113.0,1113,CUST-45723,Website
UK-2026-103091,2026-05-07,Central,Indore,Matte Lipstick Set,Beauty,2,939.0,1878,CUST-71918,App
UK-2026-103946,2026-05-15,East,Kolkata,Robot Vacuum R7,Home & Kitchen,2,19335.0,38670,CUST-33838,App
UK-2026-101864,2026-03-05,West,Surat,Ionic Hair Dryer,Beauty,1,1874.0,1874,CUST-28674,App
UK-2026-103214,2026-05-19,North,Gurugram,Bluetooth Speaker Mini,Electronics,1,1539.0,1539,CUST-19095,App
UK-2026-104026,2026-06-19,Central,Raipur,Ultrabook Air 14,Electronics,1,29746.0,29746,CUST-47265,Marketplace
UK-2026-101066,2026-02-01,East,Patna,Running Sneakers,Fashion,2,2896.0,5792,CUST-34695,App
UK-2026-100314,2026-01-16,South,Bengaluru,Electric Kettle 1.5L,Home & Kitchen,1,1090.0,1090,CUST-58704,App
UK-2026-102702,2026-04-24,North,Delhi,Modern Wall Clock,Home & Kitchen,1,820.0,820,CUST-85124,App
UK-2026-101207,2026-02-02,West,Mumbai,Electric Kettle 1.5L,Home & Kitchen,1,1093.0,1093,CUST-68888,Website
UK-2026-103924,2026-05-05,West,Surat,Wireless Earbuds Pro,Electronics,2,2941.0,5882,CUST-30899,Website
UK-2026-101177,2026-02-22,South,Bengaluru,Ultrabook Air 14,Electronics,2,31422.0,62844,CUST-39803,App
UK-2026-101549,2026-03-29,West,Mumbai,Mixer Grinder 750W,Home & Kitchen,1,3439.0,3439,CUST-88208,App
UK-2026-104316,2026-06-24,East,Patna,Cycling Helmet,Sports,4,1602.0,6408,CUST-73160,App
UK-2026-100312,2026-01-02,South,Hyderabad,Adjustable Dumbbells 15kg,Sports,1,5136.0,5136,CUST-19095,App
UK-2026-102661,2026-04-22,South,Hyderabad,Dinner Set 24pc,Home & Kitchen,1,2423.0,2423,CUST-59989,App
UK-2026-100151,2026-01-08,North,Chandigarh,Modern Wall Clock,Home & Kitchen,1,828.0,828,CUST-48593,App
UK-2026-103645,2026-05-16,North,Delhi,Bluetooth Speaker Mini,Electronics,1,1562.0,1562,CUST-10339,App
UK-2026-104533,2026-06-20,West,Mumbai,Ethnic Dupatta,Fashion,1,516.0,516,CUST-92020,Website
UK-2026-102138,2026-03-30,South,Kochi,Air Fryer 5L,Home & Kitchen,2,5254.0,10508,CUST-51934,App
UK-2026-103998,2026-05-19,West,Pune,Robot Vacuum R7,Home & Kitchen,1,19019.0,19019,CUST-93195,Website
UK-2026-101518,2026-03-23,West,Pune,Bluetooth Speaker Mini,Electronics,2,1472.0,2944,CUST-56712,Marketplace
UK-2026-101751,2026-03-10,North,Chandigarh,Foldable Treadmill T2,Sports,2,24596.0,49192,CUST-19965,Marketplace
UK-2026-103132,2026-05-06,North,Chandigarh,Football Size 5,Sports,2,903.0,1806,CUST-76712,Website
UK-2026-103926,2026-05-14,West,Surat,Cotton Bedsheet Set,Home & Kitchen,1,1336.0,1336,CUST-59636,App
UK-2026-102049,2026-03-06,East,Bhubaneswar,Air Fryer 5L,Home & Kitchen,1,5249.0,5249,CUST-74534,Marketplace
UK-2026-103522,2026-05-23,South,Bengaluru,Ionic Hair Dryer,Beauty,3,1835.0,5505,CUST-81202,App
UK-2026-102728,2026-04-17,Central,Raipur,Adjustable Dumbbells 15kg,Sports,3,5242.0,15726,CUST-89866,Website
UK-2026-103191,2026-05-20,East,Patna,Non-Stick Cookware Set,Home & Kitchen,1,2759.0,2759,CUST-50219,App
UK-2026-102812,2026-04-28,West,Ahmedabad,Denim Jacket,Fashion,2,2122.0,4244,CUST-32934,Website
UK-2026-104076,2026-06-05,East,Guwahati,Modern Wall Clock,Home & Kitchen,1,808.0,808,CUST-38305,App
UK-2026-101890,2026-03-27,West,Surat,Ethnic Dupatta,Fashion,2,475.0,950,CUST-69383,App
UK-2026-101258,2026-02-21,Central,Nagpur,43-inch Smart TV,Electronics,2,25760.0,51520,CUST-48791,Website
UK-2026-103324,2026-05-23,West,Ahmedabad,Bluetooth Speaker Mini,Electronics,1,1568.0,1568,CUST-74534,Website
UK-2026-103297,2026-05-13,South,Chennai,Vitamin C Serum,Beauty,1,690.0,690,CUST-81715,Website
UK-2026-103460,2026-05-07,Central,Indore,Ultrabook Air 14,Electronics,1,30721.0,30721,CUST-23876,Marketplace
UK-2026-104544,2026-06-04,West,Surat,Modern Wall Clock,Home & Kitchen,2,793.0,1586,CUST-66686,App
UK-2026-101826,2026-03-11,Central,Bhopal,Dinner Set 24pc,Home & Kitchen,1,2447.0,2447,CUST-93793,App
UK-2026-102868,2026-04-21,South,Hyderabad,Denim Jacket,Fashion,1,2105.0,2105,CUST-28238,App
UK-2026-102857,2026-04-05,North,Gurugram,Eau de Parfum 100ml,Beauty,3,1981.0,5943,CUST-13116,Website
UK-2026-103968,2026-05-17,South,Bengaluru,Slim Fit Jeans,Fashion,1,1632.0,1632,CUST-95118,App
UK-2026-103167,2026-05-02,West,Mumbai,Cotton Bedsheet Set,Home & Kitchen,1,1380.0,1380,CUST-50243,Website
UK-2026-102923,2026-04-27,West,Mumbai,Ethnic Dupatta,Fashion,2,487.0,974,CUST-30899,Website
UK-2026-100471,2026-01-07,West,Pune,Mixer Grinder 750W,Home & Kitchen,1,3367.0,3367,CUST-82612,Website
UK-2026-103232,2026-05-01,North,Delhi,Cotton Kurta Set,Fashion,1,1260.0,1260,CUST-95118,Marketplace
UK-2026-100376,2026-01-20,West,Surat,Denim Jacket,Fashion,1,2266.0,2266,CUST-79756,App
UK-2026-100681,2026-01-26,South,Chennai,Smart Watch X2,Electronics,1,4620.0,4620,CUST-59698,Marketplace
UK-2026-100589,2026-01-22,West,Surat,Cotton Bedsheet Set,Home & Kitchen,1,1408.0,1408,CUST-36488,Website
UK-2026-102754,2026-04-28,West,Mumbai,Football Size 5,Sports,1,882.0,882,CUST-36692,Marketplace
UK-2026-101625,2026-03-30,Central,Nagpur,Mirrorless Camera Lite,Electronics,1,28280.0,28280,CUST-78836,App
UK-2026-100386,2026-01-29,West,Pune,Face Wash Combo,Beauty,1,444.0,444,CUST-63380,Marketplace
UK-2026-103337,2026-05-29,South,Hyderabad,Vitamin C Serum,Beauty,1,721.0,721,CUST-83765,Website
UK-2026-102580,2026-04-30,North,Noida,Power Bank 20000mAh,Electronics,1,1828.0,1828,CUST-17466,App
UK-2026-100294,2026-01-19,North,Gurugram,Denim Jacket,Fashion,2,2156.0,4312,CUST-78247,App
UK-2026-102130,2026-03-13,West,Pune,Ethnic Dupatta,Fashion,1,475.0,475,CUST-36504,App
UK-2026-101887,2026-03-01,East,Patna,Silk Saree,Fashion,2,3356.0,6712,CUST-59698,App
UK-2026-104273,2026-06-09,West,Mumbai,Running Sneakers,Fashion,1,2925.0,2925,CUST-62781,App
UK-2026-103978,2026-05-07,West,Ahmedabad,Air Fryer 5L,Home & Kitchen,2,5308.0,10616,CUST-48546,App
UK-2026-102007,2026-03-10,South,Chennai,Power Bank 20000mAh,Electronics,1,1779.0,1779,CUST-55703,App
UK-2026-100730,2026-02-21,East,Bhubaneswar,Makeup Brush Set,Beauty,1,1308.0,1308,CUST-55909,App
UK-2026-103751,2026-05-24,West,Ahmedabad,Smart Watch X2,Electronics,1,4569.0,4569,CUST-29806,App
UK-2026-103300,2026-05-06,West,Ahmedabad,Face Wash Combo,Beauty,2,467.0,934,CUST-59989,Website
UK-2026-104143,2026-06-11,North,Chandigarh,Electric Kettle 1.5L,Home & Kitchen,2,1116.0,2232,CUST-36692,App
UK-2026-104817,2026-06-20,North,Delhi,Cotton Bedsheet Set,Home & Kitchen,1,1329.0,1329,CUST-14805,App
UK-2026-104444,2026-06-02,East,Bhubaneswar,Cycling Helmet,Sports,2,1645.0,3290,CUST-41578,Website
UK-2026-101629,2026-03-25,South,Hyderabad,Foldable Treadmill T2,Sports,1,26139.0,26139,CUST-16606,Website
UK-2026-102951,2026-04-21,South,Chennai,Slim Fit Jeans,Fashion,1,1610.0,1610,CUST-82617,Website
UK-2026-103139,2026-05-18,South,Chennai,Dinner Set 24pc,Home & Kitchen,1,2408.0,2408,CUST-83448,App
UK-2026-104450,2026-06-05,Central,Nagpur,Cycling Helmet,Sports,1,1676.0,1676,CUST-25163,Marketplace
UK-2026-104716,2026-06-20,North,Gurugram,Dinner Set 24pc,Home & Kitchen,1,2597.0,2597,CUST-38030,Website
UK-2026-103608,2026-05-19,Central,Bhopal,Mirrorless Camera Lite,Electronics,2,28552.0,57104,CUST-18328,Website
UK-2026-104983,2026-06-07,South,Chennai,Badminton Racket Set,Sports,1,2454.0,2454,CUST-50219,App
UK-2026-100008,2026-01-26,Central,Raipur,Smart Watch X2,Electronics,1,4608.0,4608,CUST-83269,Website
UK-2026-100409,2026-01-14,South,Bengaluru,Electric Kettle 1.5L,Home & Kitchen,2,1112.0,2224,CUST-29621,App
UK-2026-102253,2026-04-06,South,Bengaluru,Leather Wallet,Fashion,1,911.0,911,CUST-85712,Website
UK-2026-101278,2026-02-28,East,Guwahati,Denim Jacket,Fashion,1,2165.0,2165,CUST-32934,App
UK-2026-100067,2026-01-01,South,Bengaluru,Leather Wallet,Fashion,2,887.0,1774,CUST-40950,App
UK-2026-104247,2026-06-07,West,Mumbai,Modern Wall Clock,Home & Kitchen,1,770.0,770,CUST-17329,Website
UK-2026-102287,2026-04-27,South,Bengaluru,Ethnic Dupatta,Fashion,1,524.0,524,CUST-79807,App
UK-2026-100475,2026-01-06,North,Gurugram,Slim Fit Jeans,Fashion,1,1568.0,1568,CUST-74943,App
UK-2026-101725,2026-03-07,South,Kochi,Ultrabook Air 14,Electronics,1,29613.0,29613,CUST-54874,Website
UK-2026-101687,2026-03-20,West,Ahmedabad,Slim Fit Jeans,Fashion,2,1545.0,3090,CUST-91481,App
UK-2026-101737,2026-03-15,Central,Raipur,Smart Watch X2,Electronics,1,4605.0,4605,CUST-97707,App
UK-2026-104532,2026-06-13,East,Kolkata,Face Wash Combo,Beauty,2,468.0,936,CUST-82749,Website
UK-2026-103239,2026-05-02,South,Bengaluru,Running Sneakers,Fashion,1,2776.0,2776,CUST-21239,App
UK-2026-103849,2026-05-03,North,Delhi,43-inch Smart TV,Electronics,1,25285.0,25285,CUST-21246,App
UK-2026-104777,2026-06-05,South,Hyderabad,Noise-Cancelling Headphones,Electronics,2,8798.0,17596,CUST-85360,App
UK-2026-104060,2026-06-25,East,Bhubaneswar,Cricket Bat English Willow,Sports,4,9226.0,36904,CUST-48284,App
UK-2026-102189,2026-03-08,West,Surat,Ethnic Dupatta,Fashion,1,521.0,521,CUST-37611,App
UK-2026-100274,2026-01-13,South,Hyderabad,Ethnic Dupatta,Fashion,1,508.0,508,CUST-38048,Website
UK-2026-103623,2026-05-19,North,Delhi,Cotton Bedsheet Set,Home & Kitchen,1,1335.0,1335,CUST-73013,App
UK-2026-102187,2026-03-21,South,Bengaluru,Silk Saree,Fashion,1,3455.0,3455,CUST-76698,Website
UK-2026-104535,2026-06-29,Central,Indore,Wireless Earbuds Pro,Electronics,1,3098.0,3098,CUST-65662,Website
UK-2026-104755,2026-06-23,South,Bengaluru,Yoga Mat Pro,Sports,3,1211.0,3633,CUST-42009,Marketplace
UK-2026-102905,2026-04-26,East,Guwahati,Sunscreen SPF50,Beauty,1,565.0,565,CUST-35214,App
UK-2026-104860,2026-06-29,South,Chennai,Wireless Earbuds Pro,Electronics,1,3003.0,3003,CUST-73853,Website
UK-2026-101782,2026-03-25,South,Kochi,Leather Wallet,Fashion,1,892.0,892,CUST-29591,App
UK-2026-101405,2026-02-04,South,Kochi,Air Fryer 5L,Home & Kitchen,1,5309.0,5309,CUST-12186,Website
UK-2026-103497,2023-05-26,North,Delhi,Silk Saree,Fashion,2,3577.0,7154,CUST-14300,Website
UK-2026-102136,2026-03-08,Central,Raipur,Cotton Kurta Set,Fashion,1,1343.0,1343,CUST-31563,Website
UK-2026-103007,2026-04-28,East,Kolkata,Mixer Grinder 750W,Home & Kitchen,1,3153.0,3153,CUST-17802,App
UK-2026-100841,2026-02-11,South,Kochi,Mixer Grinder 750W,Home & Kitchen,2,3450.0,6900,CUST-89691,Website
UK-2026-102271,2026-04-20,Central,Indore,Cycling Helmet,Sports,2,1657.0,3314,CUST-35325,App
UK-2026-103905,2026-05-16,South,Bengaluru,43-inch Smart TV,Electronics,1,26938.0,26938,CUST-38307,App
UK-2026-104265,2026-06-04,Central,Indore,Denim Jacket,Fashion,2,2184.0,4368,CUST-38963,Website
UK-2026-103082,2026-04-14,North,Gurugram,Noise-Cancelling Headphones,Electronics,1,8623.0,8623,CUST-59424,Website
UK-2026-100447,2026-01-07,South,Chennai,Ultrabook Air 14,Electronics,1,28731.0,28731,CUST-85684,Website
UK-2026-104332,2026-06-21,Central,Raipur,Matte Lipstick Set,Beauty,1,880.0,880,CUST-24999,Website
UK-2026-104586,2026-06-17,North,Delhi,Wireless Earbuds Pro,Electronics,1,2920.0,2920,CUST-25082,Website
UK-2026-104789,2026-06-14,Central,Bhopal,Face Wash Combo,Beauty,1,454.0,454,CUST-33467,App
UK-2026-102121,2026-03-25,South,Kochi,Cotton Bedsheet Set,Home & Kitchen,1,1374.0,1374,CUST-78961,Website
UK-2026-100588,2026-01-28,North,Chandigarh,Power Bank 20000mAh,Electronics,1,1769.0,1769,CUST-34270,Marketplace
UK-2026-100863,2026-02-11,West,Mumbai,Smart Watch X2,Electronics,1,4372.0,4372,CUST-63418,App
UK-2026-103899,2026-05-10,South,Bengaluru,Electric Kettle 1.5L,Home & Kitchen,3,1109.0,3327,CUST-93793,Website
UK-2026-102927,2026-04-13,Central,Bhopal,Eau de Parfum 100ml,Beauty,1,1969.0,1969,CUST-66494,Marketplace
UK-2026-103872,2026-05-08,East,Patna,Matte Lipstick Set,Beauty,2,893.0,1786,CUST-73199,App
UK-2026-101458,2026-03-28,North,Gurugram,Cotton Kurta Set,Fashion,1,1352.0,1352,CUST-99195,App
UK-2026-104355,2026-06-11,West,Surat,Vitamin C Serum,Beauty,1,711.0,711,CUST-15200,Website
UK-2026-101213,2026-02-04,North,Gurugram,Beard Grooming Kit,Beauty,2,970.0,1940,CUST-12786,Website
UK-2026-103758,2026-05-31,East,Bhubaneswar,Cotton Kurta Set,Fashion,1,1274.0,1274,CUST-43440,App
UK-2026-100413,2026-01-26,North,Chandigarh,Non-Stick Cookware Set,Home & Kitchen,1,2969.0,2969,CUST-85360,App
UK-2026-102212,2026-03-10,South,Chennai,Matte Lipstick Set,Beauty,1,863.0,863,CUST-87632,App
UK-2026-103278,2026-05-10,South,Chennai,Denim Jacket,Fashion,1,2266.0,2266,CUST-19215,Website
UK-2026-101088,2026-02-07,North,Gurugram,Matte Lipstick Set,Beauty,3,868.0,2604,CUST-24703,App
UK-2026-101484,2026-03-21,West,Mumbai,Cotton Bedsheet Set,Home & Kitchen,1,1396.0,1396,CUST-60969,Marketplace
UK-2026-104280,2026-06-07,West,Pune,Ionic Hair Dryer,Beauty,1,1917.0,1917,CUST-25516,App
UK-2026-104684,2026-06-12,West,Surat,Silk Saree,Fashion,1,3531.0,3531,CUST-22103,App
UK-2026-101872,2026-03-21,South,Bengaluru,Cotton Kurta Set,Fashion,4,1329.0,5316,CUST-65781,Website
UK-2026-101103,2026-02-21,West,Pune,Ethnic Dupatta,Fashion,1,489.0,489,CUST-24380,App
UK-2026-102607,2026-04-20,North,Chandigarh,Denim Jacket,Fashion,1,2186.0,2186,CUST-93519,App
UK-2026-101239,2026-02-27,Central,Bhopal,Vitamin C Serum,Beauty,1,733.0,733,CUST-59698,Website
UK-2026-101839,2026-03-12,North,Gurugram,Leather Wallet,Fashion,1,855.0,855,CUST-45229,Website
UK-2026-103409,2026-05-10,West,Surat,Silk Saree,Fashion,1,3384.0,3384,CUST-22451,App
UK-2026-104025,2026-06-01,North,Noida,Matte Lipstick Set,Beauty,1,925.0,925,CUST-52969,App
UK-2026-103115,2026-05-22,West,Surat,43-inch Smart TV,Electronics,1,26043.0,26043,CUST-18070,Marketplace
UK-2026-103470,2026-05-29,North,Chandigarh,Wireless Earbuds Pro,Electronics,1,2973.0,2973,CUST-97129,Website
UK-2026-102373,2026-04-22,East,Bhubaneswar,Slim Fit Jeans,Fashion,1,1647.0,1647,CUST-55104,Website
UK-2026-104620,2026-06-21,West,Pune,Non-Stick Cookware Set,Home & Kitchen,1,2765.0,2765,CUST-58120,Marketplace
UK-2026-101814,2026-03-24,East,Guwahati,Slim Fit Jeans,Fashion,1,1522.0,1522,CUST-71104,Website
UK-2026-104722,2026-06-12,West,Ahmedabad,Mixer Grinder 750W,Home & Kitchen,1,3148.0,3148,CUST-21572,App
UK-2026-103921,2026-05-13,West,Ahmedabad,Wireless Earbuds Pro,Electronics,1,2972.0,2972,CUST-52159,Marketplace
UK-2026-103346,2026-05-22,South,Chennai,Ultrabook Air 14,Electronics,1,29003.0,29003,CUST-31509,Website
UK-2026-103027,2026-04-04,North,Delhi,Ionic Hair Dryer,Beauty,3,1822.0,5466,CUST-51400,Website
UK-2026-104255,2026-06-09,East,Patna,Ethnic Dupatta,Fashion,1,507.0,507,CUST-62781,Website
UK-2026-103629,2012-05-26,East,Guwahati,Electric Kettle 1.5L,Home & Kitchen,1,1054.0,1054,CUST-95074,Website
UK-2026-104189,2026-06-13,West,Pune,Ionic Hair Dryer,Beauty,2,1976.0,3952,CUST-86557,App
UK-2026-103625,2026-05-23,North,Noida,Robot Vacuum R7,Home & Kitchen,2,18211.0,36422,CUST-57633,App
UK-2026-100950,2026-02-20,West,Ahmedabad,Ethnic Dupatta,Fashion,1,523.0,523,CUST-70908,App
UK-2026-102512,2026-04-09,Central,Indore,Mirrorless Camera Lite,Electronics,1,28963.0,28963,CUST-96806,Marketplace
UK-2026-103426,2026-05-28,West,Pune,Mixer Grinder 750W,Home & Kitchen,1,3135.0,3135,CUST-72295,App
UK-2026-104263,2026-06-30,South,Chennai,Ionic Hair Dryer,Beauty,1,1961.0,1961,CUST-66412,Marketplace
UK-2026-104509,2026-06-05,South,Hyderabad,Matte Lipstick Set,Beauty,1,883.0,883,CUST-82958,App
UK-2026-102033,2026-03-10,South,Kochi,Mixer Grinder 750W,Home & Kitchen,2,3307.0,6614,CUST-89914,Website
UK-2026-101210,2026-02-20,Central,Indore,Silk Saree,Fashion,1,3405.0,3405,CUST-26060,Website
UK-2026-104808,2026-06-28,South,Bengaluru,Ethnic Dupatta,Fashion,2,480.0,960,CUST-19159,Website
UK-2026-104305,2026-06-21,Central,Nagpur,43-inch Smart TV,Electronics,2,24755.0,49510,CUST-77152,Website
UK-2026-103864,2026-05-29,North,Noida,Running Sneakers,Fashion,1,2875.0,2875,CUST-90831,Marketplace
UK-2026-103125,2026-05-28,North,Chandigarh,Dinner Set 24pc,Home & Kitchen,1,2388.0,2388,CUST-10089,App
UK-2026-100441,2026-01-18,South,Hyderabad,Sunscreen SPF50,Beauty,1,559.0,559,CUST-84443,App
UK-2026-102963,2026-04-18,North,Chandigarh,Silk Saree,Fashion,1,3627.0,3627,CUST-29218,App
UK-2026-101672,2026-03-26,North,Delhi,Slim Fit Jeans,Fashion,2,1666.0,3332,CUST-49632,App
UK-2026-102367,2026-04-30,North,Delhi,Matte Lipstick Set,Beauty,1,887.0,887,CUST-96806,App
UK-2026-103425,2026-05-25,West,Surat,Denim Jacket,Fashion,1,2270.0,2270,CUST-11100,Website
UK-2026-101389,2026-02-22,East,Bhubaneswar,Foldable Treadmill T2,Sports,1,25145.0,25145,CUST-21987,App
UK-2026-102589,2026-04-08,West,Ahmedabad,Mirrorless Camera Lite,Electronics,1,28058.0,28058,CUST-27825,App
UK-2026-103654,2026-05-31,West,Surat,Electric Kettle 1.5L,Home & Kitchen,1,1100.0,1100,CUST-14011,Marketplace
UK-2026-100724,2025-02-26,South,Hyderabad,Ethnic Dupatta,Fashion,2,489.0,978,CUST-66202,App
UK-2026-101159,2026-02-16,South,Hyderabad,Cotton Kurta Set,Fashion,2,1299.0,2598,CUST-83547,Marketplace
UK-2026-101732,2026-03-09,South,Chennai,Vitamin C Serum,Beauty,2,708.0,1416,CUST-99563,Website
UK-2026-103195,2026-05-09,South,Bengaluru,Power Bank 20000mAh,Electronics,1,1728.0,1728,CUST-73277,App
UK-2026-100134,2026-01-11,North,Delhi,Cotton Kurta Set,Fashion,2,1298.0,2596,CUST-85445,App
UK-2026-101762,2026-03-05,East,Guwahati,Formal Shirt,Fashion,3,1137.0,3411,CUST-34328,App
UK-2026-103619,2026-05-07,South,Bengaluru,Noise-Cancelling Headphones,Electronics,2,8879.0,17758,CUST-27063,Website
UK-2026-101933,2026-03-27,East,Bhubaneswar,Makeup Brush Set,Beauty,1,1324.0,1324,CUST-68842,App
UK-2026-100770,2026-02-20,South,Kochi,Power Bank 20000mAh,Electronics,4,1718.0,6872,CUST-17461,Website
UK-2026-100716,2026-01-18,Central,Indore,Gym Gloves,Sports,4,513.0,2052,CUST-32595,App
UK-2026-104300,2026-06-08,South,Hyderabad,Gym Gloves,Sports,1,506.0,506,CUST-72408,Marketplace
UK-2026-102356,2026-04-12,South,Bengaluru,Silk Saree,Fashion,1,3505.0,3505,CUST-26153,Website
UK-2026-103736,2026-05-19,North,Delhi,Sunscreen SPF50,Beauty,2,560.0,1120,CUST-82247,App
UK-2026-100914,2026-02-18,Central,Bhopal,Modern Wall Clock,Home & Kitchen,1,764.0,764,CUST-38704,App
UK-2026-102804,2026-04-24,Central,Raipur,Leather Wallet,Fashion,1,897.0,897,CUST-87438,App
UK-2026-102114,2026-03-03,North,Gurugram,Bluetooth Speaker Mini,Electronics,1,1517.0,1517,CUST-37508,App
UK-2026-103382,2026-05-09,South,Chennai,Ultrabook Air 14,Electronics,1,30323.0,30323,CUST-27530,Marketplace
UK-2026-103266,2026-05-17,West,Pune,Cotton Bedsheet Set,Home & Kitchen,1,1331.0,1331,CUST-66958,Website
UK-2026-103072,2026-04-06,South,Bengaluru,Adjustable Dumbbells 15kg,Sports,2,4909.0,9818,CUST-10129,Website
UK-2026-103982,2026-05-07,South,Kochi,Slim Fit Jeans,Fashion,1,1533.0,1533,CUST-48390,Website
UK-2026-103521,2026-05-19,South,Kochi,Cotton Bedsheet Set,Home & Kitchen,1,1430.0,1430,CUST-79328,Website
UK-2026-104006,2026-05-18,Central,Indore,Ionic Hair Dryer,Beauty,1,1987.0,1987,CUST-78247,Website
UK-2026-101143,2026-02-24,East,Guwahati,Dinner Set 24pc,Home & Kitchen,1,2406.0,2406,CUST-71304,Website
UK-2026-103593,2026-05-07,Central,Nagpur,Cotton Kurta Set,Fashion,1,1307.0,1307,CUST-31478,App
UK-2026-101682,2026-03-17,West,Pune,Cricket Bat English Willow,Sports,1,9307.0,9307,CUST-29063,Marketplace
UK-2026-103190,2026-05-29,Central,Indore,Slim Fit Jeans,Fashion,1,1562.0,1562,CUST-45768,App
UK-2026-103523,2011-05-26,North,Noida,Formal Shirt,Fashion,3,1098.0,3294,CUST-81737,App
UK-2026-100875,2026-02-22,South,Chennai,Smart Watch X2,Electronics,2,4672.0,9344,CUST-57791,Marketplace
UK-2026-104887,2026-06-20,Central,Nagpur,Modern Wall Clock,Home & Kitchen,1,814.0,814,CUST-26944,App
UK-2026-104731,2026-06-05,South,Kochi,Air Fryer 5L,Home & Kitchen,1,5394.0,5394,CUST-47177,App
UK-2026-100923,2026-02-21,South,Bengaluru,Wireless Earbuds Pro,Electronics,1,2963.0,2963,CUST-31812,Website
UK-2026-102165,2026-03-21,South,Chennai,Modern Wall Clock,Home & Kitchen,1,767.0,767,CUST-45805,App
UK-2026-100962,2026-02-10,Central,Raipur,Ultrabook Air 14,Electronics,2,31004.0,62008,CUST-36024,Marketplace
UK-2026-104393,2026-06-20,Central,Indore,Football Size 5,Sports,1,912.0,912,CUST-57075,Website
UK-2026-100068,2026-01-05,Central,Nagpur,Power Bank 20000mAh,Electronics,1,1856.0,1856,CUST-43027,Marketplace
UK-2026-104451,2026-06-16,West,Surat,43-inch Smart TV,Electronics,2,27201.0,54402,CUST-61679,Marketplace
UK-2026-104993,2026-06-23,Central,Raipur,Gym Gloves,Sports,1,477.0,477,CUST-29919,Website
UK-2026-103733,2026-05-08,North,Noida,Non-Stick Cookware Set,Home & Kitchen,2,2927.0,5854,CUST-26137,Website
UK-2026-102999,2026-04-26,East,Bhubaneswar,Ultrabook Air 14,Electronics,1,29942.0,29942,CUST-45869,Marketplace
UK-2026-104005,2026-05-06,South,Bengaluru,Mirrorless Camera Lite,Electronics,1,30105.0,30105,CUST-54874,App
UK-2026-103306,2026-05-10,South,Chennai,Cricket Bat English Willow,Sports,1,9120.0,9120,CUST-40253,Marketplace
UK-2026-102919,2026-04-06,West,Ahmedabad,Ethnic Dupatta,Fashion,1,512.0,512,CUST-16933,App
UK-2026-101820,2026-03-26,West,Pune,Modern Wall Clock,Home & Kitchen,1,773.0,773,CUST-61950,Website
UK-2026-100118,2026-01-24,North,Chandigarh,Power Bank 20000mAh,Electronics,4,1719.0,6876,CUST-50825,App
UK-2026-100407,2026-01-29,South,Hyderabad,Gym Gloves,Sports,1,493.0,493,CUST-41171,Website
UK-2026-100978,2026-02-01,North,Delhi,Leather Wallet,Fashion,3,883.0,2649,CUST-69496,App
UK-2026-102604,2026-04-06,South,Hyderabad,Ultrabook Air 14,Electronics,1,31008.0,31008,CUST-20897,Marketplace
UK-2026-103534,2026-05-24,North,Gurugram,Air Fryer 5L,Home & Kitchen,1,5653.0,5653,CUST-36119,Website
UK-2026-101139,2026-02-24,West,Pune,Yoga Mat Pro,Sports,1,1220.0,1220,CUST-75458,Website
UK-2026-103519,2026-05-27,South,Kochi,Cotton Bedsheet Set,Home & Kitchen,2,1442.0,2884,CUST-37492,Website
UK-2026-101675,2026-03-24,North,Gurugram,Modern Wall Clock,Home & Kitchen,1,809.0,809,CUST-33573,App
UK-2026-103970,2026-05-10,North,Delhi,Ultrabook Air 14,Electronics,1,30444.0,30444,CUST-76875,Website
UK-2026-102708,2026-04-25,Central,Bhopal,Eau de Parfum 100ml,Beauty,3,1937.0,5811,CUST-67892,App
UK-2026-100576,2026-01-14,South,Bengaluru,Ethnic Dupatta,Fashion,1,505.0,505,CUST-25463,App
UK-2026-102086,2026-03-02,North,Chandigarh,Adjustable Dumbbells 15kg,Sports,2,4837.0,9674,CUST-58381,App
UK-2026-101449,2026-02-14,North,Noida,Modern Wall Clock,Home & Kitchen,1,775.0,775,CUST-71949,App
UK-2026-102514,2026-04-26,North,Gurugram,Leather Wallet,Fashion,1,895.0,895,CUST-83135,Marketplace
UK-2026-100416,2026-01-04,East,Patna,Ultrabook Air 14,Electronics,1,29292.0,29292,CUST-47050,Marketplace
UK-2026-101697,2026-03-12,South,Hyderabad,Noise-Cancelling Headphones,Electronics,1,9435.0,9435,CUST-80736,Marketplace
UK-2026-101095,2026-02-21,Central,Nagpur,Formal Shirt,Fashion,4,1134.0,4536,CUST-76875,App
UK-2026-101053,2026-02-16,East,Patna,Running Sneakers,Fashion,2,2704.0,5408,CUST-28204,Website
UK-2026-101429,2026-02-06,South,Hyderabad,Mixer Grinder 750W,Home & Kitchen,2,3225.0,6450,CUST-63624,App
UK-2026-102457,2026-04-08,East,Kolkata,Matte Lipstick Set,Beauty,1,918.0,918,CUST-96600,Marketplace
UK-2026-101471,2026-03-01,South,Bengaluru,Matte Lipstick Set,Beauty,2,913.0,1826,CUST-33467,Marketplace
UK-2026-101895,2026-03-08,West,Ahmedabad,Dinner Set 24pc,Home & Kitchen,1,2585.0,2585,CUST-79474,App
UK-2026-102555,2026-04-30,South,Hyderabad,Cricket Bat English Willow,Sports,1,9396.0,9396,CUST-60170,App
UK-2026-101922,2026-03-12,North,Gurugram,Bluetooth Speaker Mini,Electronics,1,1468.0,1468,CUST-21971,Marketplace
UK-2026-103683,2026-05-31,South,Chennai,Noise-Cancelling Headphones,Electronics,1,8795.0,8795,CUST-84367,Website
UK-2026-101211,2026-02-03,East,Patna,Formal Shirt,Fashion,1,1085.0,1085,CUST-70362,App
UK-2026-102823,2026-04-16,North,Gurugram,Ultrabook Air 14,Electronics,1,30908.0,30908,CUST-60969,Marketplace
UK-2026-102391,2026-04-26,North,Gurugram,Formal Shirt,Fashion,1,1047.0,1047,CUST-45355,Website
UK-2026-100957,2026-02-10,North,Noida,Leather Wallet,Fashion,1,902.0,902,CUST-67011,Marketplace
UK-2026-100142,2026-01-22,Central,Bhopal,Badminton Racket Set,Sports,1,2402.0,2402,CUST-83125,Website
UK-2026-101893,2026-03-01,North,Gurugram,Power Bank 20000mAh,Electronics,1,1866.0,1866,CUST-67859,App
UK-2026-104394,2026-06-22,North,Delhi,Denim Jacket,Fashion,2,2303.0,4606,CUST-27539,Website
UK-2026-101812,2026-03-20,South,Hyderabad,Face Wash Combo,Beauty,2,433.0,866,CUST-58961,App
UK-2026-101795,2026-03-21,South,Chennai,Eau de Parfum 100ml,Beauty,2,1968.0,3936,CUST-66202,App
UK-2026-100784,2026-02-12,Central,Nagpur,Mirrorless Camera Lite,Electronics,1,29222.0,29222,CUST-87857,App
UK-2026-104134,2026-06-03,North,Delhi,Football Size 5,Sports,1,928.0,928,CUST-26539,Marketplace
UK-2026-104130,2026-06-07,Central,Indore,Non-Stick Cookware Set,Home & Kitchen,3,2834.0,8502,CUST-99586,Website
UK-2026-102732,2026-04-23,Central,Raipur,Matte Lipstick Set,Beauty,1,895.0,895,CUST-60647,Website
UK-2026-100071,2026-01-31,North,Noida,Mirrorless Camera Lite,Electronics,1,28797.0,28797,CUST-64651,App
UK-2026-100370,2026-01-12,South,Hyderabad,Wireless Earbuds Pro,Electronics,1,3097.0,3097,CUST-73853,Website
UK-2026-101367,2026-02-05,North,Delhi,Mirrorless Camera Lite,Electronics,3,30238.0,90714,CUST-31162,App
UK-2026-103727,2026-05-03,North,Noida,Beard Grooming Kit,Beauty,4,976.0,3904,CUST-39772,App
UK-2026-104800,2026-06-01,East,Guwahati,Leather Wallet,Fashion,1,886.0,886,CUST-82617,Website
UK-2026-101306,2026-02-13,North,Noida,Ethnic Dupatta,Fashion,1,474.0,474,CUST-91101,App
UK-2026-103505,2026-05-30,West,Mumbai,Wireless Earbuds Pro,Electronics,1,2964.0,2964,CUST-99208,Marketplace
UK-2026-102737,2026-04-11,South,Chennai,Beard Grooming Kit,Beauty,2,1009.0,2018,CUST-21163,Website
UK-2026-104707,2026-06-06,Central,Raipur,Gym Gloves,Sports,1,511.0,511,CUST-45805,Website
UK-2026-103290,2026-05-06,West,Surat,Silk Saree,Fashion,1,3614.0,3614,CUST-21231,App
UK-2026-102811,2026-04-08,West,Surat,Bluetooth Speaker Mini,Electronics,1,1432.0,1432,CUST-64798,Website
UK-2026-100900,2026-02-18,South,Hyderabad,Ethnic Dupatta,Fashion,1,511.0,511,CUST-15399,Website
UK-2026-101516,2026-03-06,East,Bhubaneswar,Ionic Hair Dryer,Beauty,1,1924.0,1924,CUST-26835,Website
UK-2026-100423,2026-01-01,South,Chennai,43-inch Smart TV,Electronics,1,26269.0,26269,CUST-39033,App
UK-2026-100943,2026-02-28,West,Mumbai,Slim Fit Jeans,Fashion,1,1638.0,1638,CUST-43985,App
UK-2026-101145,2026-02-16,South,Bengaluru,Adjustable Dumbbells 15kg,Sports,1,5082.0,5082,CUST-18377,App
UK-2026-101161,2026-02-24,West,Mumbai,Formal Shirt,Fashion,3,1096.0,3288,CUST-77718,Website
UK-2026-101727,2026-03-04,North,Noida,Makeup Brush Set,Beauty,1,1238.0,1238,CUST-35843,Website
UK-2026-100986,2026-02-04,South,Kochi,Yoga Mat Pro,Sports,1,1140.0,1140,CUST-94082,App
UK-2026-103265,2026-05-31,Central,Bhopal,Eau de Parfum 100ml,Beauty,2,2059.0,4118,CUST-46897,Website
UK-2026-102700,2026-04-25,South,Kochi,Yoga Mat Pro,Sports,1,1186.0,1186,CUST-31886,Website
UK-2026-102132,2026-03-12,North,Noida,Eau de Parfum 100ml,Beauty,1,2017.0,2017,CUST-26015,Marketplace
UK-2026-102427,2026-04-05,South,Hyderabad,Vitamin C Serum,Beauty,3,674.0,2022,CUST-45078,Marketplace
UK-2026-100505,2026-01-03,South,Hyderabad,Modern Wall Clock,Home & Kitchen,1,826.0,826,CUST-29396,Website
UK-2026-104296,2026-06-04,Central,Indore,Leather Wallet,Fashion,1,900.0,900,CUST-32198,App
UK-2026-104141,2026-06-23,West,Surat,Noise-Cancelling Headphones,Electronics,1,9413.0,9413,CUST-80838,Marketplace
UK-2026-103475,2026-05-15,North,Chandigarh,Eau de Parfum 100ml,Beauty,2,1925.0,3850,CUST-56712,Website
UK-2026-100467,2026-01-10,West,Surat,Running Sneakers,Fashion,1,2875.0,2875,CUST-96806,Marketplace
UK-2026-100373,2026-01-13,West,Surat,Electric Kettle 1.5L,Home & Kitchen,1,1081.0,1081,CUST-91595,Website
UK-2026-102155,2026-03-18,South,Kochi,Leather Wallet,Fashion,3,936.0,2808,CUST-32570,Website
UK-2026-100614,2026-01-08,South,Bengaluru,Dinner Set 24pc,Home & Kitchen,1,2514.0,2514,CUST-73050,App
UK-2026-103641,2026-05-31,East,Patna,Robot Vacuum R7,Home & Kitchen,1,19150.0,19150,CUST-28734,App
UK-2026-104396,2026-06-28,West,Pune,Noise-Cancelling Headphones,Electronics,2,9372.0,18744,CUST-24719,Website
UK-2026-103057,2015-04-26,North,Delhi,Noise-Cancelling Headphones,Electronics,1,9333.0,9333,CUST-95808,App
UK-2026-104373,2026-06-04,South,Kochi,Badminton Racket Set,Sports,1,2398.0,2398,CUST-59044,App
UK-2026-103601,2026-05-30,South,Bengaluru,Denim Jacket,Fashion,1,2288.0,2288,CUST-47089,Website
UK-2026-103350,2026-05-06,North,Delhi,Air Fryer 5L,Home & Kitchen,1,5347.0,5347,CUST-19724,App
UK-2026-103757,2026-05-28,South,Chennai,Formal Shirt,Fashion,2,1130.0,2260,CUST-21163,Marketplace
UK-2026-100240,2026-01-14,South,Chennai,Leather Wallet,Fashion,1,931.0,931,CUST-88029,App
UK-2026-100324,2026-01-24,East,Bhubaneswar,Mixer Grinder 750W,Home & Kitchen,1,3432.0,3432,CUST-87952,App
UK-2026-103481,2026-05-24,North,Chandigarh,Vitamin C Serum,Beauty,1,698.0,698,CUST-69950,App
UK-2026-102307,2026-04-25,North,Delhi,Formal Shirt,Fashion,2,1065.0,2130,CUST-20014,Website
UK-2026-104940,2026-06-25,West,Mumbai,43-inch Smart TV,Electronics,1,24998.0,24998,CUST-74524,App
UK-2026-104956,2026-06-15,South,Kochi,Vitamin C Serum,Beauty,1,671.0,671,CUST-23555,Website
UK-2026-102097,2026-03-09,East,Kolkata,Dinner Set 24pc,Home & Kitchen,1,2470.0,2470,CUST-31710,Website
UK-2026-103726,2026-05-20,Central,Bhopal,Sunscreen SPF50,Beauty,1,558.0,558,CUST-72948,App
UK-2026-102300,2010-04-26,East,Patna,Mirrorless Camera Lite,Electronics,1,27623.0,27623,CUST-38305,App
UK-2026-104401,2026-06-29,South,Bengaluru,Yoga Mat Pro,Sports,2,1161.0,2322,CUST-15964,Website
UK-2026-103430,2026-05-27,Central,Raipur,Ultrabook Air 14,Electronics,1,31073.0,31073,CUST-84859,Marketplace
UK-2026-104329,2026-06-21,North,Delhi,Denim Jacket,Fashion,1,2124.0,2124,CUST-60159,Website
UK-2026-104087,2026-06-07,Central,Indore,Badminton Racket Set,Sports,1,2429.0,2429,CUST-38221,App
UK-2026-100057,2026-01-19,East,Patna,Air Fryer 5L,Home & Kitchen,1,5372.0,5372,CUST-51139,Website
UK-2026-102383,2026-04-01,North,Gurugram,Sunscreen SPF50,Beauty,1,566.0,566,CUST-46909,App
UK-2026-102074,2026-03-08,East,Patna,Cricket Bat English Willow,Sports,1,8733.0,8733,CUST-44788,App
UK-2026-103310,2026-05-28,North,Delhi,Cotton Kurta Set,Fashion,1,1300.0,1300,CUST-33758,Website
UK-2026-104682,2026-06-19,Central,Nagpur,Wireless Earbuds Pro,Electronics,2,3141.0,6282,CUST-84650,App
UK-2026-100652,2026-01-25,East,Guwahati,Cricket Bat English Willow,Sports,2,8767.0,17534,CUST-84977,App
UK-2026-103281,2026-05-25,South,Hyderabad,Cotton Kurta Set,Fashion,2,1319.0,2638,CUST-32491,App
UK-2026-104803,2026-06-04,East,Guwahati,Cricket Bat English Willow,Sports,1,9425.0,9425,CUST-84443,Marketplace
UK-2026-101946,2026-03-07,South,Hyderabad,Denim Jacket,Fashion,1,2094.0,2094,CUST-10210,App
UK-2026-103814,2026-05-13,North,Delhi,Formal Shirt,Fashion,1,1082.0,1082,CUST-12941,Website
UK-2026-101009,2026-02-20,East,Patna,Wireless Earbuds Pro,Electronics,3,2917.0,8751,CUST-71897,App
UK-2026-102848,2026-04-13,South,Kochi,Bluetooth Speaker Mini,Electronics,4,1511.0,6044,CUST-83321,Marketplace
UK-2026-101548,2026-03-05,North,Noida,Noise-Cancelling Headphones,Electronics,1,8931.0,8931,CUST-95808,App
UK-2026-103886,2026-05-12,North,Chandigarh,Cycling Helmet,Sports,4,1648.0,6592,CUST-96448,App
UK-2026-103018,2026-04-09,South,Kochi,Noise-Cancelling Headphones,Electronics,1,8555.0,8555,CUST-43539,App
UK-2026-101320,2026-02-08,Central,Indore,Makeup Brush Set,Beauty,1,1310.0,1310,CUST-50131,Website
UK-2026-102967,2026-04-04,North,Delhi,Ionic Hair Dryer,Beauty,1,1930.0,1930,CUST-63936,Website
UK-2026-100898,2015-02-26,East,Guwahati,Cycling Helmet,Sports,2,1559.0,3118,CUST-56338,Website
UK-2026-101617,2026-03-24,North,Delhi,Badminton Racket Set,Sports,1,2599.0,2599,CUST-54231,Website
UK-2026-100129,2026-01-10,North,Noida,Running Sneakers,Fashion,1,2728.0,2728,CUST-12795,Website
UK-2026-101613,2026-03-29,West,Pune,Mixer Grinder 750W,Home & Kitchen,1,3159.0,3159,CUST-73192,App
UK-2026-101862,2026-03-31,North,Noida,Badminton Racket Set,Sports,2,2509.0,5018,CUST-32332,Website
UK-2026-103313,2026-05-20,Central,Indore,Silk Saree,Fashion,1,3352.0,3352,CUST-55458,App
UK-2026-103709,2026-05-01,West,Surat,Non-Stick Cookware Set,Home & Kitchen,1,2811.0,2811,CUST-61697,Website
UK-2026-102440,2026-04-16,Central,Bhopal,Cotton Bedsheet Set,Home & Kitchen,1,1448.0,1448,CUST-31005,App
UK-2026-100741,2026-02-12,North,Gurugram,Cotton Bedsheet Set,Home & Kitchen,4,1462.0,5848,CUST-95311,App
UK-2026-101591,2010-03-26,South,Kochi,Mixer Grinder 750W,Home & Kitchen,3,3339.0,10017,CUST-36891,Website
UK-2026-103622,2026-05-11,South,Bengaluru,Football Size 5,Sports,2,922.0,1844,CUST-35533,Marketplace
UK-2026-103956,2026-05-25,South,Chennai,Noise-Cancelling Headphones,Electronics,1,8837.0,8837,CUST-32870,Marketplace
UK-2026-104339,2026-06-12,West,Pune,Yoga Mat Pro,Sports,2,1158.0,2316,CUST-71029,Marketplace
UK-2026-104919,2026-06-04,North,Gurugram,43-inch Smart TV,Electronics,1,25813.0,25813,CUST-37007,Marketplace
UK-2026-101936,2026-03-22,North,Delhi,Bluetooth Speaker Mini,Electronics,1,1501.0,1501,CUST-69114,App
UK-2026-104380,2026-06-08,South,Chennai,Denim Jacket,Fashion,2,2271.0,4542,CUST-69195,Marketplace
UK-2026-104348,2026-06-27,West,Ahmedabad,Badminton Racket Set,Sports,3,2495.0,7485,CUST-85566,Website
UK-2026-101032,2026-02-12,South,Hyderabad,Beard Grooming Kit,Beauty,2,1029.0,2058,CUST-14426,Marketplace
UK-2026-103289,2026-05-08,South,Chennai,Ionic Hair Dryer,Beauty,2,1911.0,3822,CUST-10299,App
UK-2026-103526,2026-05-01,North,Gurugram,Air Fryer 5L,Home & Kitchen,1,5249.0,5249,CUST-77878,App
UK-2026-103790,2026-05-17,East,Kolkata,Cotton Kurta Set,Fashion,4,1257.0,5028,CUST-92020,Website
UK-2026-103933,2026-05-10,North,Delhi,Silk Saree,Fashion,1,3354.0,3354,CUST-93687,Marketplace
UK-2026-104851,2026-06-20,South,Chennai,Face Wash Combo,Beauty,1,449.0,449,CUST-31812,App
UK-2026-104820,2026-06-17,West,Ahmedabad,Mixer Grinder 750W,Home & Kitchen,1,3235.0,3235,CUST-58407,Marketplace
UK-2026-100861,2026-02-05,Central,Bhopal,Leather Wallet,Fashion,1,923.0,923,CUST-41082,App
UK-2026-104793,2029-06-26,North,Delhi,Slim Fit Jeans,Fashion,1,1628.0,1628,CUST-61679,App
UK-2026-104599,2026-06-02,South,Bengaluru,Cotton Bedsheet Set,Home & Kitchen,3,1448.0,4344,CUST-68966,Marketplace
UK-2026-102833,2026-04-21,North,Noida,43-inch Smart TV,Electronics,1,24895.0,24895,CUST-77271,App
UK-2026-102538,2026-04-13,West,Ahmedabad,Cycling Helmet,Sports,2,1584.0,3168,CUST-18865,Website
UK-2026-100366,2026-01-06,Central,Bhopal,Matte Lipstick Set,Beauty,1,864.0,864,CUST-35090,Website
UK-2026-100045,2026-01-26,Central,Indore,Running Sneakers,Fashion,2,2781.0,5562,CUST-95788,App
UK-2026-102797,2026-04-04,East,Guwahati,Cotton Bedsheet Set,Home & Kitchen,1,1339.0,1339,CUST-65066,App
UK-2026-101527,2026-03-19,North,Delhi,Ethnic Dupatta,Fashion,1,518.0,518,CUST-38320,Website
UK-2026-101638,2026-03-31,North,Chandigarh,Air Fryer 5L,Home & Kitchen,1,5244.0,5244,CUST-51934,Website
UK-2026-101784,2026-03-22,North,Chandigarh,Wireless Earbuds Pro,Electronics,1,3052.0,3052,CUST-56943,Website
UK-2026-102139,2026-03-02,West,Pune,Vitamin C Serum,Beauty,1,731.0,731,CUST-45229,Website
UK-2026-102409,2026-04-01,North,Delhi,Noise-Cancelling Headphones,Electronics,1,8795.0,8795,CUST-76624,Marketplace
UK-2026-103352,2026-05-25,West,Pune,Electric Kettle 1.5L,Home & Kitchen,2,1078.0,2156,CUST-39790,Marketplace
UK-2026-100793,2026-02-23,North,Noida,Cotton Bedsheet Set,Home & Kitchen,1,1391.0,1391,CUST-31384,App
UK-2026-100641,2026-01-01,West,Mumbai,Gym Gloves,Sports,2,520.0,1040,CUST-16942,App
UK-2026-101236,2026-02-27,South,Bengaluru,Robot Vacuum R7,Home & Kitchen,3,19629.0,58887,CUST-37611,App
UK-2026-103056,2026-04-30,West,Mumbai,Matte Lipstick Set,Beauty,2,941.0,1882,CUST-51934,App
UK-2026-101564,2026-03-02,North,Gurugram,Silk Saree,Fashion,1,3661.0,3661,CUST-79790,Marketplace
UK-2026-101360,2026-02-08,South,Chennai,Badminton Racket Set,Sports,1,2573.0,2573,CUST-92670,App
UK-2026-103179,2026-05-02,North,Noida,Bluetooth Speaker Mini,Electronics,1,1530.0,1530,CUST-10350,Website
UK-2026-101311,2026-02-20,North,Chandigarh,Dinner Set 24pc,Home & Kitchen,1,2455.0,2455,CUST-96279,Website
UK-2026-103333,2026-05-17,Central,Bhopal,Mixer Grinder 750W,Home & Kitchen,1,3431.0,3431,CUST-96983,Website
UK-2026-104368,2026-06-11,North,Noida,Mirrorless Camera Lite,Electronics,1,27634.0,27634,CUST-85084,Marketplace
UK-2026-103318,2026-05-15,North,Delhi,Modern Wall Clock,Home & Kitchen,1,807.0,807,CUST-43882,Website
UK-2026-103486,2026-05-20,North,Delhi,Smart Watch X2,Electronics,1,4536.0,4536,CUST-21572,App
UK-2026-103609,2026-05-24,South,Kochi,Power Bank 20000mAh,Electronics,2,1748.0,3496,CUST-63418,App
UK-2026-100701,2026-01-12,East,Bhubaneswar,Ionic Hair Dryer,Beauty,2,1861.0,3722,CUST-61881,Website
UK-2026-102973,2026-04-25,East,Guwahati,Smart Watch X2,Electronics,1,4590.0,4590,CUST-52159,App
UK-2026-101919,2026-03-14,North,Chandigarh,Electric Kettle 1.5L,Home & Kitchen,1,1116.0,1116,CUST-13107,Website
UK-2026-103438,2026-05-05,West,Mumbai,Air Fryer 5L,Home & Kitchen,1,5737.0,5737,CUST-44857,App
UK-2026-100218,2026-01-20,North,Chandigarh,Power Bank 20000mAh,Electronics,2,1840.0,3680,CUST-22957,App
UK-2026-101387,2026-02-25,South,Chennai,Ultrabook Air 14,Electronics,1,30344.0,30344,CUST-83321,Marketplace
UK-2026-103248,2026-05-11,South,Hyderabad,Denim Jacket,Fashion,1,2180.0,2180,CUST-92232,Website
UK-2026-101897,2026-03-07,North,Gurugram,Mixer Grinder 750W,Home & Kitchen,1,3324.0,3324,CUST-12941,App
UK-2026-102794,2026-04-25,South,Chennai,Vitamin C Serum,Beauty,1,708.0,708,CUST-80559,Marketplace
UK-2026-103744,2026-05-15,North,Gurugram,Mixer Grinder 750W,Home & Kitchen,1,3412.0,3412,CUST-57322,Website
UK-2026-101642,2026-03-26,North,Chandigarh,Robot Vacuum R7,Home & Kitchen,2,18627.0,37254,CUST-22098,Website
UK-2026-100767,2026-02-22,West,Surat,Dinner Set 24pc,Home & Kitchen,1,2560.0,2560,CUST-51839,Website
UK-2026-103260,2026-05-14,North,Delhi,Eau de Parfum 100ml,Beauty,1,2096.0,2096,CUST-48223,App
UK-2026-101815,2026-03-16,East,Patna,Smart Watch X2,Electronics,4,4658.0,18632,CUST-93739,App
UK-2026-103110,2026-05-10,North,Gurugram,Modern Wall Clock,Home & Kitchen,1,770.0,770,CUST-80001,Website
UK-2026-104232,2026-06-19,South,Bengaluru,Yoga Mat Pro,Sports,1,1204.0,1204,CUST-78260,Marketplace
UK-2026-103536,2026-05-26,Central,Raipur,Mirrorless Camera Lite,Electronics,1,28644.0,28644,CUST-90785,Marketplace
UK-2026-104361,2026-06-14,South,Hyderabad,Ethnic Dupatta,Fashion,2,492.0,984,CUST-19215,App
UK-2026-102528,2026-04-07,North,Delhi,Mirrorless Camera Lite,Electronics,1,29830.0,29830,CUST-56949,Marketplace
UK-2026-100422,2026-01-10,West,Mumbai,Mirrorless Camera Lite,Electronics,1,28846.0,28846,CUST-19215,App
UK-2026-102749,2026-04-20,Central,Raipur,Mixer Grinder 750W,Home & Kitchen,1,3369.0,3369,CUST-86509,App
UK-2026-100254,2026-01-16,South,Kochi,Noise-Cancelling Headphones,Electronics,1,9264.0,9264,CUST-97859,Marketplace
UK-2026-101577,2026-03-08,Central,Indore,Modern Wall Clock,Home & Kitchen,2,837.0,1674,CUST-54491,App
UK-2026-101084,2026-02-02,South,Hyderabad,Silk Saree,Fashion,2,3644.0,7288,CUST-18787,Website
UK-2026-101661,2026-03-08,North,Delhi,Football Size 5,Sports,1,864.0,864,CUST-47532,Website
UK-2026-100233,2026-01-05,East,Patna,Vitamin C Serum,Beauty,1,670.0,670,CUST-96806,App
UK-2026-104072,2026-06-09,West,Mumbai,Wireless Earbuds Pro,Electronics,1,3036.0,3036,CUST-50243,Marketplace
UK-2026-101337,2026-02-06,Central,Raipur,Formal Shirt,Fashion,1,1145.0,1145,CUST-89933,Website
UK-2026-102119,2026-03-05,South,Hyderabad,Electric Kettle 1.5L,Home & Kitchen,1,1086.0,1086,CUST-15964,Website
UK-2026-102447,2026-04-01,North,Noida,43-inch Smart TV,Electronics,1,26045.0,26045,CUST-16007,Website
UK-2026-101512,2026-03-09,West,Pune,Cotton Bedsheet Set,Home & Kitchen,1,1445.0,1445,CUST-42019,Website
UK-2026-100846,2026-02-07,Central,Bhopal,Dinner Set 24pc,Home & Kitchen,1,2454.0,2454,CUST-49680,Marketplace
UK-2026-104655,2026-06-07,North,Gurugram,Badminton Racket Set,Sports,1,2448.0,2448,CUST-89581,Website
UK-2026-101808,2026-03-17,East,Guwahati,Cotton Kurta Set,Fashion,1,1323.0,1323,CUST-74230,App
UK-2026-104089,2026-06-08,East,Kolkata,Ultrabook Air 14,Electronics,1,28573.0,28573,CUST-94386,App
UK-2026-102273,2026-04-09,West,Mumbai,Cycling Helmet,Sports,1,1633.0,1633,CUST-83289,App
UK-2026-100709,2026-01-13,West,Mumbai,Makeup Brush Set,Beauty,1,1333.0,1333,CUST-71957,Website
UK-2026-104392,2026-06-13,West,Mumbai,43-inch Smart TV,Electronics,2,26584.0,53168,CUST-93823,App
UK-2026-103253,2026-05-05,North,Gurugram,Formal Shirt,Fashion,1,1050.0,1050,CUST-80543,App
UK-2026-100787,2026-02-07,West,Pune,Smart Watch X2,Electronics,1,4470.0,4470,CUST-25827,Website
UK-2026-101218,2026-02-04,South,Kochi,Wireless Earbuds Pro,Electronics,1,3017.0,3017,CUST-49237,Website
UK-2026-100913,2026-02-11,West,Surat,Power Bank 20000mAh,Electronics,1,1841.0,1841,CUST-77271,Marketplace
UK-2026-102753,2026-04-22,Central,Raipur,Mirrorless Camera Lite,Electronics,2,29601.0,59202,CUST-87741,Website
UK-2026-102181,2026-03-23,East,Guwahati,Smart Watch X2,Electronics,2,4714.0,9428,CUST-25869,Marketplace
UK-2026-102771,2026-04-26,North,Chandigarh,Cotton Kurta Set,Fashion,1,1328.0,1328,CUST-69149,App
UK-2026-102304,2026-04-22,Central,Raipur,Smart Watch X2,Electronics,1,4622.0,4622,CUST-68019,Website
UK-2026-102434,2026-04-27,South,Chennai,43-inch Smart TV,Electronics,1,26171.0,26171,CUST-81489,App
UK-2026-100353,2026-01-31,East,Patna,Smart Watch X2,Electronics,2,4598.0,9196,CUST-99887,Website
UK-2026-103435,2026-05-06,South,Bengaluru,Ultrabook Air 14,Electronics,1,30140.0,30140,CUST-65549,Website
UK-2026-104718,2026-06-04,West,Surat,Sunscreen SPF50,Beauty,1,553.0,553,CUST-58407,App
UK-2026-101135,2026-02-17,Central,Nagpur,Silk Saree,Fashion,1,3502.0,3502,CUST-25190,App
UK-2026-100567,2026-01-14,North,Gurugram,Yoga Mat Pro,Sports,3,1160.0,3480,CUST-62206,Website
UK-2026-102043,2026-03-02,East,Kolkata,Mirrorless Camera Lite,Electronics,1,30135.0,30135,CUST-34093,Marketplace
UK-2026-103722,2026-05-16,South,Kochi,Vitamin C Serum,Beauty,1,720.0,720,CUST-16886,App
UK-2026-101670,2026-03-11,South,Hyderabad,Slim Fit Jeans,Fashion,1,1646.0,1646,CUST-88038,Website
UK-2026-103188,2026-05-23,Central,Bhopal,Ethnic Dupatta,Fashion,1,515.0,515,CUST-22182,Website
UK-2026-100029,2026-01-02,South,Chennai,Adjustable Dumbbells 15kg,Sports,1,5039.0,5039,CUST-96806,App
UK-2026-100284,2026-01-31,South,Hyderabad,Bluetooth Speaker Mini,Electronics,2,1505.0,3010,CUST-52830,Website
UK-2026-104416,2026-06-02,North,Chandigarh,Formal Shirt,Fashion,1,1150.0,1150,CUST-80559,App
UK-2026-100945,2026-02-14,South,Kochi,Football Size 5,Sports,2,928.0,1856,CUST-35325,App
UK-2026-101776,2026-03-07,Central,Raipur,43-inch Smart TV,Electronics,2,25157.0,50314,CUST-21262,App
UK-2026-103925,2026-05-03,North,Delhi,43-inch Smart TV,Electronics,2,25926.0,51852,CUST-32934,App
UK-2026-100777,2026-02-27,West,Mumbai,Running Sneakers,Fashion,1,2670.0,2670,CUST-74718,App
UK-2026-104706,2026-06-23,North,Noida,Beard Grooming Kit,Beauty,2,1042.0,2084,CUST-10339,Website
UK-2026-103044,2026-04-06,South,Chennai,Ultrabook Air 14,Electronics,1,29167.0,29167,CUST-63936,Website
UK-2026-100203,2026-01-12,East,Bhubaneswar,Modern Wall Clock,Home & Kitchen,1,825.0,825,CUST-73532,App
UK-2026-101313,2026-02-22,East,Patna,Running Sneakers,Fashion,1,2736.0,2736,CUST-14407,Marketplace
UK-2026-100706,2026-01-10,North,Noida,Running Sneakers,Fashion,4,2922.0,11688,CUST-32989,Website
UK-2026-103464,2026-05-16,West,Ahmedabad,Silk Saree,Fashion,1,3378.0,3378,CUST-96917,Website
UK-2026-101650,2026-03-08,South,Hyderabad,Cricket Bat English Willow,Sports,2,8833.0,17666,CUST-87698,Website
UK-2026-102937,2026-04-04,South,Chennai,Running Sneakers,Fashion,1,2929.0,2929,CUST-54491,Website
UK-2026-102767,2026-04-21,South,Bengaluru,Running Sneakers,Fashion,1,2934.0,2934,CUST-17329,App
UK-2026-104826,2026-06-23,West,Mumbai,Face Wash Combo,Beauty,2,454.0,908,CUST-83196,App
UK-2026-101869,2026-03-25,South,Hyderabad,Ethnic Dupatta,Fashion,2,523.0,1046,CUST-56712,Website
UK-2026-100343,2026-01-02,Central,Indore,Cotton Kurta Set,Fashion,1,1288.0,1288,CUST-92020,App
UK-2026-101510,2010-03-26,West,Mumbai,Ethnic Dupatta,Fashion,1,476.0,476,CUST-64147,Website
UK-2026-103983,2026-05-04,East,Patna,Sunscreen SPF50,Beauty,1,571.0,571,CUST-94216,Marketplace
UK-2026-104460,2026-06-04,Central,Indore,Power Bank 20000mAh,Electronics,1,1729.0,1729,CUST-65416,Marketplace
UK-2026-101266,2026-02-05,East,Patna,Cricket Bat English Willow,Sports,1,8752.0,8752,CUST-74260,Website
UK-2026-103869,2026-05-05,South,Hyderabad,Robot Vacuum R7,Home & Kitchen,2,19020.0,38040,CUST-26176,App
UK-2026-104106,2026-06-21,West,Mumbai,Matte Lipstick Set,Beauty,2,913.0,1826,CUST-78836,Website
UK-2026-102463,2026-04-11,South,Bengaluru,Denim Jacket,Fashion,1,2106.0,2106,CUST-96220,App
UK-2026-100743,2026-02-27,North,Chandigarh,Gym Gloves,Sports,1,484.0,484,CUST-70399,Marketplace
UK-2026-104389,2026-06-16,North,Noida,Modern Wall Clock,Home & Kitchen,2,791.0,1582,CUST-40802,App
UK-2026-103060,2026-04-28,Central,Bhopal,Mixer Grinder 750W,Home & Kitchen,2,3399.0,6798,CUST-59636,Website
UK-2026-104660,2026-06-10,Central,Nagpur,Air Fryer 5L,Home & Kitchen,1,5702.0,5702,CUST-51718,App
UK-2026-101284,2026-02-07,North,Noida,Ethnic Dupatta,Fashion,3,488.0,1464,CUST-77924,App
UK-2026-100303,2026-01-29,West,Pune,Cycling Helmet,Sports,2,1551.0,3102,CUST-86898,Website
UK-2026-104488,2026-06-11,West,Ahmedabad,Cotton Kurta Set,Fashion,1,1357.0,1357,CUST-22638,Website
UK-2026-101309,2026-02-14,North,Gurugram,Foldable Treadmill T2,Sports,1,23894.0,23894,CUST-12973,App
UK-2026-104078,2026-06-13,South,Chennai,Matte Lipstick Set,Beauty,4,932.0,3728,CUST-71221,Marketplace
UK-2026-102137,2026-03-25,West,Pune,Foldable Treadmill T2,Sports,1,24561.0,24561,CUST-33193,Website
UK-2026-103535,2026-05-12,West,Ahmedabad,Mirrorless Camera Lite,Electronics,1,29357.0,29357,CUST-91042,App
UK-2026-103503,2026-05-18,West,Mumbai,Running Sneakers,Fashion,1,2723.0,2723,CUST-75820,Website
UK-2026-101314,2026-02-19,West,Ahmedabad,Mirrorless Camera Lite,Electronics,1,30290.0,30290,CUST-40253,App
UK-2026-102602,2026-04-07,North,Gurugram,Cycling Helmet,Sports,4,1630.0,6520,CUST-84977,Website
UK-2026-103347,2026-05-14,East,Kolkata,Cycling Helmet,Sports,1,1523.0,1523,CUST-60271,App
UK-2026-102815,2026-04-09,West,Mumbai,Foldable Treadmill T2,Sports,1,26022.0,26022,CUST-51714,App
UK-2026-103996,2026-05-20,South,Bengaluru,Sunscreen SPF50,Beauty,1,524.0,524,CUST-43452,Website
UK-2026-102595,2026-04-19,West,Surat,Mirrorless Camera Lite,Electronics,1,29893.0,29893,CUST-87075,App
UK-2026-103923,2026-05-06,North,Noida,Power Bank 20000mAh,Electronics,1,1887.0,1887,CUST-66798,Website
UK-2026-100718,2026-01-14,East,Patna,43-inch Smart TV,Electronics,2,25412.0,50824,CUST-50243,Marketplace
UK-2026-104169,2026-06-07,West,Pune,Dinner Set 24pc,Home & Kitchen,2,2467.0,4934,CUST-35090,Website
UK-2026-102147,2026-03-13,South,Bengaluru,Power Bank 20000mAh,Electronics,1,1798.0,1798,CUST-32997,App
UK-2026-101964,2026-03-24,West,Pune,Vitamin C Serum,Beauty,1,690.0,690,CUST-61527,Website
UK-2026-103700,2026-05-24,Central,Indore,Electric Kettle 1.5L,Home & Kitchen,1,1100.0,1100,CUST-99379,App
UK-2026-100570,2026-01-12,South,Chennai,Mirrorless Camera Lite,Electronics,1,28104.0,28104,CUST-32928,Website
UK-2026-103922,2026-05-07,South,Chennai,Ethnic Dupatta,Fashion,2,485.0,970,CUST-78153,App
UK-2026-103560,2026-05-05,South,Kochi,Power Bank 20000mAh,Electronics,1,1713.0,1713,CUST-77977,Marketplace
UK-2026-101163,2026-02-25,North,Chandigarh,Cricket Bat English Willow,Sports,1,8615.0,8615,CUST-51666,App
UK-2026-104320,2026-06-07,North,Gurugram,Smart Watch X2,Electronics,2,4597.0,9194,CUST-42275,Marketplace
UK-2026-103974,2026-05-26,North,Gurugram,Cotton Kurta Set,Fashion,2,1276.0,2552,CUST-62070,Website
UK-2026-102173,2026-03-16,North,Noida,Cotton Kurta Set,Fashion,1,1248.0,1248,CUST-68612,App
UK-2026-103981,2026-05-22,South,Chennai,Modern Wall Clock,Home & Kitchen,1,822.0,822,CUST-16832,App
UK-2026-102643,2026-04-22,North,Gurugram,Ionic Hair Dryer,Beauty,2,1831.0,3662,CUST-66686,Marketplace
UK-2026-101558,2026-03-08,South,Kochi,Eau de Parfum 100ml,Beauty,1,2032.0,2032,CUST-56538,Website
UK-2026-101556,2026-03-29,South,Kochi,Slim Fit Jeans,Fashion,3,1608.0,4824,CUST-50385,Website
UK-2026-101984,2026-03-03,South,Kochi,Makeup Brush Set,Beauty,2,1256.0,2512,CUST-89274,Website
UK-2026-102670,2026-04-18,East,Guwahati,43-inch Smart TV,Electronics,1,27101.0,27101,CUST-85124,App
UK-2026-100420,2026-01-23,Central,Nagpur,Air Fryer 5L,Home & Kitchen,2,5250.0,10500,CUST-54754,Website
UK-2026-101334,2026-02-08,East,Patna,Dinner Set 24pc,Home & Kitchen,1,2443.0,2443,CUST-62830,Website
UK-2026-101400,2026-02-05,North,Gurugram,Ethnic Dupatta,Fashion,1,523.0,523,CUST-41038,Marketplace
UK-2026-101128,2026-02-17,Central,Raipur,Matte Lipstick Set,Beauty,2,917.0,1834,CUST-60181,Website
UK-2026-100969,2026-02-08,South,Kochi,Beard Grooming Kit,Beauty,1,1013.0,1013,CUST-37007,App
UK-2026-101466,2026-03-05,South,Bengaluru,Ethnic Dupatta,Fashion,1,477.0,477,CUST-80559,App
UK-2026-104861,2026-06-18,East,Kolkata,Robot Vacuum R7,Home & Kitchen,1,19116.0,19116,CUST-33758,Website
UK-2026-103500,2026-05-31,South,Bengaluru,Smart Watch X2,Electronics,1,4394.0,4394,CUST-66993,Marketplace
UK-2026-103650,2026-05-15,West,Pune,Mixer Grinder 750W,Home & Kitchen,1,3339.0,3339,CUST-85132,Marketplace
UK-2026-104543,2026-06-10,Central,Indore,Ultrabook Air 14,Electronics,2,30679.0,61358,CUST-93842,Marketplace
UK-2026-101535,2026-03-09,South,Hyderabad,Power Bank 20000mAh,Electronics,1,1812.0,1812,CUST-67230,Website
UK-2026-103418,2026-05-30,West,Pune,Ultrabook Air 14,Electronics,2,30177.0,60354,CUST-94744,App
UK-2026-101398,2026-02-24,West,Mumbai,Wireless Earbuds Pro,Electronics,2,3095.0,6190,CUST-98724,App
UK-2026-101478,2026-03-22,West,Mumbai,Leather Wallet,Fashion,1,865.0,865,CUST-79381,Website
UK-2026-104595,2026-06-05,West,Surat,Football Size 5,Sports,1,894.0,894,CUST-40006,Website
UK-2026-103833,2026-05-12,Central,Bhopal,Ionic Hair Dryer,Beauty,2,1988.0,3976,CUST-50186,App
UK-2026-102135,2026-03-20,North,Delhi,Non-Stick Cookware Set,Home & Kitchen,1,2989.0,2989,CUST-19014,Website
UK-2026-100485,2026-01-06,West,Surat,Running Sneakers,Fashion,1,2871.0,2871,CUST-36688,App
UK-2026-102348,2026-04-03,North,Delhi,Modern Wall Clock,Home & Kitchen,1,761.0,761,CUST-28053,App
UK-2026-101927,2026-03-18,South,Chennai,Ultrabook Air 14,Electronics,1,28637.0,28637,CUST-38525,Website
UK-2026-101353,2026-02-15,South,Hyderabad,Running Sneakers,Fashion,1,2695.0,2695,CUST-36119,App
UK-2026-103449,2026-05-10,West,Mumbai,Ethnic Dupatta,Fashion,1,488.0,488,CUST-22971,App
UK-2026-100444,2026-01-07,West,Mumbai,Yoga Mat Pro,Sports,1,1211.0,1211,CUST-59259,Marketplace
UK-2026-101303,2026-02-12,West,Surat,Slim Fit Jeans,Fashion,2,1574.0,3148,CUST-28964,Website
UK-2026-100210,2026-01-01,Central,Indore,Eau de Parfum 100ml,Beauty,1,1972.0,1972,CUST-95279,App
UK-2026-101999,2026-03-22,East,Kolkata,Bluetooth Speaker Mini,Electronics,2,1521.0,3042,CUST-75247,App
UK-2026-103549,2026-05-07,North,Noida,Football Size 5,Sports,1,889.0,889,CUST-65040,Website
UK-2026-100205,2026-01-01,North,Noida,Air Fryer 5L,Home & Kitchen,1,5403.0,5403,CUST-81489,Marketplace
UK-2026-103895,2026-05-21,South,Hyderabad,Ionic Hair Dryer,Beauty,3,1969.0,5907,CUST-39966,App
UK-2026-102179,2026-03-10,West,Mumbai,Ethnic Dupatta,Fashion,1,515.0,515,CUST-57722,Website
UK-2026-101580,2026-03-17,South,Bengaluru,Sunscreen SPF50,Beauty,2,571.0,1142,CUST-11494,Marketplace
UK-2026-103884,2026-05-26,West,Mumbai,Silk Saree,Fashion,2,3654.0,7308,CUST-94646,App
UK-2026-104598,2026-06-24,North,Delhi,Eau de Parfum 100ml,Beauty,2,2093.0,4186,CUST-55731,Website
UK-2026-101990,2026-03-16,North,Noida,Denim Jacket,Fashion,1,2224.0,2224,CUST-36504,App
UK-2026-104976,2026-06-16,West,Surat,Modern Wall Clock,Home & Kitchen,1,793.0,793,CUST-80400,Marketplace
UK-2026-104525,2026-06-04,North,Delhi,Vitamin C Serum,Beauty,1,679.0,679,CUST-82839,Website
UK-2026-102956,2026-04-16,North,Delhi,Modern Wall Clock,Home & Kitchen,1,797.0,797,CUST-75923,App
UK-2026-100241,2026-01-27,West,Mumbai,Ethnic Dupatta,Fashion,1,508.0,508,CUST-83378,App
UK-2026-100010,2026-01-16,North,Delhi,Formal Shirt,Fashion,1,1153.0,1153,CUST-26060,Website
UK-2026-104114,2026-06-09,East,Bhubaneswar,Leather Wallet,Fashion,1,912.0,912,CUST-85269,App
UK-2026-100469,2026-01-31,Central,Nagpur,Electric Kettle 1.5L,Home & Kitchen,1,1129.0,1129,CUST-97014,Website
UK-2026-104878,2026-06-02,West,Surat,Matte Lipstick Set,Beauty,1,913.0,913,CUST-39895,App
UK-2026-102418,2026-04-23,South,Kochi,Denim Jacket,Fashion,1,2162.0,2162,CUST-56374,Website
UK-2026-100874,2026-02-20,North,Delhi,Leather Wallet,Fashion,1,897.0,897,CUST-76845,Marketplace
UK-2026-103699,2026-05-29,North,Chandigarh,Modern Wall Clock,Home & Kitchen,2,771.0,1542,CUST-22439,Website
UK-2026-103140,2026-05-30,East,Bhubaneswar,Wireless Earbuds Pro,Electronics,2,2995.0,5990,CUST-48593,App
UK-2026-100317,2026-01-21,West,Pune,Denim Jacket,Fashion,1,2243.0,2243,CUST-87425,App
UK-2026-101486,2026-03-21,South,Hyderabad,Matte Lipstick Set,Beauty,1,930.0,930,CUST-23291,Website
UK-2026-103152,2026-05-22,West,Mumbai,Running Sneakers,Fashion,1,2740.0,2740,CUST-94026,App
UK-2026-103245,2026-05-26,South,Chennai,Air Fryer 5L,Home & Kitchen,1,5542.0,5542,CUST-80580,App
UK-2026-100327,2026-01-29,East,Bhubaneswar,Mirrorless Camera Lite,Electronics,1,28576.0,28576,CUST-79381,App
UK-2026-102547,2026-04-13,North,Gurugram,Modern Wall Clock,Home & Kitchen,1,832.0,832,CUST-77271,App
UK-2026-103223,2026-05-05,South,Hyderabad,Makeup Brush Set,Beauty,1,1311.0,1311,CUST-57436,Website
UK-2026-101246,2026-02-20,North,Noida,Cotton Kurta Set,Fashion,2,1289.0,2578,CUST-82744,App
UK-2026-104801,2026-06-12,East,Guwahati,Running Sneakers,Fashion,1,2817.0,2817,CUST-54939,App
UK-2026-103770,2026-05-08,South,Hyderabad,Face Wash Combo,Beauty,1,456.0,456,CUST-23973,App
UK-2026-103434,2026-05-18,West,Mumbai,Power Bank 20000mAh,Electronics,1,1718.0,1718,CUST-78083,Website
UK-2026-102360,2026-04-10,East,Patna,Wireless Earbuds Pro,Electronics,2,3012.0,6024,CUST-40802,App
UK-2026-104703,2026-06-01,East,Guwahati,Vitamin C Serum,Beauty,1,698.0,698,CUST-48546,Website
UK-2026-102105,2026-03-18,West,Mumbai,Vitamin C Serum,Beauty,1,676.0,676,CUST-63216,App
UK-2026-102244,2026-04-23,South,Kochi,Wireless Earbuds Pro,Electronics,1,2858.0,2858,CUST-85517,Website
UK-2026-104968,2026-06-04,West,Mumbai,Dinner Set 24pc,Home & Kitchen,1,2431.0,2431,CUST-61074,Marketplace
UK-2026-104454,2026-06-07,East,Kolkata,Cotton Bedsheet Set,Home & Kitchen,1,1426.0,1426,CUST-88836,App
UK-2026-103888,2026-05-05,Central,Nagpur,Robot Vacuum R7,Home & Kitchen,1,19483.0,19483,CUST-67637,App
UK-2026-101064,2026-02-25,Central,Bhopal,Foldable Treadmill T2,Sports,1,25596.0,25596,CUST-35161,App
UK-2026-103752,2026-05-03,South,Chennai,Non-Stick Cookware Set,Home & Kitchen,1,3005.0,3005,CUST-21442,Website
UK-2026-104360,2026-06-22,South,Hyderabad,Noise-Cancelling Headphones,Electronics,1,8712.0,8712,CUST-80400,Marketplace
UK-2026-104736,2026-06-11,East,Patna,Wireless Earbuds Pro,Electronics,1,3117.0,3117,CUST-60969,App
UK-2026-103769,2026-05-23,North,Chandigarh,Ionic Hair Dryer,Beauty,1,1963.0,1963,CUST-50059,App
UK-2026-100483,2026-01-02,Central,Indore,Smart Watch X2,Electronics,2,4360.0,8720,CUST-55053,App
UK-2026-102722,2026-04-26,West,Mumbai,Gym Gloves,Sports,2,480.0,960,CUST-98724,Website
UK-2026-104697,2026-06-24,South,Hyderabad,Bluetooth Speaker Mini,Electronics,1,1504.0,1504,CUST-58002,App
UK-2026-103870,2026-05-05,West,Ahmedabad,Gym Gloves,Sports,1,483.0,483,CUST-42275,App
UK-2026-103345,2026-05-15,North,Gurugram,Foldable Treadmill T2,Sports,2,25452.0,50904,CUST-54161,App
UK-2026-103490,2026-05-20,West,Mumbai,Robot Vacuum R7,Home & Kitchen,1,19480.0,19480,CUST-24703,App
UK-2026-104871,2026-06-25,East,Patna,Running Sneakers,Fashion,2,2752.0,5504,CUST-97129,App
UK-2026-104246,2026-06-08,North,Noida,Denim Jacket,Fashion,1,2117.0,2117,CUST-41697,App
UK-2026-103193,2026-05-13,West,Mumbai,Denim Jacket,Fashion,1,2191.0,2191,CUST-41038,Website
UK-2026-104433,2026-06-09,West,Mumbai,Robot Vacuum R7,Home & Kitchen,2,18905.0,37810,CUST-22775,App
UK-2026-104661,2026-06-13,North,Chandigarh,Robot Vacuum R7,Home & Kitchen,1,19244.0,19244,CUST-83125,Marketplace
UK-2026-104387,2026-06-05,West,Mumbai,Mirrorless Camera Lite,Electronics,2,30185.0,60370,CUST-17188,App
UK-2026-100374,2026-01-23,West,Mumbai,Ultrabook Air 14,Electronics,1,31400.0,31400,CUST-22439,Website
UK-2026-101292,2026-02-19,North,Chandigarh,Air Fryer 5L,Home & Kitchen,2,5697.0,11394,CUST-72034,Website
UK-2026-103099,2026-05-07,West,Ahmedabad,Power Bank 20000mAh,Electronics,1,1857.0,1857,CUST-15796,App
UK-2026-100982,2026-02-01,Central,Bhopal,Electric Kettle 1.5L,Home & Kitchen,1,1077.0,1077,CUST-38523,Website
UK-2026-102955,2026-04-01,West,Surat,Slim Fit Jeans,Fashion,1,1631.0,1631,CUST-85684,App
UK-2026-101959,2026-03-13,East,Patna,Formal Shirt,Fashion,1,1119.0,1119,CUST-59922,Marketplace
UK-2026-102106,2026-03-13,North,Chandigarh,Noise-Cancelling Headphones,Electronics,2,9219.0,18438,CUST-25971,Website
UK-2026-102065,2026-03-17,Central,Indore,Modern Wall Clock,Home & Kitchen,2,831.0,1662,CUST-83547,App
UK-2026-101993,2026-03-22,South,Chennai,Denim Jacket,Fashion,1,2182.0,2182,CUST-35892,App
UK-2026-101515,2026-03-14,South,Chennai,Mirrorless Camera Lite,Electronics,1,27965.0,27965,CUST-72132,Marketplace
UK-2026-104292,2026-06-10,South,Chennai,Noise-Cancelling Headphones,Electronics,1,8796.0,8796,CUST-15419,Website
UK-2026-102172,2026-03-10,Central,Bhopal,Denim Jacket,Fashion,2,2261.0,4522,CUST-83135,Website
UK-2026-102042,2026-03-25,West,Surat,Mixer Grinder 750W,Home & Kitchen,3,3407.0,10221,CUST-21782,App
UK-2026-100806,2026-02-25,North,Chandigarh,Sunscreen SPF50,Beauty,1,526.0,526,CUST-66598,App
UK-2026-100097,2026-01-02,South,Kochi,Air Fryer 5L,Home & Kitchen,1,5632.0,5632,CUST-52882,App
UK-2026-100506,2026-01-20,North,Chandigarh,Matte Lipstick Set,Beauty,1,943.0,943,CUST-52681,App
UK-2026-100789,2026-02-11,North,Delhi,Leather Wallet,Fashion,1,936.0,936,CUST-47644,App
UK-2026-104223,2026-06-13,North,Gurugram,Electric Kettle 1.5L,Home & Kitchen,1,1138.0,1138,CUST-29618,Website
UK-2026-101110,2026-02-05,West,Mumbai,Modern Wall Clock,Home & Kitchen,2,771.0,1542,CUST-93739,Website
UK-2026-104659,2026-06-19,East,Patna,Wireless Earbuds Pro,Electronics,1,2966.0,2966,CUST-21345,Marketplace
UK-2026-100689,2026-01-17,North,Chandigarh,Mirrorless Camera Lite,Electronics,1,29173.0,29173,CUST-77360,App
UK-2026-103760,2026-05-24,South,Hyderabad,Noise-Cancelling Headphones,Electronics,3,9034.0,27102,CUST-57194,Marketplace
UK-2026-102323,2026-04-26,South,Bengaluru,Electric Kettle 1.5L,Home & Kitchen,4,1064.0,4256,CUST-93115,Marketplace
UK-2026-100454,2026-01-06,North,Gurugram,Robot Vacuum R7,Home & Kitchen,1,19928.0,19928,CUST-68899,Website
UK-2026-104482,2026-06-04,South,Hyderabad,Mirrorless Camera Lite,Electronics,1,28549.0,28549,CUST-70969,Marketplace
UK-2026-100607,2026-01-07,West,Mumbai,Silk Saree,Fashion,2,3596.0,7192,CUST-16893,Marketplace
UK-2026-104095,2026-06-24,South,Chennai,Cotton Bedsheet Set,Home & Kitchen,2,1443.0,2886,CUST-97460,Marketplace
UK-2026-101374,2026-02-18,Central,Indore,Eau de Parfum 100ml,Beauty,2,2041.0,4082,CUST-65478,Website
UK-2026-104486,2026-06-27,West,Pune,Slim Fit Jeans,Fashion,1,1601.0,1601,CUST-76336,Website
UK-2026-102780,2026-04-13,North,Noida,Running Sneakers,Fashion,1,2934.0,2934,CUST-10339,App
UK-2026-103563,2026-05-27,East,Kolkata,Smart Watch X2,Electronics,1,4672.0,4672,CUST-13159,Website
UK-2026-101040,2026-02-16,West,Mumbai,Noise-Cancelling Headphones,Electronics,1,8576.0,8576,CUST-18505,Marketplace
UK-2026-103495,2026-05-16,West,Mumbai,Bluetooth Speaker Mini,Electronics,2,1444.0,2888,CUST-43985,App
UK-2026-100307,2026-01-23,Central,Bhopal,Eau de Parfum 100ml,Beauty,1,1923.0,1923,CUST-31167,Website
UK-2026-101596,2026-03-06,North,Noida,Adjustable Dumbbells 15kg,Sports,3,5148.0,15444,CUST-70729,App
UK-2026-101607,2026-03-16,North,Delhi,Denim Jacket,Fashion,1,2089.0,2089,CUST-84650,App
UK-2026-102639,2026-04-03,South,Bengaluru,Noise-Cancelling Headphones,Electronics,2,8554.0,17108,CUST-12236,Website
UK-2026-102558,2026-04-17,South,Bengaluru,43-inch Smart TV,Electronics,1,26093.0,26093,CUST-82062,Marketplace
UK-2026-102681,2026-04-29,Central,Nagpur,Cycling Helmet,Sports,1,1673.0,1673,CUST-45408,App
UK-2026-101690,2026-03-22,East,Kolkata,Eau de Parfum 100ml,Beauty,1,2043.0,2043,CUST-52969,Website
UK-2026-102283,2026-04-11,Central,Nagpur,Slim Fit Jeans,Fashion,3,1651.0,4953,CUST-77878,Website
UK-2026-101578,2026-03-25,West,Surat,Face Wash Combo,Beauty,1,431.0,431,CUST-48032,App
UK-2026-101981,2026-03-08,West,Surat,Electric Kettle 1.5L,Home & Kitchen,2,1061.0,2122,CUST-58703,Marketplace
UK-2026-104012,2026-05-28,South,Chennai,Badminton Racket Set,Sports,1,2429.0,2429,CUST-63109,Website
UK-2026-101130,2026-02-15,South,Kochi,Matte Lipstick Set,Beauty,1,919.0,919,CUST-74813,Website
UK-2026-101427,2026-02-20,North,Gurugram,Cotton Bedsheet Set,Home & Kitchen,2,1341.0,2682,CUST-29621,Website
UK-2026-103220,2026-05-13,South,Bengaluru,Mirrorless Camera Lite,Electronics,1,30409.0,30409,CUST-27530,App
UK-2026-102355,2026-04-04,South,Hyderabad,Mirrorless Camera Lite,Electronics,2,28742.0,57484,CUST-62830,App
UK-2026-104439,2026-06-11,North,Chandigarh,Foldable Treadmill T2,Sports,3,24825.0,74475,CUST-36419,Website
UK-2026-104683,2026-06-11,South,Hyderabad,Air Fryer 5L,Home & Kitchen,1,5562.0,5562,CUST-26262,Website
UK-2026-103161,2026-05-17,South,Bengaluru,Mirrorless Camera Lite,Electronics,2,30041.0,60082,CUST-77097,Website
UK-2026-103089,2030-04-26,South,Chennai,Dinner Set 24pc,Home & Kitchen,2,2524.0,5048,CUST-32483,App
UK-2026-101590,2026-03-18,North,Gurugram,Power Bank 20000mAh,Electronics,2,1824.0,3648,CUST-76875,Website
UK-2026-104058,2026-06-16,West,Pune,Cricket Bat English Willow,Sports,3,9048.0,27144,CUST-65801,Website
UK-2026-102931,2026-04-18,South,Hyderabad,Ultrabook Air 14,Electronics,1,28514.0,28514,CUST-44493,Marketplace
UK-2026-104953,2026-06-01,West,Mumbai,Non-Stick Cookware Set,Home & Kitchen,1,2952.0,2952,CUST-52681,App
UK-2026-101857,2026-03-23,North,Delhi,Cotton Bedsheet Set,Home & Kitchen,1,1458.0,1458,CUST-92068,Website
UK-2026-102454,2026-04-16,South,Chennai,Ultrabook Air 14,Electronics,1,29059.0,29059,CUST-43402,Website
UK-2026-100460,2026-01-15,West,Ahmedabad,Yoga Mat Pro,Sports,1,1255.0,1255,CUST-59922,Website
UK-2026-102781,2026-04-16,West,Mumbai,Robot Vacuum R7,Home & Kitchen,4,18127.0,72508,CUST-65435,App
UK-2026-102796,2026-04-15,North,Chandigarh,Mirrorless Camera Lite,Electronics,2,28705.0,57410,CUST-37443,App
UK-2026-100894,2026-02-05,West,Mumbai,Silk Saree,Fashion,1,3505.0,3505,CUST-28453,App
UK-2026-104902,2026-06-02,East,Bhubaneswar,Ultrabook Air 14,Electronics,2,31474.0,62948,CUST-39154,Marketplace
UK-2026-104170,2026-06-30,North,Chandigarh,Mirrorless Camera Lite,Electronics,1,30401.0,30401,CUST-56538,Marketplace
UK-2026-102532,2026-04-10,West,Pune,Air Fryer 5L,Home & Kitchen,2,5251.0,10502,CUST-29255,Website
UK-2026-103725,2026-05-12,East,Patna,Air Fryer 5L,Home & Kitchen,2,5545.0,11090,CUST-35717,Marketplace
UK-2026-100810,2026-02-01,South,Bengaluru,Power Bank 20000mAh,Electronics,1,1731.0,1731,CUST-55667,Marketplace
UK-2026-101402,2026-02-17,East,Bhubaneswar,Robot Vacuum R7,Home & Kitchen,1,18405.0,18405,CUST-95118,App
UK-2026-103966,2026-05-14,South,Bengaluru,Ethnic Dupatta,Fashion,1,498.0,498,CUST-93364,Website
UK-2026-103544,2026-05-06,West,Mumbai,Air Fryer 5L,Home & Kitchen,1,5622.0,5622,CUST-44200,App
UK-2026-100759,2026-02-18,East,Bhubaneswar,Air Fryer 5L,Home & Kitchen,1,5535.0,5535,CUST-21436,App
UK-2026-100581,2026-01-21,East,Kolkata,Cotton Kurta Set,Fashion,1,1296.0,1296,CUST-42629,App
UK-2026-100671,2026-01-07,South,Chennai,Bluetooth Speaker Mini,Electronics,1,1504.0,1504,CUST-22320,Website
UK-2026-102024,2026-03-02,West,Surat,Yoga Mat Pro,Sports,1,1161.0,1161,CUST-66618,Marketplace
UK-2026-104934,2026-06-05,North,Delhi,Silk Saree,Fashion,1,3559.0,3559,CUST-66445,App
UK-2026-100766,2026-02-14,South,Hyderabad,Smart Watch X2,Electronics,1,4399.0,4399,CUST-73078,App
UK-2026-103829,2026-05-31,South,Hyderabad,Adjustable Dumbbells 15kg,Sports,1,5092.0,5092,CUST-23276,Marketplace
UK-2026-104366,2026-06-05,Central,Raipur,Running Sneakers,Fashion,1,2799.0,2799,CUST-63622,Marketplace
UK-2026-100504,2026-01-23,East,Guwahati,Robot Vacuum R7,Home & Kitchen,2,18248.0,36496,CUST-71851,Website
UK-2026-100180,2026-01-29,North,Delhi,Beard Grooming Kit,Beauty,3,977.0,2931,CUST-26976,Marketplace
UK-2026-101091,2026-02-25,Central,Raipur,Bluetooth Speaker Mini,Electronics,2,1507.0,3014,CUST-61079,Marketplace
UK-2026-104446,2026-06-09,West,Ahmedabad,Sunscreen SPF50,Beauty,1,554.0,554,CUST-81816,App
UK-2026-102851,2026-04-06,South,Bengaluru,Face Wash Combo,Beauty,2,436.0,872,CUST-29594,App
UK-2026-104534,2026-06-26,North,Delhi,Electric Kettle 1.5L,Home & Kitchen,1,1129.0,1129,CUST-91101,Marketplace
UK-2026-104357,2026-06-26,South,Kochi,Wireless Earbuds Pro,Electronics,2,3119.0,6238,CUST-37993,App
UK-2026-104577,2026-06-18,East,Patna,Wireless Earbuds Pro,Electronics,3,2906.0,8718,CUST-90457,Marketplace
UK-2026-102506,2026-04-11,Central,Bhopal,Mixer Grinder 750W,Home & Kitchen,1,3157.0,3157,CUST-73802,Website
UK-2026-103532,2026-05-05,North,Gurugram,Mirrorless Camera Lite,Electronics,1,29326.0,29326,CUST-76728,App
UK-2026-102400,2026-04-20,South,Kochi,Mirrorless Camera Lite,Electronics,1,28599.0,28599,CUST-29063,App
UK-2026-101934,2026-03-16,East,Guwahati,Smart Watch X2,Electronics,1,4377.0,4377,CUST-32997,App
UK-2026-101271,2026-02-11,North,Gurugram,Football Size 5,Sports,1,896.0,896,CUST-13632,Website
UK-2026-104174,2026-06-14,Central,Indore,43-inch Smart TV,Electronics,1,26924.0,26924,CUST-14911,App
UK-2026-103443,2026-05-30,Central,Indore,Vitamin C Serum,Beauty,2,698.0,1396,CUST-31162,Website
UK-2026-104644,2026-06-01,South,Kochi,Foldable Treadmill T2,Sports,1,24992.0,24992,CUST-66412,Marketplace
UK-2026-102896,2026-04-08,South,Chennai,Cotton Bedsheet Set,Home & Kitchen,1,1357.0,1357,CUST-36375,App
UK-2026-101750,2026-03-03,South,Kochi,Makeup Brush Set,Beauty,3,1276.0,3828,CUST-16741,Website
UK-2026-101058,2009-02-26,South,Hyderabad,Noise-Cancelling Headphones,Electronics,1,8769.0,8769,CUST-22089,App
UK-2026-101333,2026-02-09,North,Delhi,Silk Saree,Fashion,1,3361.0,3361,CUST-35890,App
UK-2026-103961,2026-05-17,Central,Bhopal,Adjustable Dumbbells 15kg,Sports,1,4958.0,4958,CUST-94153,Website
UK-2026-104185,2026-06-03,Central,Bhopal,Mirrorless Camera Lite,Electronics,1,28760.0,28760,CUST-98541,App
UK-2026-102154,2026-03-03,South,Bengaluru,Ethnic Dupatta,Fashion,2,493.0,986,CUST-68612,App
UK-2026-100601,2026-01-11,West,Mumbai,Noise-Cancelling Headphones,Electronics,2,9199.0,18398,CUST-74627,App
UK-2026-102329,2026-04-20,North,Chandigarh,Bluetooth Speaker Mini,Electronics,1,1502.0,1502,CUST-33758,App
UK-2026-102653,2026-04-16,Central,Nagpur,Dinner Set 24pc,Home & Kitchen,2,2567.0,5134,CUST-25869,App
UK-2026-103706,2026-05-19,North,Chandigarh,Modern Wall Clock,Home & Kitchen,1,805.0,805,CUST-34112,App
UK-2026-104173,2026-06-30,South,Chennai,43-inch Smart TV,Electronics,1,25103.0,25103,CUST-41996,App
UK-2026-103342,2026-05-29,East,Kolkata,Face Wash Combo,Beauty,1,428.0,428,CUST-40002,Website
UK-2026-102638,2026-04-25,East,Guwahati,Power Bank 20000mAh,Electronics,1,1871.0,1871,CUST-59064,App
UK-2026-101018,2026-02-23,South,Bengaluru,Formal Shirt,Fashion,1,1047.0,1047,CUST-35917,Website
UK-2026-101799,2026-03-25,North,Delhi,Robot Vacuum R7,Home & Kitchen,2,19221.0,38442,CUST-62679,Website
UK-2026-103697,2026-05-10,Central,Nagpur,Ethnic Dupatta,Fashion,1,519.0,519,CUST-91298,App
UK-2026-101425,2026-02-21,North,Gurugram,Gym Gloves,Sports,1,503.0,503,CUST-91607,App
UK-2026-100676,2026-01-18,South,Bengaluru,Matte Lipstick Set,Beauty,1,878.0,878,CUST-89194,App
UK-2026-104279,2026-06-27,East,Patna,Cotton Kurta Set,Fashion,1,1327.0,1327,CUST-56292,App
UK-2026-104910,2026-06-21,North,Noida,Slim Fit Jeans,Fashion,1,1622.0,1622,CUST-16832,App
UK-2026-104029,2026-06-16,North,Chandigarh,Robot Vacuum R7,Home & Kitchen,2,19725.0,39450,CUST-98820,Website
UK-2026-103984,2026-05-08,West,Surat,Leather Wallet,Fashion,2,869.0,1738,CUST-92232,App
UK-2026-101450,2026-02-13,West,Ahmedabad,Non-Stick Cookware Set,Home & Kitchen,1,2886.0,2886,CUST-74062,Website
UK-2026-104531,2026-06-10,West,Mumbai,Smart Watch X2,Electronics,2,4492.0,8984,CUST-52270,Marketplace
UK-2026-101660,2001-03-26,South,Chennai,Modern Wall Clock,Home & Kitchen,1,837.0,837,CUST-79301,Website
UK-2026-102598,2026-04-17,North,Noida,Mirrorless Camera Lite,Electronics,2,28558.0,57116,CUST-14405,Marketplace
UK-2026-103398,2026-05-18,West,Surat,Ultrabook Air 14,Electronics,1,29443.0,29443,CUST-23050,App
UK-2026-102246,2026-04-16,South,Hyderabad,Badminton Racket Set,Sports,1,2499.0,2499,CUST-18787,Marketplace
UK-2026-104640,2026-06-21,South,Chennai,Gym Gloves,Sports,3,519.0,1557,CUST-68888,App
UK-2026-100791,2026-02-15,South,Hyderabad,Eau de Parfum 100ml,Beauty,2,1989.0,3978,CUST-22533,Website
UK-2026-103019,2026-04-11,East,Bhubaneswar,Cycling Helmet,Sports,2,1537.0,3074,CUST-55160,Website
UK-2026-104420,2026-06-08,West,Pune,Vitamin C Serum,Beauty,1,690.0,690,CUST-93842,Marketplace
UK-2026-101614,2026-03-18,South,Chennai,Cotton Bedsheet Set,Home & Kitchen,1,1352.0,1352,CUST-74097,Website
UK-2026-103010,2026-04-20,West,Surat,Denim Jacket,Fashion,3,2219.0,6657,CUST-29083,App
UK-2026-104638,2026-06-28,West,Ahmedabad,Cotton Kurta Set,Fashion,1,1262.0,1262,CUST-87054,App
UK-2026-102495,2026-04-10,North,Delhi,Badminton Racket Set,Sports,2,2397.0,4794,CUST-49096,App
UK-2026-100355,2026-01-04,West,Ahmedabad,Ethnic Dupatta,Fashion,2,506.0,1012,CUST-11671,Website
UK-2026-103234,2026-05-29,South,Hyderabad,Cricket Bat English Willow,Sports,1,9224.0,9224,CUST-51400,Marketplace
UK-2026-102620,2026-04-14,South,Kochi,Power Bank 20000mAh,Electronics,1,1837.0,1837,CUST-78102,Marketplace
UK-2026-102828,2026-04-08,Central,Bhopal,Cycling Helmet,Sports,1,1606.0,1606,CUST-15399,App
UK-2026-102576,2026-04-07,Central,Indore,Non-Stick Cookware Set,Home & Kitchen,1,2798.0,2798,CUST-14442,App
UK-2026-101803,2026-03-19,West,Surat,Cotton Kurta Set,Fashion,1,1254.0,1254,CUST-39561,Marketplace
UK-2026-100854,2026-02-26,North,Gurugram,Denim Jacket,Fashion,3,2258.0,6774,CUST-64998,App
UK-2026-102550,2026-04-20,East,Kolkata,Cotton Bedsheet Set,Home & Kitchen,1,1343.0,1343,CUST-91101,App
UK-2026-102678,2026-04-19,South,Kochi,Gym Gloves,Sports,1,481.0,481,CUST-43035,Website
UK-2026-101212,2026-02-07,West,Pune,Formal Shirt,Fashion,1,1116.0,1116,CUST-63380,Website
UK-2026-101856,2026-03-07,South,Bengaluru,Slim Fit Jeans,Fashion,1,1627.0,1627,CUST-80136,Website
UK-2026-100191,2026-01-08,North,Chandigarh,Mirrorless Camera Lite,Electronics,1,29375.0,29375,CUST-13159,App
UK-2026-103123,2026-05-25,North,Chandigarh,Non-Stick Cookware Set,Home & Kitchen,1,2860.0,2860,CUST-85717,Marketplace
UK-2026-103175,2026-05-22,West,Pune,Slim Fit Jeans,Fashion,1,1583.0,1583,CUST-16067,App
UK-2026-101854,2026-03-12,South,Kochi,Power Bank 20000mAh,Electronics,2,1756.0,3512,CUST-80001,App
UK-2026-102309,2026-04-06,North,Delhi,Ultrabook Air 14,Electronics,2,29386.0,58772,CUST-99653,App
UK-2026-103876,2026-05-05,West,Ahmedabad,Power Bank 20000mAh,Electronics,2,1771.0,3542,CUST-41996,App
UK-2026-100922,2026-02-23,South,Bengaluru,Leather Wallet,Fashion,1,926.0,926,CUST-66305,Website
UK-2026-100187,2026-01-02,West,Mumbai,Football Size 5,Sports,1,888.0,888,CUST-31669,Website
UK-2026-102510,2026-04-11,North,Delhi,Gym Gloves,Sports,2,517.0,1034,CUST-60583,Website
UK-2026-103344,2026-05-31,East,Bhubaneswar,Leather Wallet,Fashion,2,875.0,1750,CUST-61512,App
UK-2026-100744,2026-02-20,East,Patna,Eau de Parfum 100ml,Beauty,1,1929.0,1929,CUST-49894,Website
UK-2026-104538,2026-06-07,East,Guwahati,Denim Jacket,Fashion,1,2234.0,2234,CUST-11254,App
UK-2026-100521,2026-01-11,West,Mumbai,Cycling Helmet,Sports,2,1627.0,3254,CUST-68909,App
UK-2026-104890,2026-06-19,East,Kolkata,Noise-Cancelling Headphones,Electronics,1,8735.0,8735,CUST-17466,Marketplace
UK-2026-104627,2026-06-24,East,Bhubaneswar,Noise-Cancelling Headphones,Electronics,1,8575.0,8575,CUST-25582,App
UK-2026-103153,2026-05-23,Central,Indore,Bluetooth Speaker Mini,Electronics,1,1449.0,1449,CUST-93791,Marketplace
UK-2026-103857,2026-05-06,South,Chennai,Denim Jacket,Fashion,1,2145.0,2145,CUST-96631,App
UK-2026-103445,2026-05-29,South,Bengaluru,Formal Shirt,Fashion,2,1086.0,2172,CUST-86267,App
UK-2026-104911,2026-06-22,North,Delhi,Silk Saree,Fashion,1,3574.0,3574,CUST-30669,Website
UK-2026-103488,2026-05-26,South,Chennai,Formal Shirt,Fashion,1,1058.0,1058,CUST-25869,App
UK-2026-102013,2026-03-04,West,Mumbai,Denim Jacket,Fashion,2,2273.0,4546,CUST-83448,App
UK-2026-101272,2026-02-15,West,Surat,Cycling Helmet,Sports,1,1660.0,1660,CUST-96069,Marketplace
UK-2026-102981,2026-04-19,East,Guwahati,Gym Gloves,Sports,2,480.0,960,CUST-70085,Website
UK-2026-102734,2026-04-23,South,Bengaluru,Formal Shirt,Fashion,1,1123.0,1123,CUST-86975,Marketplace
UK-2026-102949,2026-04-07,West,Surat,Face Wash Combo,Beauty,2,458.0,916,CUST-44628,Website
UK-2026-101312,2026-02-17,South,Hyderabad,Smart Watch X2,Electronics,1,4527.0,4527,CUST-10299,App
UK-2026-103854,2026-05-30,South,Chennai,Ultrabook Air 14,Electronics,2,29008.0,58016,CUST-35717,Marketplace
UK-2026-100763,2026-02-13,North,Delhi,Ultrabook Air 14,Electronics,1,29013.0,29013,CUST-98323,Marketplace
UK-2026-102910,2026-04-26,Central,Indore,Mirrorless Camera Lite,Electronics,1,29038.0,29038,CUST-89933,Website
UK-2026-103002,2026-04-23,West,Mumbai,43-inch Smart TV,Electronics,1,24894.0,24894,CUST-83289,Website
UK-2026-102960,2018-04-26,South,Chennai,Ethnic Dupatta,Fashion,1,480.0,480,CUST-28477,Website
UK-2026-101641,2026-03-04,West,Pune,Ionic Hair Dryer,Beauty,1,1923.0,1923,CUST-16696,App
UK-2026-103881,2026-05-15,North,Chandigarh,Mixer Grinder 750W,Home & Kitchen,3,3213.0,9639,CUST-44778,App
UK-2026-101411,2026-02-06,West,Surat,Face Wash Combo,Beauty,1,445.0,445,CUST-59989,App
UK-2026-103208,2026-05-01,West,Surat,Makeup Brush Set,Beauty,1,1356.0,1356,CUST-76118,Website
UK-2026-103729,2026-05-27,South,Bengaluru,Ethnic Dupatta,Fashion,1,497.0,497,CUST-31342,Website
UK-2026-104096,2026-06-08,South,Hyderabad,Dinner Set 24pc,Home & Kitchen,2,2504.0,5008,CUST-40802,App
UK-2026-101057,2026-02-22,East,Bhubaneswar,Running Sneakers,Fashion,1,2884.0,2884,CUST-92526,App
UK-2026-102684,2026-04-09,West,Surat,Robot Vacuum R7,Home & Kitchen,1,19589.0,19589,CUST-90055,Marketplace
UK-2026-103071,2026-04-10,West,Mumbai,Dinner Set 24pc,Home & Kitchen,2,2512.0,5024,CUST-95324,App
UK-2026-100083,2026-01-17,South,Kochi,Cotton Bedsheet Set,Home & Kitchen,1,1386.0,1386,CUST-44672,App
UK-2026-101481,2026-03-26,Central,Bhopal,Ethnic Dupatta,Fashion,1,483.0,483,CUST-13159,Website
UK-2026-101343,2026-02-07,East,Guwahati,Power Bank 20000mAh,Electronics,1,1816.0,1816,CUST-68909,Website
UK-2026-103885,2026-05-27,West,Pune,43-inch Smart TV,Electronics,1,27074.0,27074,CUST-74863,Marketplace
UK-2026-102942,2026-04-09,West,Ahmedabad,Silk Saree,Fashion,2,3626.0,7252,CUST-12048,Website
UK-2026-103199,2026-05-09,South,Hyderabad,43-inch Smart TV,Electronics,1,24991.0,24991,CUST-51862,Marketplace
UK-2026-104666,2026-06-01,Central,Nagpur,Robot Vacuum R7,Home & Kitchen,1,19429.0,19429,CUST-92670,Marketplace
UK-2026-104038,2026-06-28,West,Mumbai,Bluetooth Speaker Mini,Electronics,2,1440.0,2880,CUST-27293,Marketplace
UK-2026-102306,2026-04-09,West,Pune,Makeup Brush Set,Beauty,1,1342.0,1342,CUST-72408,Website
UK-2026-100113,2026-01-28,North,Gurugram,Yoga Mat Pro,Sports,1,1154.0,1154,CUST-23072,App
UK-2026-101818,2026-03-15,East,Kolkata,Cricket Bat English Willow,Sports,1,9069.0,9069,CUST-22943,App
UK-2026-100049,2026-01-01,North,Delhi,Running Sneakers,Fashion,4,2790.0,11160,CUST-61754,App
UK-2026-103766,2026-05-25,East,Bhubaneswar,Leather Wallet,Fashion,2,890.0,1780,CUST-60569,Website
UK-2026-103003,2026-04-14,South,Chennai,Slim Fit Jeans,Fashion,1,1567.0,1567,CUST-80558,Website
UK-2026-101754,2026-03-19,North,Gurugram,Power Bank 20000mAh,Electronics,4,1828.0,7312,CUST-61079,Website
UK-2026-102159,2026-03-15,South,Bengaluru,Badminton Racket Set,Sports,1,2502.0,2502,CUST-45152,Website
UK-2026-101098,2026-02-17,East,Kolkata,Eau de Parfum 100ml,Beauty,1,2047.0,2047,CUST-43035,Website
UK-2026-101769,2026-03-22,South,Hyderabad,Dinner Set 24pc,Home & Kitchen,2,2591.0,5182,CUST-31563,App
UK-2026-102914,2026-04-20,South,Chennai,Noise-Cancelling Headphones,Electronics,1,8755.0,8755,CUST-22612,Marketplace
UK-2026-102911,2026-04-08,South,Bengaluru,Slim Fit Jeans,Fashion,2,1612.0,3224,CUST-38704,Website
UK-2026-102381,2026-04-20,West,Pune,Denim Jacket,Fashion,1,2297.0,2297,CUST-62552,App
UK-2026-101043,2026-02-16,South,Bengaluru,Dinner Set 24pc,Home & Kitchen,2,2448.0,4896,CUST-22103,Website
UK-2026-101526,2026-03-05,South,Bengaluru,Modern Wall Clock,Home & Kitchen,2,819.0,1638,CUST-16628,Marketplace
UK-2026-104379,2026-06-01,Central,Indore,Robot Vacuum R7,Home & Kitchen,3,19689.0,59067,CUST-57081,App
UK-2026-100356,2026-01-05,South,Chennai,Wireless Earbuds Pro,Electronics,2,2884.0,5768,CUST-44021,App
UK-2026-101724,2026-03-13,North,Delhi,Matte Lipstick Set,Beauty,1,889.0,889,CUST-35161,App
UK-2026-104071,2026-06-03,North,Delhi,Non-Stick Cookware Set,Home & Kitchen,1,3005.0,3005,CUST-32870,Website
UK-2026-100155,2026-01-13,South,Kochi,Dinner Set 24pc,Home & Kitchen,2,2482.0,4964,CUST-66798,Website
UK-2026-102109,2026-03-10,North,Noida,Power Bank 20000mAh,Electronics,1,1713.0,1713,CUST-95086,App
UK-2026-103225,2026-05-05,North,Chandigarh,Sunscreen SPF50,Beauty,1,548.0,548,CUST-32595,App
UK-2026-102504,2026-04-27,West,Pune,Cricket Bat English Willow,Sports,1,9100.0,9100,CUST-57187,Website
UK-2026-100515,2026-01-17,South,Kochi,Bluetooth Speaker Mini,Electronics,1,1460.0,1460,CUST-95902,App
UK-2026-104518,2026-06-30,South,Bengaluru,Makeup Brush Set,Beauty,2,1317.0,2634,CUST-90229,Website
UK-2026-100178,2026-01-18,North,Noida,Cricket Bat English Willow,Sports,2,8915.0,17830,CUST-45022,Website
UK-2026-104301,2026-06-16,East,Patna,Ultrabook Air 14,Electronics,1,29533.0,29533,CUST-63814,Website
UK-2026-100645,2026-01-28,West,Ahmedabad,Ultrabook Air 14,Electronics,2,29023.0,58046,CUST-48814,Marketplace
UK-2026-100616,2026-01-21,North,Noida,Matte Lipstick Set,Beauty,1,858.0,858,CUST-58718,Website
UK-2026-104257,2026-06-05,North,Delhi,Mirrorless Camera Lite,Electronics,1,28020.0,28020,CUST-23152,App
UK-2026-103986,2026-05-29,North,Delhi,Ultrabook Air 14,Electronics,3,31345.0,94035,CUST-51714,Marketplace
UK-2026-100798,2026-02-08,North,Noida,Smart Watch X2,Electronics,2,4539.0,9078,CUST-65781,App
UK-2026-100636,2026-01-29,Central,Raipur,Mixer Grinder 750W,Home & Kitchen,1,3222.0,3222,CUST-92515,Marketplace
UK-2026-103937,2026-05-05,North,Gurugram,Robot Vacuum R7,Home & Kitchen,1,19838.0,19838,CUST-54166,App
UK-2026-103133,2026-05-08,South,Hyderabad,Cotton Bedsheet Set,Home & Kitchen,2,1424.0,2848,CUST-64091,Website
UK-2026-102096,2026-03-16,West,Pune,Ionic Hair Dryer,Beauty,1,1979.0,1979,CUST-50776,App
UK-2026-104523,2026-06-07,North,Gurugram,Formal Shirt,Fashion,2,1146.0,2292,CUST-54231,App
UK-2026-102654,2026-04-06,South,Kochi,43-inch Smart TV,Electronics,2,27141.0,54282,CUST-92031,Website
UK-2026-103825,2026-05-27,North,Chandigarh,Formal Shirt,Fashion,1,1129.0,1129,CUST-84443,App
UK-2026-102990,2026-04-24,Central,Indore,Silk Saree,Fashion,1,3622.0,3622,CUST-79790,App
UK-2026-100869,2026-02-04,Central,Nagpur,Ultrabook Air 14,Electronics,1,30697.0,30697,CUST-34373,Website
UK-2026-100989,2026-02-12,North,Chandigarh,Ethnic Dupatta,Fashion,1,510.0,510,CUST-64229,Website
UK-2026-102716,2026-04-26,North,Chandigarh,Ethnic Dupatta,Fashion,1,490.0,490,CUST-27196,App
UK-2026-104407,2026-06-05,West,Pune,Electric Kettle 1.5L,Home & Kitchen,1,1111.0,1111,CUST-11076,App
UK-2026-101342,2026-02-27,North,Gurugram,Bluetooth Speaker Mini,Electronics,2,1509.0,3018,CUST-42681,App
UK-2026-102028,2026-03-31,Central,Indore,Ionic Hair Dryer,Beauty,1,1946.0,1946,CUST-70607,Website
UK-2026-100608,2026-01-22,West,Ahmedabad,Noise-Cancelling Headphones,Electronics,1,9076.0,9076,CUST-57322,App
UK-2026-104002,2026-05-07,South,Bengaluru,Silk Saree,Fashion,1,3625.0,3625,CUST-93411,Website
UK-2026-104425,2026-06-01,North,Gurugram,Bluetooth Speaker Mini,Electronics,1,1450.0,1450,CUST-45088,Website
UK-2026-104766,2026-06-13,Central,Bhopal,Electric Kettle 1.5L,Home & Kitchen,1,1046.0,1046,CUST-60159,Marketplace
UK-2026-100977,2026-02-24,South,Bengaluru,Foldable Treadmill T2,Sports,1,25442.0,25442,CUST-76788,Website
UK-2026-101802,2026-03-26,East,Kolkata,Ethnic Dupatta,Fashion,1,512.0,512,CUST-99586,Website
UK-2026-102642,2026-04-05,West,Ahmedabad,Silk Saree,Fashion,2,3460.0,6920,CUST-75292,Website
UK-2026-104015,2026-05-08,West,Ahmedabad,Air Fryer 5L,Home & Kitchen,1,5718.0,5718,CUST-25843,Website
UK-2026-101351,2026-02-15,North,Gurugram,Wireless Earbuds Pro,Electronics,1,3036.0,3036,CUST-88591,Marketplace
UK-2026-101023,2026-02-16,Central,Raipur,Air Fryer 5L,Home & Kitchen,1,5259.0,5259,CUST-76788,App
UK-2026-103047,2026-04-29,North,Noida,Cotton Kurta Set,Fashion,1,1280.0,1280,CUST-52809,Website
UK-2026-102448,2026-04-27,North,Chandigarh,Noise-Cancelling Headphones,Electronics,1,9243.0,9243,CUST-92680,Marketplace
UK-2026-103465,2026-05-25,East,Bhubaneswar,Non-Stick Cookware Set,Home & Kitchen,1,2791.0,2791,CUST-29591,App
UK-2026-104270,2026-06-30,West,Pune,Mixer Grinder 750W,Home & Kitchen,2,3382.0,6764,CUST-62693,Website
UK-2026-103212,2026-05-03,West,Pune,Leather Wallet,Fashion,2,937.0,1874,CUST-22089,App
UK-2026-104435,2026-06-17,South,Kochi,Leather Wallet,Fashion,1,909.0,909,CUST-89661,App
UK-2026-104259,2026-06-24,East,Patna,Bluetooth Speaker Mini,Electronics,2,1456.0,2912,CUST-96983,App
UK-2026-100722,2026-02-01,South,Hyderabad,Gym Gloves,Sports,1,523.0,523,CUST-20881,App
UK-2026-101980,2026-03-01,South,Chennai,Beard Grooming Kit,Beauty,1,1014.0,1014,CUST-21987,App
UK-2026-100219,2026-01-10,South,Hyderabad,Cotton Kurta Set,Fashion,1,1279.0,1279,CUST-89934,Website
UK-2026-103090,2026-04-30,South,Kochi,Cotton Kurta Set,Fashion,1,1246.0,1246,CUST-37782,App
UK-2026-101006,2026-02-19,South,Chennai,Slim Fit Jeans,Fashion,1,1582.0,1582,CUST-72457,App
UK-2026-102444,2026-04-01,South,Bengaluru,Robot Vacuum R7,Home & Kitchen,1,18913.0,18913,CUST-57081,App
UK-2026-100916,2026-02-13,North,Chandigarh,Ultrabook Air 14,Electronics,1,28933.0,28933,CUST-63643,App
UK-2026-101708,2026-03-13,South,Hyderabad,43-inch Smart TV,Electronics,1,24739.0,24739,CUST-66924,App
UK-2026-100910,2026-02-03,North,Delhi,Adjustable Dumbbells 15kg,Sports,1,4967.0,4967,CUST-86975,Website
UK-2026-102634,2026-04-24,West,Mumbai,Leather Wallet,Fashion,1,909.0,909,CUST-17985,App
UK-2026-104205,2026-06-04,West,Surat,Denim Jacket,Fashion,1,2288.0,2288,CUST-81816,Website
UK-2026-104487,2026-06-22,East,Bhubaneswar,Matte Lipstick Set,Beauty,1,855.0,855,CUST-67960,App
UK-2026-104831,2026-06-19,South,Chennai,Makeup Brush Set,Beauty,1,1323.0,1323,CUST-49974,App
UK-2026-100715,2026-01-28,East,Guwahati,Formal Shirt,Fashion,2,1129.0,2258,CUST-32595,Marketplace
UK-2026-100276,2026-01-02,Central,Raipur,Mirrorless Camera Lite,Electronics,3,30041.0,90123,CUST-31170,App
UK-2026-101485,2026-03-14,West,Mumbai,Foldable Treadmill T2,Sports,1,25606.0,25606,CUST-48187,App
UK-2026-100197,2026-01-02,East,Patna,Cotton Kurta Set,Fashion,2,1310.0,2620,CUST-74534,App
UK-2026-101370,2026-02-15,North,Gurugram,Mirrorless Camera Lite,Electronics,2,28093.0,56186,CUST-24939,Website
UK-2026-102344,2026-04-20,West,Mumbai,Denim Jacket,Fashion,1,2092.0,2092,CUST-40606,App
UK-2026-102888,2026-04-06,West,Mumbai,Robot Vacuum R7,Home & Kitchen,2,19846.0,39692,CUST-89663,Marketplace
UK-2026-100459,2026-01-28,West,Mumbai,Cotton Kurta Set,Fashion,1,1281.0,1281,CUST-82247,App
UK-2026-101214,2026-02-17,North,Chandigarh,43-inch Smart TV,Electronics,2,26516.0,53032,CUST-92599,App
UK-2026-103980,2019-05-26,East,Patna,Eau de Parfum 100ml,Beauty,2,1918.0,3836,CUST-34098,Website
UK-2026-102493,2026-04-09,West,Pune,Cotton Bedsheet Set,Home & Kitchen,1,1376.0,1376,CUST-24214,App
UK-2026-103932,2026-05-01,West,Ahmedabad,Noise-Cancelling Headphones,Electronics,1,8715.0,8715,CUST-81715,Website
UK-2026-100723,2026-02-24,South,Hyderabad,Noise-Cancelling Headphones,Electronics,1,8868.0,8868,CUST-37508,Website
UK-2026-102969,2026-04-24,East,Kolkata,Badminton Racket Set,Sports,1,2463.0,2463,CUST-39895,Website
UK-2026-102167,2026-03-13,East,Bhubaneswar,43-inch Smart TV,Electronics,1,26042.0,26042,CUST-63643,Marketplace
UK-2026-104206,2026-06-04,South,Hyderabad,43-inch Smart TV,Electronics,2,26733.0,53466,CUST-99035,Marketplace
UK-2026-103304,2026-05-26,Central,Raipur,Slim Fit Jeans,Fashion,2,1665.0,3330,CUST-71757,Website
UK-2026-103192,2026-05-27,West,Ahmedabad,Gym Gloves,Sports,3,486.0,1458,CUST-42657,App
UK-2026-104035,2026-06-10,Central,Raipur,Noise-Cancelling Headphones,Electronics,1,8669.0,8669,CUST-58457,Marketplace
UK-2026-104914,2026-06-20,South,Chennai,Air Fryer 5L,Home & Kitchen,2,5502.0,11004,CUST-23291,App
UK-2026-102685,2026-04-02,South,Kochi,Cotton Kurta Set,Fashion,1,1343.0,1343,CUST-29730,App
UK-2026-101344,2026-02-11,West,Mumbai,Leather Wallet,Fashion,1,912.0,912,CUST-78153,App
UK-2026-103211,2026-05-23,West,Ahmedabad,Noise-Cancelling Headphones,Electronics,3,9121.0,27363,CUST-50440,Website
UK-2026-101025,2026-02-06,South,Kochi,Cotton Kurta Set,Fashion,1,1297.0,1297,CUST-85360,Website
UK-2026-102022,2026-03-28,North,Gurugram,Denim Jacket,Fashion,1,2102.0,2102,CUST-76845,Website
UK-2026-102886,2026-04-21,West,Mumbai,Slim Fit Jeans,Fashion,1,1578.0,1578,CUST-50059,App
UK-2026-101423,2026-02-13,West,Pune,Matte Lipstick Set,Beauty,2,890.0,1780,CUST-16832,App
UK-2026-101681,2026-03-13,West,Surat,43-inch Smart TV,Electronics,1,24832.0,24832,CUST-97859,Marketplace
UK-2026-101521,2026-03-19,South,Chennai,Denim Jacket,Fashion,1,2204.0,2204,CUST-70729,App
UK-2026-100047,2026-01-05,West,Mumbai,Cotton Bedsheet Set,Home & Kitchen,2,1413.0,2826,CUST-14294,App
UK-2026-101588,2026-03-21,Central,Nagpur,Bluetooth Speaker Mini,Electronics,2,1436.0,2872,CUST-76788,Marketplace
UK-2026-101322,2026-02-07,North,Chandigarh,Gym Gloves,Sports,2,480.0,960,CUST-11100,Website
UK-2026-104587,2026-06-23,South,Bengaluru,Formal Shirt,Fashion,1,1142.0,1142,CUST-11332,App
UK-2026-103794,2026-05-10,East,Patna,Smart Watch X2,Electronics,2,4356.0,8712,CUST-96792,Website
UK-2026-102089,2026-03-27,East,Guwahati,Air Fryer 5L,Home & Kitchen,1,5650.0,5650,CUST-70399,Marketplace
UK-2026-101349,2026-02-27,Central,Raipur,Air Fryer 5L,Home & Kitchen,2,5426.0,10852,CUST-71897,App
UK-2026-103904,2026-05-25,East,Patna,Running Sneakers,Fashion,1,2676.0,2676,CUST-79332,Website
UK-2026-104524,2026-06-27,South,Hyderabad,Makeup Brush Set,Beauty,1,1266.0,1266,CUST-57212,App
UK-2026-101265,2026-02-26,Central,Indore,Makeup Brush Set,Beauty,1,1315.0,1315,CUST-50186,Website
UK-2026-101718,2026-03-23,East,Guwahati,Mixer Grinder 750W,Home & Kitchen,1,3430.0,3430,CUST-31563,App
UK-2026-102051,2026-03-16,South,Bengaluru,Cotton Bedsheet Set,Home & Kitchen,2,1414.0,2828,CUST-71903,Website
UK-2026-101676,2026-03-04,East,Bhubaneswar,Gym Gloves,Sports,1,489.0,489,CUST-31342,App
UK-2026-104480,2026-06-14,East,Bhubaneswar,Sunscreen SPF50,Beauty,1,555.0,555,CUST-53415,App
UK-2026-102319,2026-04-11,South,Hyderabad,Yoga Mat Pro,Sports,1,1198.0,1198,CUST-69550,App
UK-2026-103389,2026-05-03,South,Chennai,Wireless Earbuds Pro,Electronics,1,3132.0,3132,CUST-28238,App
UK-2026-103768,2026-05-05,East,Bhubaneswar,Electric Kettle 1.5L,Home & Kitchen,4,1044.0,4176,CUST-55458,Website
UK-2026-101202,2026-02-04,West,Ahmedabad,Robot Vacuum R7,Home & Kitchen,1,19667.0,19667,CUST-65255,Website
UK-2026-104648,2026-06-25,North,Chandigarh,Modern Wall Clock,Home & Kitchen,2,831.0,1662,CUST-96738,Website
UK-2026-100508,2026-01-14,South,Bengaluru,Dinner Set 24pc,Home & Kitchen,2,2501.0,5002,CUST-71664,App
UK-2026-104476,2026-06-19,Central,Nagpur,43-inch Smart TV,Electronics,2,24818.0,49636,CUST-39952,Marketplace
UK-2026-103393,2026-05-05,North,Noida,Cricket Bat English Willow,Sports,1,9079.0,9079,CUST-53376,App
UK-2026-104107,2026-06-21,North,Delhi,43-inch Smart TV,Electronics,2,24785.0,49570,CUST-21204,App
UK-2026-104995,2026-06-07,West,Mumbai,43-inch Smart TV,Electronics,1,26302.0,26302,CUST-75923,Website
UK-2026-100792,2026-02-18,West,Ahmedabad,Noise-Cancelling Headphones,Electronics,2,9021.0,18042,CUST-49680,Marketplace
UK-2026-103528,2026-05-16,East,Guwahati,Power Bank 20000mAh,Electronics,1,1813.0,1813,CUST-25516,App
UK-2026-100595,2026-01-15,East,Bhubaneswar,Mirrorless Camera Lite,Electronics,2,30252.0,60504,CUST-23517,Website
UK-2026-103107,2026-05-19,Central,Raipur,Slim Fit Jeans,Fashion,2,1571.0,3142,CUST-55352,Website
UK-2026-103663,2026-05-31,South,Kochi,Smart Watch X2,Electronics,2,4695.0,9390,CUST-71152,App
UK-2026-102818,2026-04-16,North,Gurugram,Mixer Grinder 750W,Home & Kitchen,1,3395.0,3395,CUST-52230,App
UK-2026-104791,2026-06-13,West,Ahmedabad,Cycling Helmet,Sports,1,1563.0,1563,CUST-83289,Marketplace
UK-2026-102269,2026-04-18,South,Hyderabad,Cotton Kurta Set,Fashion,3,1293.0,3879,CUST-33838,App
UK-2026-102431,2026-04-18,West,Surat,Cotton Bedsheet Set,Home & Kitchen,1,1417.0,1417,CUST-80558,App
UK-2026-102692,2026-04-24,South,Chennai,Slim Fit Jeans,Fashion,1,1569.0,1569,CUST-57618,App
UK-2026-100492,2026-01-04,South,Kochi,Power Bank 20000mAh,Electronics,1,1817.0,1817,CUST-98331,Website
UK-2026-104311,2026-06-03,West,Surat,Air Fryer 5L,Home & Kitchen,1,5422.0,5422,CUST-80512,App
UK-2026-100816,2026-02-04,South,Kochi,Bluetooth Speaker Mini,Electronics,4,1566.0,6264,CUST-28140,App
UK-2026-103093,2026-05-21,West,Ahmedabad,Silk Saree,Fashion,1,3529.0,3529,CUST-59064,App
UK-2026-103384,2026-05-21,Central,Indore,Beard Grooming Kit,Beauty,1,1013.0,1013,CUST-50186,App
UK-2026-102751,2026-04-08,East,Patna,Makeup Brush Set,Beauty,1,1357.0,1357,CUST-92515,Marketplace
UK-2026-100639,2026-01-10,North,Delhi,Formal Shirt,Fashion,2,1125.0,2250,CUST-65415,App
UK-2026-102785,2026-04-25,North,Gurugram,Mirrorless Camera Lite,Electronics,1,28353.0,28353,CUST-28409,Website
UK-2026-101256,2026-02-10,South,Chennai,Dinner Set 24pc,Home & Kitchen,1,2512.0,2512,CUST-91910,Website
UK-2026-100488,2026-01-13,West,Pune,Running Sneakers,Fashion,2,2768.0,5536,CUST-42078,App
UK-2026-104193,2026-06-08,North,Noida,Mirrorless Camera Lite,Electronics,2,29305.0,58610,CUST-46008,Marketplace
UK-2026-102286,2026-04-09,South,Kochi,Beard Grooming Kit,Beauty,1,1013.0,1013,CUST-52787,Website
UK-2026-104245,2026-06-20,North,Delhi,Cricket Bat English Willow,Sports,2,9077.0,18154,CUST-43440,Website
UK-2026-100186,2026-01-30,North,Delhi,Bluetooth Speaker Mini,Electronics,1,1551.0,1551,CUST-47532,App
UK-2026-103130,2026-05-15,North,Delhi,Power Bank 20000mAh,Electronics,2,1763.0,3526,CUST-16067,App
UK-2026-103412,2026-05-22,North,Delhi,Eau de Parfum 100ml,Beauty,1,1919.0,1919,CUST-68708,Website
UK-2026-102686,2026-04-12,East,Patna,Foldable Treadmill T2,Sports,1,24148.0,24148,CUST-14867,App
UK-2026-102375,2026-04-26,South,Kochi,43-inch Smart TV,Electronics,2,25291.0,50582,CUST-35533,Marketplace
UK-2026-104788,2026-06-24,North,Delhi,Gym Gloves,Sports,1,523.0,523,CUST-69256,App
UK-2026-102450,2026-04-08,North,Delhi,Face Wash Combo,Beauty,1,462.0,462,CUST-16842,App
UK-2026-104112,2026-06-01,East,Kolkata,Denim Jacket,Fashion,1,2175.0,2175,CUST-42971,App
UK-2026-104073,2026-06-12,Central,Raipur,Yoga Mat Pro,Sports,1,1193.0,1193,CUST-10299,App
UK-2026-101623,2026-03-31,North,Noida,Dinner Set 24pc,Home & Kitchen,1,2560.0,2560,CUST-76780,App
UK-2026-100693,2003-01-26,East,Kolkata,Leather Wallet,Fashion,1,874.0,874,CUST-22943,App
UK-2026-103882,2026-05-23,North,Chandigarh,Cotton Kurta Set,Fashion,2,1237.0,2474,CUST-76780,App
UK-2026-103626,2026-05-06,South,Hyderabad,Mixer Grinder 750W,Home & Kitchen,1,3278.0,3278,CUST-52263,Marketplace
UK-2026-102993,2026-04-19,West,Surat,Cotton Bedsheet Set,Home & Kitchen,2,1398.0,2796,CUST-69550,App
UK-2026-101837,2026-03-22,North,Noida,Face Wash Combo,Beauty,1,453.0,453,CUST-62619,Website
UK-2026-103587,2026-05-28,South,Chennai,Bluetooth Speaker Mini,Electronics,1,1560.0,1560,CUST-18712,App
UK-2026-100602,2026-01-21,North,Chandigarh,Cotton Kurta Set,Fashion,2,1283.0,2566,CUST-34426,App
UK-2026-103360,2026-05-29,South,Kochi,Mixer Grinder 750W,Home & Kitchen,4,3398.0,13592,CUST-58111,Website
UK-2026-102611,2026-04-15,West,Pune,Mixer Grinder 750W,Home & Kitchen,1,3262.0,3262,CUST-28377,Website
UK-2026-101971,2026-03-21,South,Bengaluru,Smart Watch X2,Electronics,4,4489.0,17956,CUST-97667,App
UK-2026-104473,2026-06-07,North,Delhi,Slim Fit Jeans,Fashion,1,1524.0,1524,CUST-27117,App
UK-2026-103597,2026-05-20,West,Pune,Cotton Bedsheet Set,Home & Kitchen,1,1355.0,1355,CUST-71579,App
UK-2026-100842,2026-02-08,South,Hyderabad,Modern Wall Clock,Home & Kitchen,2,795.0,1590,CUST-42629,Website
UK-2026-104553,2026-06-02,Central,Indore,Makeup Brush Set,Beauty,1,1278.0,1278,CUST-55458,Marketplace
UK-2026-101566,2026-03-12,North,Chandigarh,Leather Wallet,Fashion,2,918.0,1836,CUST-53848,App
UK-2026-103589,2026-05-22,Central,Nagpur,Silk Saree,Fashion,2,3462.0,6924,CUST-51514,App
UK-2026-104889,2026-06-18,West,Pune,Ethnic Dupatta,Fashion,1,490.0,490,CUST-14011,App
UK-2026-101547,2026-03-31,Central,Bhopal,Cotton Kurta Set,Fashion,1,1356.0,1356,CUST-20642,Website
UK-2026-102118,2026-03-19,East,Guwahati,Smart Watch X2,Electronics,1,4632.0,4632,CUST-13036,Marketplace
UK-2026-101463,2026-03-04,West,Ahmedabad,Mirrorless Camera Lite,Electronics,1,28568.0,28568,CUST-66294,App
UK-2026-101024,2026-02-20,West,Surat,Gym Gloves,Sports,2,523.0,1046,CUST-85517,Marketplace
UK-2026-100150,2026-01-03,East,Bhubaneswar,43-inch Smart TV,Electronics,1,25396.0,25396,CUST-76118,Website
UK-2026-104852,2026-06-05,West,Mumbai,43-inch Smart TV,Electronics,3,27041.0,81123,CUST-74097,Marketplace
UK-2026-100462,2026-01-04,East,Guwahati,Power Bank 20000mAh,Electronics,1,1732.0,1732,CUST-38299,App
UK-2026-100965,2026-02-11,North,Gurugram,Denim Jacket,Fashion,1,2106.0,2106,CUST-75730,Website
UK-2026-101359,2026-02-02,South,Chennai,Leather Wallet,Fashion,1,895.0,895,CUST-69236,Marketplace
UK-2026-103478,2026-05-18,East,Patna,Running Sneakers,Fashion,1,2772.0,2772,CUST-72079,Website
UK-2026-103177,2026-05-02,North,Delhi,43-inch Smart TV,Electronics,1,26521.0,26521,CUST-51824,Website
UK-2026-100345,2026-01-03,Central,Raipur,Non-Stick Cookware Set,Home & Kitchen,1,2862.0,2862,CUST-69383,App
UK-2026-104913,2026-06-28,South,Kochi,Formal Shirt,Fashion,1,1070.0,1070,CUST-32327,Website
UK-2026-103366,2026-05-28,West,Pune,Vitamin C Serum,Beauty,3,715.0,2145,CUST-92446,App
UK-2026-101164,2026-02-18,North,Noida,Slim Fit Jeans,Fashion,2,1668.0,3336,CUST-49538,Website
UK-2026-100302,2026-01-25,Central,Nagpur,Ionic Hair Dryer,Beauty,2,1876.0,3752,CUST-66747,Marketplace
UK-2026-102338,2026-04-19,North,Chandigarh,Leather Wallet,Fashion,1,864.0,864,CUST-39561,Website
UK-2026-104873,2026-06-02,South,Bengaluru,Mixer Grinder 750W,Home & Kitchen,1,3371.0,3371,CUST-75292,App
UK-2026-100768,2026-02-01,West,Ahmedabad,Yoga Mat Pro,Sports,1,1201.0,1201,CUST-25071,App
UK-2026-100309,2026-01-11,South,Kochi,Leather Wallet,Fashion,1,938.0,938,CUST-30188,Website
UK-2026-104630,2026-06-02,North,Gurugram,Face Wash Combo,Beauty,2,429.0,858,CUST-76118,Website
UK-2026-101033,2026-02-20,South,Hyderabad,Makeup Brush Set,Beauty,1,1270.0,1270,CUST-55892,App
UK-2026-102035,2026-03-13,South,Bengaluru,Adjustable Dumbbells 15kg,Sports,1,4769.0,4769,CUST-43882,App
UK-2026-100196,2026-01-02,Central,Indore,Running Sneakers,Fashion,1,2776.0,2776,CUST-41099,App
UK-2026-101948,2026-03-10,East,Guwahati,Badminton Racket Set,Sports,1,2599.0,2599,CUST-95758,Website
UK-2026-102625,2026-04-12,North,Chandigarh,Yoga Mat Pro,Sports,3,1221.0,3663,CUST-37506,App
UK-2026-103037,2026-04-30,Central,Bhopal,Formal Shirt,Fashion,2,1115.0,2230,CUST-51666,App
UK-2026-104699,2026-06-09,East,Bhubaneswar,Running Sneakers,Fashion,1,2725.0,2725,CUST-52263,Marketplace
UK-2026-101860,2001-03-26,South,Bengaluru,Mirrorless Camera Lite,Electronics,1,30074.0,30074,CUST-59259,App
UK-2026-104188,2026-06-17,Central,Indore,Dinner Set 24pc,Home & Kitchen,1,2590.0,2590,CUST-66928,Marketplace
UK-2026-102916,2026-04-30,North,Chandigarh,43-inch Smart TV,Electronics,1,25854.0,25854,CUST-43402,Website
UK-2026-104785,2026-06-30,South,Chennai,Noise-Cancelling Headphones,Electronics,1,8950.0,8950,CUST-90677,Marketplace
UK-2026-100733,2026-02-19,North,Noida,Non-Stick Cookware Set,Home & Kitchen,1,2776.0,2776,CUST-24346,Website
UK-2026-100987,2026-02-09,North,Noida,Formal Shirt,Fashion,2,1087.0,2174,CUST-84903,Website
UK-2026-101865,2026-03-22,South,Kochi,Cotton Kurta Set,Fashion,1,1251.0,1251,CUST-80136,App
UK-2026-104857,2026-06-15,North,Delhi,Wireless Earbuds Pro,Electronics,1,2994.0,2994,CUST-22232,Marketplace
UK-2026-103041,2026-04-06,South,Chennai,Cotton Kurta Set,Fashion,1,1262.0,1262,CUST-81974,App
UK-2026-101100,2026-02-16,West,Surat,Slim Fit Jeans,Fashion,2,1538.0,3076,CUST-18562,App
UK-2026-102853,2026-04-27,North,Noida,Silk Saree,Fashion,1,3498.0,3498,CUST-92103,App
UK-2026-100703,2026-01-19,North,Delhi,43-inch Smart TV,Electronics,1,25723.0,25723,CUST-57293,Website
UK-2026-102758,2026-04-25,West,Mumbai,Non-Stick Cookware Set,Home & Kitchen,1,2840.0,2840,CUST-84755,Marketplace
UK-2026-103580,2026-05-14,North,Gurugram,Air Fryer 5L,Home & Kitchen,2,5631.0,11262,CUST-99195,App
UK-2026-100890,2026-02-26,South,Chennai,Wireless Earbuds Pro,Electronics,1,3146.0,3146,CUST-31167,Website
UK-2026-100326,2026-01-19,North,Delhi,Robot Vacuum R7,Home & Kitchen,1,19827.0,19827,CUST-52068,Website
UK-2026-102339,2026-04-21,West,Mumbai,Slim Fit Jeans,Fashion,1,1559.0,1559,CUST-76788,App
UK-2026-104212,2026-06-02,East,Patna,Ultrabook Air 14,Electronics,3,29849.0,89547,CUST-75955,Marketplace
UK-2026-104811,2026-06-11,North,Gurugram,Mixer Grinder 750W,Home & Kitchen,1,3409.0,3409,CUST-57081,App
UK-2026-102133,2026-03-30,East,Patna,Badminton Racket Set,Sports,1,2494.0,2494,CUST-88400,App
UK-2026-100265,2026-01-05,East,Bhubaneswar,43-inch Smart TV,Electronics,1,25407.0,25407,CUST-11235,Website
UK-2026-104358,2026-06-22,South,Chennai,Power Bank 20000mAh,Electronics,2,1861.0,3722,CUST-40950,Marketplace
UK-2026-100796,2026-02-24,South,Chennai,Mirrorless Camera Lite,Electronics,1,30238.0,30238,CUST-36375,Marketplace
UK-2026-104033,2026-06-30,South,Chennai,Vitamin C Serum,Beauty,1,727.0,727,CUST-57532,App
UK-2026-102906,2026-04-08,West,Pune,Dinner Set 24pc,Home & Kitchen,1,2418.0,2418,CUST-81393,App
UK-2026-103999,2026-05-14,South,Hyderabad,Non-Stick Cookware Set,Home & Kitchen,1,2892.0,2892,CUST-34588,App
UK-2026-102983,2026-04-26,East,Guwahati,43-inch Smart TV,Electronics,2,26433.0,52866,CUST-17803,App
UK-2026-100390,2026-01-13,North,Chandigarh,Noise-Cancelling Headphones,Electronics,1,8923.0,8923,CUST-95902,Website
UK-2026-101273,2026-02-13,Central,Bhopal,Mixer Grinder 750W,Home & Kitchen,2,3371.0,6742,CUST-96533,App
UK-2026-101662,2026-03-26,West,Mumbai,Dinner Set 24pc,Home & Kitchen,1,2449.0,2449,CUST-24275,Website
UK-2026-100090,2026-01-18,Central,Raipur,Sunscreen SPF50,Beauty,1,569.0,569,CUST-10210,Marketplace
UK-2026-100461,2026-01-11,West,Ahmedabad,Mirrorless Camera Lite,Electronics,2,29359.0,58718,CUST-66412,App
UK-2026-101170,2026-02-12,West,Pune,Slim Fit Jeans,Fashion,1,1553.0,1553,CUST-40802,Website
UK-2026-101626,2026-03-29,North,Delhi,Denim Jacket,Fashion,4,2093.0,8372,CUST-34914,App
UK-2026-103674,2026-05-30,South,Kochi,Eau de Parfum 100ml,Beauty,1,2052.0,2052,CUST-88445,Website
UK-2026-101637,2026-03-11,West,Pune,Matte Lipstick Set,Beauty,1,939.0,939,CUST-99195,App
UK-2026-103506,2026-05-16,North,Gurugram,Non-Stick Cookware Set,Home & Kitchen,1,3011.0,3011,CUST-60360,Marketplace
UK-2026-104574,2026-06-01,South,Hyderabad,Electric Kettle 1.5L,Home & Kitchen,3,1114.0,3342,CUST-25062,App
UK-2026-104770,2026-06-26,West,Ahmedabad,43-inch Smart TV,Electronics,1,24802.0,24802,CUST-68365,Website
UK-2026-102404,2026-04-24,Central,Raipur,Cotton Bedsheet Set,Home & Kitchen,1,1441.0,1441,CUST-44120,App
UK-2026-102402,2026-04-04,South,Hyderabad,Bluetooth Speaker Mini,Electronics,1,1565.0,1565,CUST-83647,Website
UK-2026-100048,2026-01-30,North,Noida,Mixer Grinder 750W,Home & Kitchen,2,3260.0,6520,CUST-64777,App
UK-2026-102709,2026-04-14,West,Surat,Ethnic Dupatta,Fashion,1,505.0,505,CUST-65462,Website
UK-2026-102481,2026-04-08,South,Chennai,Eau de Parfum 100ml,Beauty,2,1900.0,3800,CUST-40789,Website
UK-2026-104224,2026-06-16,South,Chennai,Ethnic Dupatta,Fashion,1,484.0,484,CUST-74138,Website
UK-2026-100583,2026-01-03,West,Pune,Silk Saree,Fashion,2,3511.0,7022,CUST-26944,Website
UK-2026-102994,2026-04-12,East,Bhubaneswar,Eau de Parfum 100ml,Beauty,2,2076.0,4152,CUST-40002,App
UK-2026-101828,2026-03-15,North,Delhi,Mirrorless Camera Lite,Electronics,1,28054.0,28054,CUST-58208,Website
UK-2026-104293,2026-06-04,South,Bengaluru,Formal Shirt,Fashion,1,1092.0,1092,CUST-57687,App
UK-2026-102048,2026-03-10,Central,Indore,Wireless Earbuds Pro,Electronics,1,2907.0,2907,CUST-65415,Website
UK-2026-100230,2026-01-30,South,Kochi,Gym Gloves,Sports,2,497.0,994,CUST-92068,Website
UK-2026-101509,2026-03-21,East,Guwahati,Cotton Bedsheet Set,Home & Kitchen,1,1430.0,1430,CUST-25971,Website
UK-2026-104569,2026-06-02,South,Bengaluru,Dinner Set 24pc,Home & Kitchen,1,2399.0,2399,CUST-34047,Website
UK-2026-104251,2026-06-21,South,Chennai,Football Size 5,Sports,1,883.0,883,CUST-56538,App
UK-2026-100026,2026-01-18,South,Bengaluru,Running Sneakers,Fashion,1,2771.0,2771,CUST-74138,App
UK-2026-102562,2026-04-22,Central,Bhopal,Smart Watch X2,Electronics,2,4646.0,9292,CUST-77753,Marketplace
UK-2026-100919,2026-02-25,South,Chennai,Smart Watch X2,Electronics,3,4664.0,13992,CUST-73802,App
UK-2026-100316,2026-01-17,West,Ahmedabad,Running Sneakers,Fashion,1,2777.0,2777,CUST-36375,App
UK-2026-102150,2026-03-25,North,Delhi,Gym Gloves,Sports,1,508.0,508,CUST-75923,Website
UK-2026-102617,2026-04-13,East,Bhubaneswar,Mixer Grinder 750W,Home & Kitchen,1,3412.0,3412,CUST-16933,App
UK-2026-103226,2026-05-23,North,Gurugram,Air Fryer 5L,Home & Kitchen,2,5625.0,11250,CUST-98961,App
UK-2026-102366,2026-04-26,South,Bengaluru,Electric Kettle 1.5L,Home & Kitchen,1,1100.0,1100,CUST-61707,App
UK-2026-102069,2026-03-25,Central,Nagpur,Foldable Treadmill T2,Sports,2,26021.0,52042,CUST-87698,App
UK-2026-104584,2026-06-25,South,Hyderabad,Air Fryer 5L,Home & Kitchen,1,5295.0,5295,CUST-66208,Marketplace
UK-2026-101154,2026-02-01,West,Pune,Noise-Cancelling Headphones,Electronics,1,8782.0,8782,CUST-52880,App
UK-2026-100117,2026-01-03,South,Kochi,Dinner Set 24pc,Home & Kitchen,2,2536.0,5072,CUST-30669,Website
UK-2026-103783,2026-05-31,Central,Raipur,Slim Fit Jeans,Fashion,3,1652.0,4956,CUST-76845,Website
UK-2026-102328,2026-04-29,West,Ahmedabad,Modern Wall Clock,Home & Kitchen,1,781.0,781,CUST-28153,Marketplace
UK-2026-104515,2026-06-19,South,Hyderabad,Beard Grooming Kit,Beauty,3,1006.0,3018,CUST-95681,App
UK-2026-100692,2026-01-30,North,Noida,Formal Shirt,Fashion,1,1110.0,1110,CUST-44076,App
UK-2026-100194,2026-01-22,South,Bengaluru,Cotton Kurta Set,Fashion,1,1326.0,1326,CUST-93829,App
UK-2026-100455,2026-01-27,East,Kolkata,Leather Wallet,Fashion,1,871.0,871,CUST-36375,App
UK-2026-102933,2026-04-13,Central,Nagpur,Face Wash Combo,Beauty,1,453.0,453,CUST-44628,App
UK-2026-101260,2026-02-19,East,Guwahati,Running Sneakers,Fashion,1,2886.0,2886,CUST-48893,App
UK-2026-100973,2026-02-22,North,Delhi,Face Wash Combo,Beauty,2,428.0,856,CUST-50956,Marketplace
UK-2026-102053,2026-03-24,North,Noida,Mixer Grinder 750W,Home & Kitchen,1,3369.0,3369,CUST-52830,Website
UK-2026-102699,2026-04-24,East,Guwahati,Ultrabook Air 14,Electronics,1,30910.0,30910,CUST-57337,Marketplace
UK-2026-103785,2026-05-05,South,Kochi,Slim Fit Jeans,Fashion,1,1525.0,1525,CUST-55348,App
UK-2026-100880,2026-02-27,North,Delhi,Smart Watch X2,Electronics,1,4355.0,4355,CUST-49927,App
UK-2026-104645,2026-06-19,South,Kochi,Ethnic Dupatta,Fashion,2,519.0,1038,CUST-36692,App
UK-2026-100731,2026-02-19,South,Chennai,Face Wash Combo,Beauty,1,436.0,436,CUST-64147,App
UK-2026-101824,2026-03-28,North,Noida,Dinner Set 24pc,Home & Kitchen,1,2477.0,2477,CUST-62552,Marketplace
UK-2026-100050,2026-01-04,West,Ahmedabad,Cotton Kurta Set,Fashion,1,1330.0,1330,CUST-31162,App
UK-2026-102924,2026-04-12,North,Noida,43-inch Smart TV,Electronics,1,25424.0,25424,CUST-79583,Marketplace
UK-2026-103827,2026-05-16,West,Mumbai,Mirrorless Camera Lite,Electronics,1,28805.0,28805,CUST-40802,Marketplace
UK-2026-104467,2026-06-19,South,Kochi,Denim Jacket,Fashion,1,2280.0,2280,CUST-82515,App
UK-2026-100967,2019-02-26,West,Ahmedabad,Ultrabook Air 14,Electronics,1,30963.0,30963,CUST-78961,Marketplace
UK-2026-100331,2026-01-12,South,Bengaluru,Sunscreen SPF50,Beauty,1,576.0,576,CUST-67040,Website
UK-2026-102570,2026-04-09,North,Gurugram,Robot Vacuum R7,Home & Kitchen,1,19945.0,19945,CUST-38415,App
UK-2026-104700,2026-06-14,West,Pune,Power Bank 20000mAh,Electronics,1,1802.0,1802,CUST-58173,Website
UK-2026-101680,2026-03-07,South,Hyderabad,Foldable Treadmill T2,Sports,1,23916.0,23916,CUST-48893,App
UK-2026-101393,2026-02-28,West,Ahmedabad,Wireless Earbuds Pro,Electronics,1,3148.0,3148,CUST-58381,Website
UK-2026-102465,2026-04-04,South,Bengaluru,Power Bank 20000mAh,Electronics,1,1820.0,1820,CUST-76712,Marketplace
UK-2026-104614,2026-06-16,North,Delhi,Power Bank 20000mAh,Electronics,1,1807.0,1807,CUST-45429,Marketplace
UK-2026-103365,2026-05-22,South,Hyderabad,Leather Wallet,Fashion,1,938.0,938,CUST-63624,Website
UK-2026-104303,2026-06-24,Central,Nagpur,Matte Lipstick Set,Beauty,1,857.0,857,CUST-18224,App
UK-2026-101382,2026-02-17,South,Bengaluru,Wireless Earbuds Pro,Electronics,1,2970.0,2970,CUST-34426,Website
UK-2026-100156,2026-01-21,North,Noida,Slim Fit Jeans,Fashion,1,1577.0,1577,CUST-88275,Website
UK-2026-101263,2026-02-19,North,Delhi,43-inch Smart TV,Electronics,1,25527.0,25527,CUST-51934,Marketplace
UK-2026-104732,2026-06-26,North,Delhi,Slim Fit Jeans,Fashion,1,1653.0,1653,CUST-70959,App
UK-2026-102162,2026-03-06,East,Guwahati,Mirrorless Camera Lite,Electronics,1,27738.0,27738,CUST-15700,App
UK-2026-100968,2026-02-05,North,Noida,Dinner Set 24pc,Home & Kitchen,1,2435.0,2435,CUST-47089,Marketplace
UK-2026-102715,2026-04-07,West,Ahmedabad,Badminton Racket Set,Sports,2,2500.0,5000,CUST-96792,Website
UK-2026-103008,2026-04-13,North,Delhi,Formal Shirt,Fashion,1,1045.0,1045,CUST-54874,App
UK-2026-101433,2026-02-03,East,Guwahati,Bluetooth Speaker Mini,Electronics,1,1570.0,1570,CUST-87250,App
UK-2026-101361,2026-02-27,North,Noida,Formal Shirt,Fashion,1,1123.0,1123,CUST-29621,App
UK-2026-102079,2026-03-12,North,Noida,Mirrorless Camera Lite,Electronics,1,28668.0,28668,CUST-52604,App
UK-2026-100908,2026-02-16,South,Chennai,Cycling Helmet,Sports,2,1580.0,3160,CUST-17625,App
UK-2026-102987,2026-04-13,North,Delhi,Beard Grooming Kit,Beauty,2,1027.0,2054,CUST-26137,Marketplace
UK-2026-101905,2026-03-02,South,Chennai,Ultrabook Air 14,Electronics,1,29972.0,29972,CUST-66598,Marketplace
UK-2026-103509,2026-05-26,South,Kochi,Power Bank 20000mAh,Electronics,1,1859.0,1859,CUST-87844,App
UK-2026-104540,2029-06-26,South,Chennai,Silk Saree,Fashion,1,3512.0,3512,CUST-40767,Marketplace
UK-2026-104362,2026-06-21,South,Bengaluru,Matte Lipstick Set,Beauty,1,895.0,895,CUST-56183,Marketplace
UK-2026-102198,2026-03-27,East,Patna,Slim Fit Jeans,Fashion,1,1567.0,1567,CUST-42789,App
UK-2026-102480,2026-04-22,South,Hyderabad,Mixer Grinder 750W,Home & Kitchen,1,3320.0,3320,CUST-60134,App
UK-2026-103774,2026-05-17,West,Mumbai,Badminton Racket Set,Sports,1,2529.0,2529,CUST-44806,App
UK-2026-104182,2026-06-05,North,Delhi,Dinner Set 24pc,Home & Kitchen,1,2552.0,2552,CUST-66415,App
UK-2026-100617,2026-01-17,West,Mumbai,Makeup Brush Set,Beauty,1,1263.0,1263,CUST-26816,App
UK-2026-100089,2026-01-05,Central,Nagpur,Vitamin C Serum,Beauty,1,710.0,710,CUST-31170,Website
UK-2026-103373,2026-05-09,South,Bengaluru,Mixer Grinder 750W,Home & Kitchen,3,3181.0,9543,CUST-81489,App
UK-2026-103680,2026-05-19,West,Mumbai,Modern Wall Clock,Home & Kitchen,2,761.0,1522,CUST-23291,App
UK-2026-102533,2026-04-08,East,Patna,Badminton Racket Set,Sports,1,2602.0,2602,CUST-43214,Website
UK-2026-102279,2026-04-11,Central,Indore,Ultrabook Air 14,Electronics,2,29199.0,58398,CUST-95156,App
UK-2026-101878,2026-03-29,West,Surat,Bluetooth Speaker Mini,Electronics,1,1468.0,1468,CUST-62781,Marketplace
UK-2026-104068,2026-06-01,South,Bengaluru,Running Sneakers,Fashion,2,2717.0,5434,CUST-84903,Marketplace
UK-2026-104381,2026-06-02,South,Kochi,Noise-Cancelling Headphones,Electronics,1,9005.0,9005,CUST-79427,Marketplace
UK-2026-100362,2026-01-19,South,Chennai,Bluetooth Speaker Mini,Electronics,2,1571.0,3142,CUST-55892,Website
UK-2026-104164,2026-06-16,East,Patna,Non-Stick Cookware Set,Home & Kitchen,1,3033.0,3033,CUST-82561,App
UK-2026-101022,2026-02-03,West,Ahmedabad,Running Sneakers,Fashion,1,2866.0,2866,CUST-95086,App
UK-2026-101156,2026-02-22,Central,Bhopal,Cotton Kurta Set,Fashion,1,1252.0,1252,CUST-18070,App
UK-2026-100696,2026-01-02,North,Delhi,Face Wash Combo,Beauty,2,438.0,876,CUST-18782,Website
UK-2026-102509,2026-04-14,North,Chandigarh,Mixer Grinder 750W,Home & Kitchen,2,3403.0,6806,CUST-11494,App
UK-2026-104075,2026-06-04,West,Mumbai,Cricket Bat English Willow,Sports,1,9360.0,9360,CUST-48593,App
UK-2026-103915,2026-05-05,East,Kolkata,Silk Saree,Fashion,2,3544.0,7088,CUST-62434,App
UK-2026-101901,2026-03-14,North,Noida,Vitamin C Serum,Beauty,2,681.0,1362,CUST-31162,App
UK-2026-104710,2026-06-21,Central,Raipur,Slim Fit Jeans,Fashion,1,1611.0,1611,CUST-15724,Website
UK-2026-101198,2026-02-25,North,Delhi,Adjustable Dumbbells 15kg,Sports,1,4977.0,4977,CUST-91650,App
UK-2026-104959,2026-06-06,East,Kolkata,Ultrabook Air 14,Electronics,1,29085.0,29085,CUST-38523,Website
UK-2026-100566,2026-01-21,South,Chennai,Modern Wall Clock,Home & Kitchen,1,779.0,779,CUST-98738,App
UK-2026-100237,2026-01-18,North,Delhi,Leather Wallet,Fashion,1,921.0,921,CUST-44076,App
UK-2026-104367,2026-06-30,West,Ahmedabad,Dinner Set 24pc,Home & Kitchen,1,2592.0,2592,CUST-73192,App
UK-2026-103837,2026-05-12,West,Mumbai,Wireless Earbuds Pro,Electronics,1,2968.0,2968,CUST-95681,App
UK-2026-102122,2026-03-09,South,Kochi,Robot Vacuum R7,Home & Kitchen,1,18919.0,18919,CUST-83211,Website
UK-2026-101217,2026-02-09,North,Gurugram,Beard Grooming Kit,Beauty,1,967.0,967,CUST-86768,App
UK-2026-102455,2026-04-30,South,Bengaluru,Leather Wallet,Fashion,2,907.0,1814,CUST-14426,App
UK-2026-104571,2019-06-26,Central,Raipur,Ethnic Dupatta,Fashion,1,492.0,492,CUST-79332,App
UK-2026-101114,2026-02-22,North,Gurugram,Running Sneakers,Fashion,2,2903.0,5806,CUST-42437,Marketplace
UK-2026-104653,2026-06-29,South,Bengaluru,Ultrabook Air 14,Electronics,1,29798.0,29798,CUST-12614,App
UK-2026-101619,2026-03-21,West,Ahmedabad,Cotton Kurta Set,Fashion,2,1360.0,2720,CUST-10299,Marketplace
UK-2026-101746,2026-03-15,West,Pune,Leather Wallet,Fashion,2,889.0,1778,CUST-48593,App
UK-2026-102814,2026-04-14,North,Chandigarh,Dinner Set 24pc,Home & Kitchen,2,2621.0,5242,CUST-98331,App
UK-2026-102071,2026-03-03,South,Bengaluru,Mixer Grinder 750W,Home & Kitchen,1,3343.0,3343,CUST-44076,Website
UK-2026-100394,2026-01-12,South,Bengaluru,Leather Wallet,Fashion,1,886.0,886,CUST-70925,App
UK-2026-103411,2026-05-17,West,Surat,Bluetooth Speaker Mini,Electronics,2,1512.0,3024,CUST-67878,Website
UK-2026-102673,2026-04-28,South,Bengaluru,Silk Saree,Fashion,1,3464.0,3464,CUST-37506,App
UK-2026-102597,2026-04-15,West,Mumbai,Air Fryer 5L,Home & Kitchen,1,5735.0,5735,CUST-38307,Marketplace
UK-2026-102800,2026-04-09,West,Ahmedabad,Matte Lipstick Set,Beauty,1,897.0,897,CUST-18423,Website
UK-2026-103268,2026-05-08,West,Mumbai,Smart Watch X2,Electronics,4,4289.0,17156,CUST-59870,Marketplace
UK-2026-102461,2026-04-12,West,Pune,Silk Saree,Fashion,1,3423.0,3423,CUST-36119,Marketplace
UK-2026-100163,2026-01-05,South,Chennai,Cotton Bedsheet Set,Home & Kitchen,1,1367.0,1367,CUST-17024,Website
UK-2026-104946,2026-06-17,North,Delhi,Ultrabook Air 14,Electronics,1,29935.0,29935,CUST-89042,Website
UK-2026-103586,2026-05-23,North,Delhi,Non-Stick Cookware Set,Home & Kitchen,2,2987.0,5974,CUST-73605,App
UK-2026-100399,2026-01-30,East,Patna,Power Bank 20000mAh,Electronics,1,1870.0,1870,CUST-37124,Website
UK-2026-104567,2026-06-28,North,Noida,Noise-Cancelling Headphones,Electronics,1,9135.0,9135,CUST-88836,Marketplace
UK-2026-104678,2026-06-04,Central,Indore,Cricket Bat English Willow,Sports,1,9188.0,9188,CUST-55352,App
UK-2026-100091,2026-01-07,Central,Bhopal,Ionic Hair Dryer,Beauty,1,1978.0,1978,CUST-34914,Website
UK-2026-102197,2026-03-12,South,Chennai,Badminton Racket Set,Sports,1,2499.0,2499,CUST-11910,Website
UK-2026-104495,2026-06-15,West,Mumbai,Air Fryer 5L,Home & Kitchen,1,5753.0,5753,CUST-70321,App
UK-2026-100879,2026-02-19,West,Ahmedabad,43-inch Smart TV,Electronics,2,25221.0,50442,CUST-27014,App
UK-2026-100604,2026-01-29,Central,Bhopal,Cotton Bedsheet Set,Home & Kitchen,2,1335.0,2670,CUST-68908,Website
UK-2026-102026,2026-03-10,South,Bengaluru,Adjustable Dumbbells 15kg,Sports,3,4906.0,14718,CUST-34047,App
UK-2026-104989,2026-06-24,Central,Indore,Foldable Treadmill T2,Sports,1,25350.0,25350,CUST-99195,App
UK-2026-104414,2026-06-29,Central,Bhopal,Running Sneakers,Fashion,1,2677.0,2677,CUST-30669,Website
UK-2026-101753,2026-03-29,South,Kochi,Electric Kettle 1.5L,Home & Kitchen,3,1131.0,3393,CUST-87632,App
UK-2026-102613,2026-04-09,West,Ahmedabad,Mixer Grinder 750W,Home & Kitchen,3,3266.0,9798,CUST-54754,App
UK-2026-104108,2026-06-06,South,Hyderabad,Vitamin C Serum,Beauty,1,668.0,668,CUST-76788,Marketplace
UK-2026-104522,2026-06-25,East,Guwahati,Non-Stick Cookware Set,Home & Kitchen,3,2844.0,8532,CUST-61349,App
UK-2026-103701,2026-05-18,South,Hyderabad,Beard Grooming Kit,Beauty,2,1020.0,2040,CUST-65430,App
UK-2026-100315,2026-01-03,North,Gurugram,Mixer Grinder 750W,Home & Kitchen,2,3447.0,6894,CUST-21442,App
UK-2026-104814,2026-06-08,South,Bengaluru,Cycling Helmet,Sports,1,1571.0,1571,CUST-83647,App
UK-2026-101216,2026-02-07,South,Kochi,Foldable Treadmill T2,Sports,1,25376.0,25376,CUST-20699,Marketplace
UK-2026-102792,2026-04-17,Central,Nagpur,Denim Jacket,Fashion,1,2220.0,2220,CUST-24275,App
UK-2026-102436,2026-04-30,East,Bhubaneswar,Yoga Mat Pro,Sports,2,1162.0,2324,CUST-55129,App
UK-2026-103128,2026-05-27,North,Noida,Cricket Bat English Willow,Sports,1,9405.0,9405,CUST-64558,Marketplace
UK-2026-101396,2026-02-02,Central,Bhopal,Leather Wallet,Fashion,1,882.0,882,CUST-56374,Website
UK-2026-102594,2026-04-10,Central,Bhopal,Cricket Bat English Willow,Sports,2,8554.0,17108,CUST-22186,Website
UK-2026-101975,2026-03-02,North,Chandigarh,43-inch Smart TV,Electronics,1,26681.0,26681,CUST-42971,Marketplace
UK-2026-102072,2026-03-02,South,Chennai,Cotton Kurta Set,Fashion,1,1343.0,1343,CUST-82847,App
UK-2026-100238,2026-01-18,North,Chandigarh,Non-Stick Cookware Set,Home & Kitchen,1,3039.0,3039,CUST-44504,App
UK-2026-102867,2026-04-20,South,Hyderabad,Modern Wall Clock,Home & Kitchen,1,813.0,813,CUST-11031,App
UK-2026-100484,2026-01-15,North,Delhi,43-inch Smart TV,Electronics,1,26394.0,26394,CUST-87698,Marketplace
UK-2026-100884,2026-02-05,North,Chandigarh,Denim Jacket,Fashion,1,2255.0,2255,CUST-89042,App
UK-2026-101406,2026-02-03,Central,Nagpur,Non-Stick Cookware Set,Home & Kitchen,1,2999.0,2999,CUST-98541,App
UK-2026-103658,2026-05-01,South,Bengaluru,Gym Gloves,Sports,1,479.0,479,CUST-43402,Marketplace
UK-2026-103547,2026-05-24,West,Surat,Modern Wall Clock,Home & Kitchen,1,799.0,799,CUST-18328,Website
UK-2026-103636,2026-05-04,East,Guwahati,Noise-Cancelling Headphones,Electronics,1,9363.0,9363,CUST-91607,App
UK-2026-101391,2026-02-08,South,Kochi,Yoga Mat Pro,Sports,2,1198.0,2396,CUST-40802,Website
UK-2026-103086,2026-04-03,North,Noida,Modern Wall Clock,Home & Kitchen,2,793.0,1586,CUST-85899,Website
UK-2026-103001,2026-04-10,South,Chennai,Mirrorless Camera Lite,Electronics,1,28818.0,28818,CUST-18138,App
UK-2026-103311,2026-05-07,Central,Raipur,Beard Grooming Kit,Beauty,1,951.0,951,CUST-38963,Website
UK-2026-102683,2026-04-30,North,Delhi,Cotton Kurta Set,Fashion,1,1240.0,1240,CUST-47265,Website
UK-2026-103020,2026-04-04,North,Gurugram,Bluetooth Speaker Mini,Electronics,1,1533.0,1533,CUST-11136,Website
UK-2026-101176,2026-02-24,North,Chandigarh,Mirrorless Camera Lite,Electronics,1,29730.0,29730,CUST-36401,App
UK-2026-104926,2026-06-11,Central,Indore,Robot Vacuum R7,Home & Kitchen,1,18207.0,18207,CUST-77796,Website
UK-2026-103618,2026-05-21,West,Mumbai,Air Fryer 5L,Home & Kitchen,2,5575.0,11150,CUST-86768,Marketplace
UK-2026-103050,2026-04-08,South,Chennai,Leather Wallet,Fashion,1,907.0,907,CUST-74138,App
UK-2026-104051,2026-06-14,North,Chandigarh,Mirrorless Camera Lite,Electronics,1,29293.0,29293,CUST-26060,Website
UK-2026-102349,2026-04-02,West,Pune,Mirrorless Camera Lite,Electronics,4,29353.0,117412,CUST-32354,App
UK-2026-100542,2026-01-17,South,Bengaluru,Vitamin C Serum,Beauty,2,691.0,1382,CUST-90055,Website
UK-2026-100959,2026-02-14,East,Bhubaneswar,Wireless Earbuds Pro,Electronics,1,2954.0,2954,CUST-28674,Website
UK-2026-101497,2026-03-31,South,Hyderabad,Air Fryer 5L,Home & Kitchen,1,5479.0,5479,CUST-44030,App
UK-2026-101691,2026-03-24,South,Bengaluru,Noise-Cancelling Headphones,Electronics,1,9139.0,9139,CUST-44120,Website
UK-2026-102412,2026-04-28,South,Chennai,Makeup Brush Set,Beauty,1,1234.0,1234,CUST-83135,Website
UK-2026-100972,2026-02-10,West,Ahmedabad,Adjustable Dumbbells 15kg,Sports,1,5045.0,5045,CUST-45429,App
UK-2026-101330,2026-02-04,West,Surat,Denim Jacket,Fashion,2,2177.0,4354,CUST-33838,Marketplace
UK-2026-103144,2026-05-14,West,Surat,Bluetooth Speaker Mini,Electronics,1,1472.0,1472,CUST-31478,Website
UK-2026-103880,2026-05-25,South,Hyderabad,Running Sneakers,Fashion,1,2869.0,2869,CUST-59989,App
UK-2026-101666,2026-03-03,West,Ahmedabad,Mirrorless Camera Lite,Electronics,1,27901.0,27901,CUST-49894,Marketplace
UK-2026-104935,2026-06-02,West,Ahmedabad,Matte Lipstick Set,Beauty,2,925.0,1850,CUST-37993,Website
UK-2026-102411,2026-04-02,Central,Nagpur,Smart Watch X2,Electronics,1,4452.0,4452,CUST-74596,Website
UK-2026-103079,2026-04-03,East,Patna,Cricket Bat English Willow,Sports,1,9067.0,9067,CUST-57650,App
UK-2026-101345,2026-02-19,West,Pune,Cotton Bedsheet Set,Home & Kitchen,2,1460.0,2920,CUST-68038,App
UK-2026-102954,2026-04-19,West,Ahmedabad,Leather Wallet,Fashion,1,884.0,884,CUST-75292,Website
UK-2026-102998,2026-04-17,West,Pune,Denim Jacket,Fashion,1,2208.0,2208,CUST-11167,App
UK-2026-101474,2026-03-06,East,Patna,Non-Stick Cookware Set,Home & Kitchen,1,2991.0,2991,CUST-17988,Website
UK-2026-100291,2026-01-04,North,Chandigarh,Ultrabook Air 14,Electronics,1,29068.0,29068,CUST-37428,Marketplace
UK-2026-103548,2026-05-22,West,Pune,Mixer Grinder 750W,Home & Kitchen,2,3169.0,6338,CUST-43893,Marketplace
UK-2026-103499,2026-05-21,North,Noida,Ethnic Dupatta,Fashion,1,493.0,493,CUST-31886,App
UK-2026-102050,2026-03-16,South,Chennai,43-inch Smart TV,Electronics,1,26736.0,26736,CUST-67586,App
UK-2026-104637,2026-06-18,East,Kolkata,Noise-Cancelling Headphones,Electronics,1,8851.0,8851,CUST-17802,Website
UK-2026-104346,2026-06-30,West,Surat,Cotton Kurta Set,Fashion,1,1298.0,1298,CUST-80863,Website
UK-2026-104133,2026-06-19,South,Hyderabad,Leather Wallet,Fashion,3,928.0,2784,CUST-22232,Website
UK-2026-104331,2026-06-09,South,Hyderabad,Cycling Helmet,Sports,1,1665.0,1665,CUST-92670,Marketplace
UK-2026-100865,2026-02-15,West,Surat,Matte Lipstick Set,Beauty,1,922.0,922,CUST-94386,App
UK-2026-100698,2026-01-02,East,Kolkata,Makeup Brush Set,Beauty,2,1336.0,2672,CUST-55458,App
UK-2026-104145,2026-06-05,North,Delhi,Cotton Kurta Set,Fashion,1,1342.0,1342,CUST-98331,App
UK-2026-101076,2026-02-22,West,Mumbai,Noise-Cancelling Headphones,Electronics,1,9101.0,9101,CUST-98797,Website
UK-2026-100907,2026-02-25,East,Kolkata,Ethnic Dupatta,Fashion,1,475.0,475,CUST-99195,App
UK-2026-100995,2026-02-27,East,Patna,Non-Stick Cookware Set,Home & Kitchen,1,2859.0,2859,CUST-44806,Website
UK-2026-102354,2026-04-25,North,Noida,Denim Jacket,Fashion,2,2246.0,4492,CUST-27196,Website
UK-2026-104118,2026-06-17,North,Chandigarh,Face Wash Combo,Beauty,1,458.0,458,CUST-96873,App
UK-2026-101602,2026-03-29,North,Delhi,Vitamin C Serum,Beauty,1,697.0,697,CUST-26404,Website
UK-2026-104679,2026-06-29,West,Ahmedabad,Matte Lipstick Set,Beauty,1,897.0,897,CUST-38299,App
UK-2026-101290,2026-02-17,South,Bengaluru,Running Sneakers,Fashion,1,2762.0,2762,CUST-47518,App
UK-2026-103109,2026-05-30,Central,Indore,Electric Kettle 1.5L,Home & Kitchen,2,1136.0,2272,CUST-22998,App
UK-2026-101187,2026-02-27,North,Gurugram,Denim Jacket,Fashion,1,2235.0,2235,CUST-52670,Marketplace
UK-2026-103731,2026-05-29,North,Gurugram,Gym Gloves,Sports,4,480.0,1920,CUST-71246,Website
UK-2026-100130,2026-01-17,South,Kochi,Cotton Bedsheet Set,Home & Kitchen,1,1410.0,1410,CUST-37334,App
UK-2026-102419,2026-04-24,North,Noida,Face Wash Combo,Beauty,2,438.0,876,CUST-28140,App
UK-2026-104568,2026-06-12,East,Bhubaneswar,Wireless Earbuds Pro,Electronics,2,3059.0,6118,CUST-36401,Marketplace
UK-2026-103809,2026-05-12,North,Gurugram,Silk Saree,Fashion,2,3425.0,6850,CUST-87698,App
UK-2026-100160,2026-01-02,East,Kolkata,Makeup Brush Set,Beauty,1,1277.0,1277,CUST-29909,Website
UK-2026-101105,2026-02-06,East,Patna,Mirrorless Camera Lite,Electronics,1,28585.0,28585,CUST-51685,Marketplace
UK-2026-101669,2026-03-21,South,Kochi,Gym Gloves,Sports,1,519.0,519,CUST-87632,Website
UK-2026-102112,2026-03-24,West,Ahmedabad,Electric Kettle 1.5L,Home & Kitchen,2,1103.0,2206,CUST-58704,App
UK-2026-100410,2026-01-17,West,Ahmedabad,Mirrorless Camera Lite,Electronics,1,28227.0,28227,CUST-49096,App
UK-2026-102408,2026-04-10,North,Delhi,Cotton Bedsheet Set,Home & Kitchen,1,1468.0,1468,CUST-87915,Website
UK-2026-101973,2026-03-29,East,Patna,Modern Wall Clock,Home & Kitchen,1,824.0,824,CUST-37389,Website
UK-2026-103404,2026-05-07,Central,Nagpur,Wireless Earbuds Pro,Electronics,1,2936.0,2936,CUST-77011,Marketplace
UK-2026-102430,2026-04-10,South,Chennai,Ethnic Dupatta,Fashion,1,507.0,507,CUST-33573,Website
UK-2026-102301,2026-04-19,Central,Raipur,Noise-Cancelling Headphones,Electronics,4,9261.0,37044,CUST-60320,Website
UK-2026-101257,2026-02-09,East,Guwahati,Ethnic Dupatta,Fashion,1,485.0,485,CUST-86896,Website
UK-2026-102416,2026-04-28,South,Kochi,Modern Wall Clock,Home & Kitchen,1,765.0,765,CUST-48691,App
UK-2026-100144,2026-01-26,East,Patna,Ethnic Dupatta,Fashion,2,523.0,1046,CUST-53089,App
UK-2026-101475,2026-03-21,North,Delhi,Dinner Set 24pc,Home & Kitchen,1,2451.0,2451,CUST-17188,Website
UK-2026-104521,2026-06-18,West,Surat,Bluetooth Speaker Mini,Electronics,2,1464.0,2928,CUST-56299,App
UK-2026-101664,2026-03-05,West,Mumbai,Power Bank 20000mAh,Electronics,2,1832.0,3664,CUST-20405,Website
UK-2026-101234,2026-02-25,Central,Indore,Non-Stick Cookware Set,Home & Kitchen,2,3007.0,6014,CUST-71155,Website
UK-2026-104680,2026-06-01,East,Kolkata,Formal Shirt,Fashion,1,1132.0,1132,CUST-65478,Marketplace
UK-2026-104000,2026-05-23,South,Kochi,Badminton Racket Set,Sports,2,2391.0,4782,CUST-12376,Marketplace
UK-2026-104566,2026-06-02,West,Mumbai,Foldable Treadmill T2,Sports,2,24497.0,48994,CUST-92714,Website
UK-2026-101195,2026-02-04,West,Ahmedabad,Silk Saree,Fashion,1,3461.0,3461,CUST-55667,Website
UK-2026-101649,2026-03-19,North,Delhi,Smart Watch X2,Electronics,1,4463.0,4463,CUST-66800,App
UK-2026-100725,2026-02-08,East,Bhubaneswar,Noise-Cancelling Headphones,Electronics,1,8810.0,8810,CUST-37313,Website
UK-2026-104148,2019-06-26,South,Chennai,Matte Lipstick Set,Beauty,1,911.0,911,CUST-78893,App
UK-2026-104670,2026-06-24,East,Kolkata,Sunscreen SPF50,Beauty,1,523.0,523,CUST-76624,Website
UK-2026-101679,2026-03-01,West,Surat,Yoga Mat Pro,Sports,2,1220.0,2440,CUST-51685,Website
UK-2026-102530,2026-04-04,North,Chandigarh,Silk Saree,Fashion,1,3601.0,3601,CUST-69149,App
UK-2026-103322,2026-05-30,East,Guwahati,Ethnic Dupatta,Fashion,4,499.0,1996,CUST-13680,Website
UK-2026-102361,2026-04-24,South,Chennai,Wireless Earbuds Pro,Electronics,1,2966.0,2966,CUST-49237,Marketplace
UK-2026-104606,2026-06-26,West,Pune,Running Sneakers,Fashion,2,2917.0,5834,CUST-77718,Website
UK-2026-100020,2026-01-15,South,Bengaluru,Denim Jacket,Fashion,1,2136.0,2136,CUST-62434,Marketplace
UK-2026-103627,2026-05-24,South,Kochi,Power Bank 20000mAh,Electronics,1,1811.0,1811,CUST-32110,Website
UK-2026-100527,2026-01-06,North,Chandigarh,Football Size 5,Sports,1,869.0,869,CUST-57187,Marketplace
UK-2026-103455,2026-05-31,South,Chennai,Yoga Mat Pro,Sports,3,1251.0,3753,CUST-62770,Marketplace
UK-2026-102516,2026-04-10,Central,Nagpur,Slim Fit Jeans,Fashion,3,1541.0,4623,CUST-76780,Website
UK-2026-101332,2026-02-25,South,Kochi,Ionic Hair Dryer,Beauty,1,1949.0,1949,CUST-19095,Website
UK-2026-100903,2026-02-15,West,Pune,Cycling Helmet,Sports,2,1641.0,3282,CUST-14359,App
UK-2026-104250,2026-06-14,East,Bhubaneswar,Power Bank 20000mAh,Electronics,1,1876.0,1876,CUST-22612,App
UK-2026-104412,2026-06-29,South,Chennai,Football Size 5,Sports,1,882.0,882,CUST-35161,Marketplace
UK-2026-101906,2026-03-23,South,Hyderabad,Wireless Earbuds Pro,Electronics,1,3037.0,3037,CUST-99035,App
UK-2026-100216,2026-01-25,East,Bhubaneswar,Leather Wallet,Fashion,1,890.0,890,CUST-19724,App
UK-2026-103868,2026-05-04,Central,Bhopal,Non-Stick Cookware Set,Home & Kitchen,1,2962.0,2962,CUST-14018,App
UK-2026-103541,2026-05-23,West,Surat,Robot Vacuum R7,Home & Kitchen,1,19341.0,19341,CUST-42076,Marketplace
UK-2026-104867,2026-06-01,West,Mumbai,Noise-Cancelling Headphones,Electronics,1,8573.0,8573,CUST-60613,Marketplace
UK-2026-104314,2026-06-01,South,Hyderabad,43-inch Smart TV,Electronics,1,25902.0,25902,CUST-59119,Marketplace
UK-2026-104824,2026-06-29,West,Surat,Cricket Bat English Willow,Sports,2,8865.0,17730,CUST-44788,App
UK-2026-102359,2026-04-28,East,Kolkata,Leather Wallet,Fashion,4,913.0,3652,CUST-49237,App
UK-2026-102477,2026-04-26,West,Mumbai,Mixer Grinder 750W,Home & Kitchen,2,3171.0,6342,CUST-57532,Marketplace
UK-2026-101598,2026-03-08,South,Bengaluru,Badminton Racket Set,Sports,1,2434.0,2434,CUST-57696,App
UK-2026-100363,2026-01-04,Central,Nagpur,Bluetooth Speaker Mini,Electronics,1,1476.0,1476,CUST-67026,App
UK-2026-104611,2026-06-18,South,Kochi,Noise-Cancelling Headphones,Electronics,2,8759.0,17518,CUST-20897,Marketplace
UK-2026-101972,2026-03-05,North,Delhi,Dinner Set 24pc,Home & Kitchen,1,2551.0,2551,CUST-36459,Website
UK-2026-100813,2026-02-09,South,Bengaluru,Badminton Racket Set,Sports,2,2545.0,5090,CUST-79950,App
UK-2026-103427,2026-05-04,East,Patna,Denim Jacket,Fashion,3,2194.0,6582,CUST-28453,App
UK-2026-100439,2026-01-26,West,Pune,Silk Saree,Fashion,3,3464.0,10392,CUST-79328,App
UK-2026-102293,2026-04-01,East,Kolkata,Makeup Brush Set,Beauty,2,1333.0,2666,CUST-87075,Website
UK-2026-100195,2026-01-23,Central,Nagpur,Makeup Brush Set,Beauty,1,1294.0,1294,CUST-61164,App
UK-2026-100680,2026-01-31,East,Patna,Beard Grooming Kit,Beauty,4,972.0,3888,CUST-59430,App
UK-2026-103515,2026-05-18,West,Ahmedabad,Bluetooth Speaker Mini,Electronics,1,1538.0,1538,CUST-87075,Marketplace
UK-2026-102719,2026-04-06,South,Chennai,Smart Watch X2,Electronics,4,4682.0,18728,CUST-32327,App
UK-2026-101317,2026-02-25,West,Ahmedabad,Slim Fit Jeans,Fashion,1,1526.0,1526,CUST-44788,App
UK-2026-103976,2026-05-31,North,Chandigarh,Noise-Cancelling Headphones,Electronics,1,8755.0,8755,CUST-91838,Marketplace
UK-2026-102765,2026-04-15,North,Gurugram,Slim Fit Jeans,Fashion,1,1522.0,1522,CUST-47822,Website
UK-2026-100123,2026-01-04,South,Hyderabad,Ionic Hair Dryer,Beauty,1,1952.0,1952,CUST-62072,App
UK-2026-100306,2026-01-30,North,Delhi,Wireless Earbuds Pro,Electronics,1,2878.0,2878,CUST-68354,App
UK-2026-104821,2026-06-13,East,Kolkata,Silk Saree,Fashion,2,3605.0,7210,CUST-48555,Marketplace
UK-2026-100856,2026-02-10,West,Mumbai,Electric Kettle 1.5L,Home & Kitchen,1,1137.0,1137,CUST-50258,Website
UK-2026-102687,2026-04-26,South,Kochi,Beard Grooming Kit,Beauty,1,1034.0,1034,CUST-76788,Website
UK-2026-102182,2026-03-12,North,Noida,Formal Shirt,Fashion,2,1082.0,2164,CUST-73120,App
UK-2026-100024,2026-01-10,West,Ahmedabad,Cricket Bat English Willow,Sports,1,8662.0,8662,CUST-20282,Website
UK-2026-100065,2026-01-10,East,Kolkata,Makeup Brush Set,Beauty,1,1284.0,1284,CUST-13680,App
UK-2026-102437,2026-04-14,North,Gurugram,Running Sneakers,Fashion,4,2750.0,11000,CUST-36459,App
UK-2026-100235,2026-01-13,South,Chennai,Foldable Treadmill T2,Sports,1,24173.0,24173,CUST-21262,Website
UK-2026-103083,2026-04-15,South,Kochi,Ionic Hair Dryer,Beauty,1,1835.0,1835,CUST-96917,Website
UK-2026-102944,2026-04-07,South,Bengaluru,Ionic Hair Dryer,Beauty,1,1820.0,1820,CUST-59374,Website
UK-2026-103874,2026-05-12,North,Delhi,Wireless Earbuds Pro,Electronics,1,2856.0,2856,CUST-23152,App
UK-2026-101242,2026-02-12,Central,Raipur,Non-Stick Cookware Set,Home & Kitchen,1,2802.0,2802,CUST-11262,App
UK-2026-104229,2026-06-06,West,Mumbai,Yoga Mat Pro,Sports,1,1140.0,1140,CUST-52286,App
UK-2026-102977,2026-04-15,Central,Nagpur,Cotton Kurta Set,Fashion,2,1302.0,2604,CUST-85566,App
UK-2026-100446,2026-01-12,West,Mumbai,Non-Stick Cookware Set,Home & Kitchen,1,3009.0,3009,CUST-56374,Website
UK-2026-104667,2026-06-21,East,Patna,Noise-Cancelling Headphones,Electronics,2,8830.0,17660,CUST-24999,Marketplace
UK-2026-100015,2026-01-16,South,Kochi,Power Bank 20000mAh,Electronics,2,1853.0,3706,CUST-77753,Website
UK-2026-102295,2026-04-17,Central,Nagpur,Face Wash Combo,Beauty,1,452.0,452,CUST-58381,App
UK-2026-100569,2026-01-28,West,Surat,Air Fryer 5L,Home & Kitchen,2,5531.0,11062,CUST-91373,App
UK-2026-100344,2026-01-14,West,Surat,Bluetooth Speaker Mini,Electronics,2,1566.0,3132,CUST-46866,Website
UK-2026-103713,2026-05-14,South,Kochi,Ultrabook Air 14,Electronics,2,29390.0,58780,CUST-96118,App
UK-2026-102513,2026-04-12,South,Kochi,43-inch Smart TV,Electronics,1,26171.0,26171,CUST-87104,App
UK-2026-100098,2026-01-12,West,Pune,Dinner Set 24pc,Home & Kitchen,1,2521.0,2521,CUST-52294,App
UK-2026-103598,2026-05-02,South,Chennai,Vitamin C Serum,Beauty,2,703.0,1406,CUST-25101,Marketplace
UK-2026-100935,2026-02-19,North,Noida,Silk Saree,Fashion,1,3503.0,3503,CUST-44672,Website
UK-2026-100391,2026-01-12,South,Kochi,Gym Gloves,Sports,1,503.0,503,CUST-45744,App
UK-2026-103367,2026-05-27,West,Pune,Eau de Parfum 100ml,Beauty,3,1931.0,5793,CUST-20699,Website
UK-2026-102185,2026-03-28,North,Noida,Foldable Treadmill T2,Sports,1,25512.0,25512,CUST-17640,Marketplace
UK-2026-104738,2026-06-27,Central,Raipur,Power Bank 20000mAh,Electronics,1,1850.0,1850,CUST-31140,Website
UK-2026-103329,2026-05-17,East,Guwahati,Smart Watch X2,Electronics,1,4500.0,4500,CUST-71374,Website
UK-2026-104855,2026-06-12,Central,Raipur,Non-Stick Cookware Set,Home & Kitchen,1,2799.0,2799,CUST-41081,App
UK-2026-102554,2026-04-18,East,Guwahati,Mixer Grinder 750W,Home & Kitchen,1,3345.0,3345,CUST-15418,Website
UK-2026-103539,2026-05-26,Central,Raipur,Cotton Kurta Set,Fashion,1,1333.0,1333,CUST-83196,Website
UK-2026-102515,2026-04-24,South,Kochi,Football Size 5,Sports,1,876.0,876,CUST-57696,Marketplace
UK-2026-104988,2026-06-27,North,Chandigarh,Noise-Cancelling Headphones,Electronics,1,8917.0,8917,CUST-63302,App
UK-2026-102965,2026-04-26,Central,Nagpur,Ultrabook Air 14,Electronics,1,31232.0,31232,CUST-47532,Website
UK-2026-104338,2026-06-21,West,Mumbai,Smart Watch X2,Electronics,2,4277.0,8554,CUST-61410,App
UK-2026-102646,2026-04-15,West,Pune,Foldable Treadmill T2,Sports,1,25402.0,25402,CUST-96873,Marketplace
UK-2026-101542,2026-03-06,East,Guwahati,Yoga Mat Pro,Sports,1,1203.0,1203,CUST-61697,Marketplace
UK-2026-103180,2026-05-30,North,Gurugram,Power Bank 20000mAh,Electronics,2,1845.0,3690,CUST-18782,App
UK-2026-103163,2026-05-12,South,Bengaluru,Electric Kettle 1.5L,Home & Kitchen,1,1145.0,1145,CUST-75181,Website
UK-2026-103710,2026-05-08,West,Mumbai,Bluetooth Speaker Mini,Electronics,1,1493.0,1493,CUST-25827,Website
UK-2026-102424,2026-04-28,South,Chennai,Mirrorless Camera Lite,Electronics,1,27903.0,27903,CUST-91650,Website
UK-2026-101075,2026-02-20,North,Delhi,Electric Kettle 1.5L,Home & Kitchen,1,1141.0,1141,CUST-16942,Website
UK-2026-100329,2004-01-26,West,Ahmedabad,Cycling Helmet,Sports,1,1537.0,1537,CUST-41028,Website
UK-2026-103148,2026-05-25,North,Gurugram,Badminton Racket Set,Sports,3,2598.0,7794,CUST-17466,Marketplace
UK-2026-100211,2026-01-23,North,Delhi,Matte Lipstick Set,Beauty,1,879.0,879,CUST-14772,App
UK-2026-102738,2026-04-19,North,Delhi,Slim Fit Jeans,Fashion,1,1539.0,1539,CUST-30941,Website
UK-2026-100482,2026-01-30,South,Kochi,Wireless Earbuds Pro,Electronics,2,3129.0,6258,CUST-60583,Website
UK-2026-100586,2026-01-21,West,Mumbai,Ultrabook Air 14,Electronics,1,30661.0,30661,CUST-29844,Website
UK-2026-102729,2026-04-14,South,Bengaluru,Modern Wall Clock,Home & Kitchen,1,786.0,786,CUST-93483,Website
UK-2026-104977,2026-06-19,South,Bengaluru,Electric Kettle 1.5L,Home & Kitchen,1,1061.0,1061,CUST-52294,App
UK-2026-102006,2026-03-24,East,Kolkata,Leather Wallet,Fashion,1,932.0,932,CUST-31549,Marketplace
UK-2026-101912,2026-03-24,South,Chennai,Wireless Earbuds Pro,Electronics,1,2929.0,2929,CUST-83289,Marketplace
UK-2026-104119,2026-06-27,South,Hyderabad,Denim Jacket,Fashion,4,2278.0,9112,CUST-18377,Marketplace
UK-2026-104812,2026-06-26,South,Kochi,Air Fryer 5L,Home & Kitchen,1,5661.0,5661,CUST-27473,Marketplace
UK-2026-103761,2026-05-02,South,Kochi,Cotton Kurta Set,Fashion,1,1274.0,1274,CUST-17985,App
UK-2026-102376,2026-04-01,Central,Indore,Leather Wallet,Fashion,1,886.0,886,CUST-75012,App
UK-2026-104799,2026-06-12,West,Surat,Football Size 5,Sports,1,874.0,874,CUST-67878,Marketplace
UK-2026-102855,2026-04-14,West,Surat,Wireless Earbuds Pro,Electronics,2,2885.0,5770,CUST-10089,Website
UK-2026-104970,2026-06-18,South,Kochi,Mirrorless Camera Lite,Electronics,1,29475.0,29475,CUST-47906,Marketplace
UK-2026-100610,2026-01-04,West,Ahmedabad,Foldable Treadmill T2,Sports,1,23825.0,23825,CUST-24298,Website
UK-2026-101134,2026-02-04,East,Kolkata,Mirrorless Camera Lite,Electronics,1,29633.0,29633,CUST-85775,Website
UK-2026-102116,2026-03-17,West,Mumbai,Beard Grooming Kit,Beauty,1,1020.0,1020,CUST-11407,App
UK-2026-103962,2026-05-07,North,Noida,Ionic Hair Dryer,Beauty,1,1959.0,1959,CUST-49428,Website
UK-2026-104184,2026-06-01,West,Surat,Mirrorless Camera Lite,Electronics,2,29756.0,59512,CUST-43114,App
UK-2026-100389,2026-01-26,West,Pune,Dinner Set 24pc,Home & Kitchen,2,2433.0,4866,CUST-16606,App
UK-2026-100498,2026-01-29,East,Patna,Foldable Treadmill T2,Sports,1,25039.0,25039,CUST-14752,App
UK-2026-101749,2026-03-07,North,Noida,Matte Lipstick Set,Beauty,4,927.0,3708,CUST-71903,Website
UK-2026-102577,2026-04-15,South,Bengaluru,Robot Vacuum R7,Home & Kitchen,1,18053.0,18053,CUST-29618,Website
UK-2026-100388,2026-01-03,North,Gurugram,Slim Fit Jeans,Fashion,1,1666.0,1666,CUST-75179,Website
UK-2026-104465,2026-06-10,South,Hyderabad,Denim Jacket,Fashion,2,2141.0,4282,CUST-14900,App
UK-2026-102866,2026-04-30,North,Delhi,Silk Saree,Fashion,1,3512.0,3512,CUST-62298,App
UK-2026-100339,2026-01-29,East,Patna,Football Size 5,Sports,1,896.0,896,CUST-89866,Website
UK-2026-103677,2026-05-26,South,Bengaluru,Air Fryer 5L,Home & Kitchen,1,5560.0,5560,CUST-15101,App
UK-2026-103993,2026-05-28,East,Guwahati,Mirrorless Camera Lite,Electronics,1,29295.0,29295,CUST-44999,Marketplace
UK-2026-104274,2026-06-25,North,Chandigarh,Power Bank 20000mAh,Electronics,3,1850.0,5550,CUST-22320,Marketplace
UK-2026-102451,2026-04-19,West,Surat,Makeup Brush Set,Beauty,1,1360.0,1360,CUST-20532,App
UK-2026-103557,2026-05-11,North,Noida,Dinner Set 24pc,Home & Kitchen,2,2396.0,4792,CUST-43130,App
UK-2026-100988,2026-02-04,North,Chandigarh,Makeup Brush Set,Beauty,1,1344.0,1344,CUST-40263,Website
UK-2026-101056,2026-02-11,West,Ahmedabad,Cycling Helmet,Sports,1,1587.0,1587,CUST-47518,App
UK-2026-100179,2026-01-17,South,Kochi,Makeup Brush Set,Beauty,1,1262.0,1262,CUST-90055,App
UK-2026-103155,2026-05-10,West,Pune,Power Bank 20000mAh,Electronics,1,1711.0,1711,CUST-59424,Marketplace
UK-2026-104563,2026-06-14,West,Ahmedabad,Slim Fit Jeans,Fashion,1,1525.0,1525,CUST-87346,App
UK-2026-104057,2026-06-13,East,Kolkata,Cycling Helmet,Sports,1,1668.0,1668,CUST-70085,Marketplace
UK-2026-101142,2026-02-24,West,Pune,Foldable Treadmill T2,Sports,1,25138.0,25138,CUST-94986,App
UK-2026-101886,2026-03-09,South,Bengaluru,Non-Stick Cookware Set,Home & Kitchen,1,2883.0,2883,CUST-50131,Website
UK-2026-103458,2026-05-25,South,Hyderabad,Smart Watch X2,Electronics,1,4672.0,4672,CUST-31669,App
UK-2026-102631,2026-04-20,North,Delhi,Beard Grooming Kit,Beauty,1,1044.0,1044,CUST-28964,Website
UK-2026-104335,2026-06-25,North,Chandigarh,Electric Kettle 1.5L,Home & Kitchen,1,1144.0,1144,CUST-93950,App
UK-2026-101915,2026-03-06,North,Delhi,Formal Shirt,Fashion,2,1153.0,2306,CUST-59430,App
UK-2026-102521,2026-04-06,Central,Bhopal,Dinner Set 24pc,Home & Kitchen,1,2500.0,2500,CUST-26835,App
UK-2026-100228,2026-01-21,Central,Bhopal,Adjustable Dumbbells 15kg,Sports,2,4820.0,9640,CUST-15796,Website
UK-2026-103491,2026-05-15,East,Guwahati,Denim Jacket,Fashion,1,2284.0,2284,CUST-57696,Website
UK-2026-104152,2026-06-27,North,Delhi,Vitamin C Serum,Beauty,1,728.0,728,CUST-64998,App
UK-2026-104039,2026-06-04,South,Chennai,Bluetooth Speaker Mini,Electronics,4,1471.0,5884,CUST-68962,Marketplace
UK-2026-103241,2026-05-22,West,Mumbai,Face Wash Combo,Beauty,1,432.0,432,CUST-25775,App
UK-2026-103702,2026-05-24,West,Surat,Modern Wall Clock,Home & Kitchen,1,834.0,834,CUST-55160,App
UK-2026-100262,2026-01-09,Central,Nagpur,Denim Jacket,Fashion,1,2112.0,2112,CUST-14407,App
UK-2026-103527,2026-05-31,West,Surat,Ultrabook Air 14,Electronics,1,29770.0,29770,CUST-81489,App
UK-2026-104950,2026-06-29,Central,Nagpur,Face Wash Combo,Beauty,1,447.0,447,CUST-45744,App
UK-2026-100384,2026-01-25,East,Bhubaneswar,Makeup Brush Set,Beauty,2,1331.0,2662,CUST-87857,App
UK-2026-102350,2026-04-02,South,Hyderabad,Running Sneakers,Fashion,1,2914.0,2914,CUST-53032,App
UK-2026-101694,2026-03-13,Central,Bhopal,Smart Watch X2,Electronics,1,4721.0,4721,CUST-94082,App
UK-2026-101827,2026-03-20,North,Gurugram,Running Sneakers,Fashion,1,2749.0,2749,CUST-26035,Website
UK-2026-102200,2026-03-08,North,Gurugram,Mirrorless Camera Lite,Electronics,4,27981.0,111924,CUST-86739,App
UK-2026-101788,2026-03-18,South,Hyderabad,Robot Vacuum R7,Home & Kitchen,1,19313.0,19313,CUST-72034,App
UK-2026-103995,2026-05-23,West,Surat,Cricket Bat English Willow,Sports,1,9338.0,9338,CUST-22451,App
UK-2026-104238,2026-06-17,East,Bhubaneswar,Noise-Cancelling Headphones,Electronics,2,8613.0,17226,CUST-93759,App
UK-2026-102218,2026-03-21,North,Delhi,Wireless Earbuds Pro,Electronics,1,3052.0,3052,CUST-59254,App
UK-2026-101953,2026-03-24,North,Chandigarh,43-inch Smart TV,Electronics,1,25095.0,25095,CUST-32928,Marketplace
UK-2026-100402,2026-01-31,North,Chandigarh,Silk Saree,Fashion,1,3510.0,3510,CUST-52918,App
UK-2026-103051,2026-04-21,Central,Nagpur,Slim Fit Jeans,Fashion,1,1526.0,1526,CUST-79332,Website
UK-2026-103657,2026-05-19,West,Surat,Smart Watch X2,Electronics,3,4695.0,14085,CUST-32332,App
UK-2026-101740,2026-03-11,East,Guwahati,Silk Saree,Fashion,1,3411.0,3411,CUST-47089,App
UK-2026-103422,2026-05-03,South,Hyderabad,Dinner Set 24pc,Home & Kitchen,1,2516.0,2516,CUST-59543,App
UK-2026-101717,2026-03-25,North,Chandigarh,Electric Kettle 1.5L,Home & Kitchen,1,1055.0,1055,CUST-17024,App
UK-2026-103067,2026-04-04,South,Bengaluru,Ultrabook Air 14,Electronics,1,29788.0,29788,CUST-32870,App
UK-2026-104877,2026-06-18,North,Noida,Ethnic Dupatta,Fashion,1,490.0,490,CUST-11671,App
UK-2026-102535,2026-04-29,South,Chennai,Smart Watch X2,Electronics,1,4474.0,4474,CUST-32997,Website
UK-2026-103908,2026-05-15,West,Pune,Ultrabook Air 14,Electronics,4,28819.0,115276,CUST-96917,Website
UK-2026-101350,2026-02-07,Central,Raipur,Formal Shirt,Fashion,1,1047.0,1047,CUST-33476,App
UK-2026-103354,2026-05-30,West,Mumbai,Cricket Bat English Willow,Sports,1,9406.0,9406,CUST-82750,Website
UK-2026-103338,2026-05-02,South,Kochi,Gym Gloves,Sports,2,500.0,1000,CUST-78247,Website
UK-2026-100252,2026-01-11,North,Gurugram,Formal Shirt,Fashion,1,1059.0,1059,CUST-98738,App
UK-2026-100013,2026-01-25,West,Pune,Noise-Cancelling Headphones,Electronics,1,8894.0,8894,CUST-67960,App
UK-2026-102735,2026-04-05,West,Pune,Mirrorless Camera Lite,Electronics,1,28108.0,28108,CUST-47518,Website
UK-2026-103748,2026-05-25,East,Bhubaneswar,Silk Saree,Fashion,1,3613.0,3613,CUST-29751,Website
UK-2026-104859,2026-06-17,South,Chennai,Cotton Kurta Set,Fashion,1,1269.0,1269,CUST-79268,App
UK-2026-103070,2026-04-30,West,Pune,Adjustable Dumbbells 15kg,Sports,1,5192.0,5192,CUST-52308,Website
UK-2026-102545,2026-04-07,West,Mumbai,Face Wash Combo,Beauty,1,429.0,429,CUST-72132,Marketplace
UK-2026-101226,2026-02-25,Central,Raipur,Power Bank 20000mAh,Electronics,1,1716.0,1716,CUST-96118,Website
UK-2026-101514,2026-03-27,South,Bengaluru,Sunscreen SPF50,Beauty,2,553.0,1106,CUST-37579,Website
UK-2026-101444,2026-02-19,Central,Raipur,Smart Watch X2,Electronics,1,4344.0,4344,CUST-18146,Website
UK-2026-103694,2026-05-30,West,Mumbai,Power Bank 20000mAh,Electronics,1,1757.0,1757,CUST-29806,Marketplace
UK-2026-104901,2026-06-29,West,Surat,Robot Vacuum R7,Home & Kitchen,1,18628.0,18628,CUST-40592,Marketplace
UK-2026-100037,2026-01-15,South,Bengaluru,Eau de Parfum 100ml,Beauty,1,1902.0,1902,CUST-44030,Website
UK-2026-103293,2026-05-10,West,Mumbai,Silk Saree,Fashion,1,3657.0,3657,CUST-86048,App
UK-2026-102601,2026-04-07,East,Kolkata,Mixer Grinder 750W,Home & Kitchen,1,3456.0,3456,CUST-96792,Website
UK-2026-103894,2026-05-06,North,Chandigarh,Face Wash Combo,Beauty,1,447.0,447,CUST-30477,App
UK-2026-104649,2026-06-17,North,Gurugram,Cotton Kurta Set,Fashion,1,1306.0,1306,CUST-33053,App
UK-2026-104575,2026-06-17,South,Chennai,Noise-Cancelling Headphones,Electronics,1,9162.0,9162,CUST-76698,Marketplace
UK-2026-104618,2026-06-22,South,Hyderabad,43-inch Smart TV,Electronics,1,25359.0,25359,CUST-31005,Website
UK-2026-102496,2026-04-21,South,Chennai,Electric Kettle 1.5L,Home & Kitchen,1,1056.0,1056,CUST-17988,App
UK-2026-101376,2026-02-13,West,Pune,Running Sneakers,Fashion,2,2799.0,5598,CUST-87425,Website
UK-2026-103775,2026-05-01,South,Kochi,Cotton Bedsheet Set,Home & Kitchen,1,1386.0,1386,CUST-71092,Website
UK-2026-104750,2026-06-20,North,Delhi,Power Bank 20000mAh,Electronics,1,1853.0,1853,CUST-55740,Marketplace
UK-2026-100606,2026-01-05,West,Pune,Electric Kettle 1.5L,Home & Kitchen,1,1079.0,1079,CUST-74596,Website
UK-2026-100992,2026-02-19,Central,Nagpur,Noise-Cancelling Headphones,Electronics,2,9147.0,18294,CUST-36654,App
UK-2026-100664,2026-01-25,Central,Raipur,Face Wash Combo,Beauty,1,457.0,457,CUST-86048,App
UK-2026-104541,2026-06-14,West,Mumbai,Modern Wall Clock,Home & Kitchen,1,821.0,821,CUST-12236,Marketplace
UK-2026-104032,2026-06-29,North,Chandigarh,Ionic Hair Dryer,Beauty,1,1980.0,1980,CUST-19965,App
UK-2026-101885,2026-03-18,South,Chennai,Sunscreen SPF50,Beauty,1,551.0,551,CUST-51862,Website
UK-2026-100069,2026-01-02,North,Noida,Mixer Grinder 750W,Home & Kitchen,1,3419.0,3419,CUST-82749,Marketplace
UK-2026-104447,2026-06-11,North,Noida,Yoga Mat Pro,Sports,2,1167.0,2334,CUST-36488,App
UK-2026-104828,2026-06-25,North,Noida,Ethnic Dupatta,Fashion,2,518.0,1036,CUST-71757,Website
UK-2026-104866,2026-06-21,North,Chandigarh,Robot Vacuum R7,Home & Kitchen,1,18345.0,18345,CUST-13667,Marketplace
UK-2026-100591,2026-01-16,North,Gurugram,Ultrabook Air 14,Electronics,1,29867.0,29867,CUST-57075,App
UK-2026-104146,2026-06-09,West,Surat,Gym Gloves,Sports,1,514.0,514,CUST-51114,App
UK-2026-103224,2026-05-09,East,Kolkata,Air Fryer 5L,Home & Kitchen,1,5772.0,5772,CUST-14556,App
UK-2026-104222,2026-06-22,East,Bhubaneswar,Bluetooth Speaker Mini,Electronics,1,1482.0,1482,CUST-94646,Marketplace
UK-2026-104307,2026-06-29,Central,Indore,Badminton Racket Set,Sports,1,2526.0,2526,CUST-72618,Marketplace
UK-2026-102040,2026-03-05,North,Gurugram,Ionic Hair Dryer,Beauty,1,1885.0,1885,CUST-49096,App
UK-2026-104726,2026-06-21,North,Gurugram,Smart Watch X2,Electronics,1,4561.0,4561,CUST-82919,App
UK-2026-101067,2026-02-08,Central,Nagpur,Power Bank 20000mAh,Electronics,1,1717.0,1717,CUST-87054,App
UK-2026-100292,2026-01-28,West,Surat,Foldable Treadmill T2,Sports,1,24603.0,24603,CUST-60569,Website
UK-2026-100975,2026-02-22,North,Chandigarh,Noise-Cancelling Headphones,Electronics,2,9315.0,18630,CUST-51514,Website
UK-2026-103201,2026-05-11,Central,Nagpur,Leather Wallet,Fashion,1,897.0,897,CUST-74230,Marketplace
UK-2026-100092,2026-01-11,South,Kochi,Cotton Bedsheet Set,Home & Kitchen,1,1396.0,1396,CUST-85124,App
UK-2026-100171,2026-01-26,East,Patna,Power Bank 20000mAh,Electronics,1,1755.0,1755,CUST-51730,App
UK-2026-104922,2026-06-15,North,Gurugram,Smart Watch X2,Electronics,2,4336.0,8672,CUST-36009,Marketplace
UK-2026-100953,2026-02-05,East,Guwahati,Non-Stick Cookware Set,Home & Kitchen,1,2777.0,2777,CUST-59374,Website
UK-2026-101442,2026-02-17,South,Chennai,Power Bank 20000mAh,Electronics,2,1837.0,3674,CUST-38558,App
UK-2026-102143,2026-03-03,West,Mumbai,Noise-Cancelling Headphones,Electronics,1,9404.0,9404,CUST-98949,App
UK-2026-103151,2026-05-15,North,Chandigarh,Cotton Bedsheet Set,Home & Kitchen,1,1345.0,1345,CUST-79301,Website
UK-2026-103508,2026-05-17,South,Bengaluru,Face Wash Combo,Beauty,1,460.0,460,CUST-59698,Marketplace
UK-2026-103444,2026-05-11,Central,Indore,Mirrorless Camera Lite,Electronics,1,28165.0,28165,CUST-67085,Website
UK-2026-103162,2026-05-15,South,Hyderabad,Adjustable Dumbbells 15kg,Sports,2,4973.0,9946,CUST-70612,App
UK-2026-100673,2026-01-15,East,Kolkata,Dinner Set 24pc,Home & Kitchen,1,2420.0,2420,CUST-97129,App
UK-2026-102520,2026-04-20,South,Bengaluru,Makeup Brush Set,Beauty,3,1325.0,3975,CUST-29318,Website
UK-2026-104767,2026-06-06,Central,Indore,Gym Gloves,Sports,4,490.0,1960,CUST-74138,Marketplace
UK-2026-103291,2026-05-12,South,Hyderabad,Robot Vacuum R7,Home & Kitchen,1,19556.0,19556,CUST-93842,App
UK-2026-104240,2026-06-11,East,Bhubaneswar,Cotton Kurta Set,Fashion,1,1244.0,1244,CUST-56712,Marketplace
UK-2026-103634,2026-05-16,West,Ahmedabad,Leather Wallet,Fashion,1,864.0,864,CUST-86407,Marketplace
UK-2026-101804,2026-03-29,East,Guwahati,Non-Stick Cookware Set,Home & Kitchen,1,2968.0,2968,CUST-81841,Website
UK-2026-100735,2026-02-02,North,Delhi,Dinner Set 24pc,Home & Kitchen,2,2459.0,4918,CUST-92232,Website
UK-2026-103035,2026-04-04,North,Gurugram,Formal Shirt,Fashion,1,1123.0,1123,CUST-54974,App
UK-2026-103092,2026-05-13,Central,Nagpur,Modern Wall Clock,Home & Kitchen,1,779.0,779,CUST-90373,App
UK-2026-102893,2026-04-03,West,Pune,Cricket Bat English Willow,Sports,1,8588.0,8588,CUST-82488,App
UK-2026-104885,2026-06-14,North,Chandigarh,Wireless Earbuds Pro,Electronics,1,2933.0,2933,CUST-44611,App
UK-2026-104654,2026-06-14,North,Chandigarh,Silk Saree,Fashion,1,3430.0,3430,CUST-37443,Marketplace
UK-2026-102675,2026-04-02,Central,Indore,Formal Shirt,Fashion,1,1119.0,1119,CUST-85999,Website
UK-2026-100697,2026-01-01,East,Guwahati,Cotton Bedsheet Set,Home & Kitchen,4,1427.0,5708,CUST-54874,Website
UK-2026-101086,2026-02-25,North,Delhi,43-inch Smart TV,Electronics,2,25751.0,51502,CUST-87857,App
UK-2026-102799,2026-04-07,West,Ahmedabad,Ultrabook Air 14,Electronics,2,28519.0,57038,CUST-46896,App
UK-2026-104937,2026-06-16,South,Kochi,Cotton Kurta Set,Fashion,1,1298.0,1298,CUST-42629,Website
UK-2026-101230,2011-02-26,North,Chandigarh,Smart Watch X2,Electronics,3,4711.0,14133,CUST-86012,Website
UK-2026-101720,2026-03-05,East,Guwahati,Slim Fit Jeans,Fashion,1,1657.0,1657,CUST-76728,App
UK-2026-101255,2026-02-09,North,Noida,Cotton Bedsheet Set,Home & Kitchen,1,1458.0,1458,CUST-50131,Marketplace
UK-2026-103735,2026-05-09,West,Ahmedabad,Denim Jacket,Fashion,1,2288.0,2288,CUST-95564,App
UK-2026-102776,2026-04-05,South,Kochi,Denim Jacket,Fashion,2,2205.0,4410,CUST-86557,Website
UK-2026-101546,2026-03-11,Central,Raipur,Ultrabook Air 14,Electronics,1,31236.0,31236,CUST-89558,App
UK-2026-103023,2026-04-21,Central,Raipur,Ionic Hair Dryer,Beauty,1,1938.0,1938,CUST-50131,Website
UK-2026-104938,2026-06-12,West,Mumbai,43-inch Smart TV,Electronics,1,26908.0,26908,CUST-43214,Marketplace
UK-2026-102813,2026-04-28,North,Delhi,Bluetooth Speaker Mini,Electronics,1,1574.0,1574,CUST-36504,Marketplace
UK-2026-102592,2026-04-02,East,Patna,Face Wash Combo,Beauty,1,471.0,471,CUST-11100,Website
UK-2026-104603,2026-06-17,West,Ahmedabad,Cotton Bedsheet Set,Home & Kitchen,2,1378.0,2756,CUST-67995,App
UK-2026-104098,2026-06-20,North,Delhi,Power Bank 20000mAh,Electronics,1,1816.0,1816,CUST-64543,Marketplace
UK-2026-103328,2026-05-21,North,Chandigarh,Face Wash Combo,Beauty,1,451.0,451,CUST-21703,Website
UK-2026-102636,2026-04-16,West,Pune,Matte Lipstick Set,Beauty,2,883.0,1766,CUST-25082,App
UK-2026-104074,2026-06-09,South,Kochi,Air Fryer 5L,Home & Kitchen,1,5746.0,5746,CUST-25349,App
UK-2026-104297,2026-06-01,South,Chennai,Modern Wall Clock,Home & Kitchen,1,760.0,760,CUST-27112,App
UK-2026-102004,2026-03-18,Central,Raipur,Silk Saree,Fashion,2,3606.0,7212,CUST-50440,App
UK-2026-101138,2026-02-25,West,Surat,Beard Grooming Kit,Beauty,2,1025.0,2050,CUST-60360,Website
UK-2026-103826,2026-05-24,West,Ahmedabad,Power Bank 20000mAh,Electronics,2,1723.0,3446,CUST-43035,Website
UK-2026-101882,2026-03-15,Central,Nagpur,Denim Jacket,Fashion,1,2206.0,2206,CUST-35868,App
UK-2026-103773,2026-05-11,West,Surat,43-inch Smart TV,Electronics,1,26677.0,26677,CUST-43882,App
UK-2026-103620,2026-05-11,North,Gurugram,Running Sneakers,Fashion,1,2772.0,2772,CUST-45078,App
UK-2026-104833,2026-06-13,South,Kochi,Ethnic Dupatta,Fashion,1,486.0,486,CUST-78893,Website
UK-2026-102126,2026-03-26,South,Hyderabad,Bluetooth Speaker Mini,Electronics,2,1541.0,3082,CUST-45152,Marketplace
UK-2026-103566,2013-05-26,East,Bhubaneswar,Sunscreen SPF50,Beauty,2,563.0,1126,CUST-81974,App
UK-2026-103088,2026-04-13,East,Bhubaneswar,Air Fryer 5L,Home & Kitchen,2,5615.0,11230,CUST-51114,App
UK-2026-104010,2026-05-23,East,Kolkata,Smart Watch X2,Electronics,2,4321.0,8642,CUST-11332,Website
UK-2026-100736,2026-02-04,South,Chennai,Gym Gloves,Sports,1,492.0,492,CUST-36013,App
UK-2026-101487,2026-03-24,East,Guwahati,Smart Watch X2,Electronics,1,4319.0,4319,CUST-49237,Website
UK-2026-100463,2026-01-29,North,Delhi,Bluetooth Speaker Mini,Electronics,1,1455.0,1455,CUST-37124,App
UK-2026-103512,2026-05-18,West,Pune,Cotton Kurta Set,Fashion,1,1267.0,1267,CUST-65781,Marketplace
UK-2026-101175,2026-02-17,West,Ahmedabad,Ethnic Dupatta,Fashion,1,477.0,477,CUST-65415,App
UK-2026-103372,2026-05-22,North,Delhi,Formal Shirt,Fashion,1,1139.0,1139,CUST-31563,App
UK-2026-102482,2026-04-08,South,Bengaluru,Sunscreen SPF50,Beauty,2,561.0,1122,CUST-18462,Website
UK-2026-103405,2026-05-02,West,Mumbai,43-inch Smart TV,Electronics,3,25050.0,75150,CUST-76394,App
UK-2026-102635,2026-04-21,North,Delhi,Denim Jacket,Fashion,3,2222.0,6666,CUST-32483,Website
UK-2026-104327,2026-06-25,West,Ahmedabad,Modern Wall Clock,Home & Kitchen,1,785.0,785,CUST-27271,Website
UK-2026-104712,2026-06-14,South,Bengaluru,Ethnic Dupatta,Fashion,1,503.0,503,CUST-95491,App
UK-2026-100851,2026-02-25,West,Mumbai,Silk Saree,Fashion,1,3647.0,3647,CUST-75153,Marketplace
UK-2026-101873,2026-03-07,Central,Bhopal,Badminton Racket Set,Sports,1,2381.0,2381,CUST-58407,Marketplace
UK-2026-103231,2026-05-20,East,Patna,Cricket Bat English Willow,Sports,1,8852.0,8852,CUST-34373,Website
UK-2026-104734,2026-06-30,South,Hyderabad,Modern Wall Clock,Home & Kitchen,1,778.0,778,CUST-98683,App
UK-2026-104011,2026-05-06,South,Kochi,Beard Grooming Kit,Beauty,2,1017.0,2034,CUST-49894,Marketplace
UK-2026-101365,2026-02-20,East,Patna,Modern Wall Clock,Home & Kitchen,1,822.0,822,CUST-16759,App
UK-2026-100774,2026-02-21,Central,Nagpur,Adjustable Dumbbells 15kg,Sports,1,4906.0,4906,CUST-49452,Website
UK-2026-104556,2026-06-08,Central,Indore,Foldable Treadmill T2,Sports,2,25639.0,51278,CUST-49894,Marketplace
UK-2026-104893,2008-06-26,North,Chandigarh,Non-Stick Cookware Set,Home & Kitchen,2,3022.0,6044,CUST-69195,App
UK-2026-104513,2026-06-27,North,Chandigarh,Mixer Grinder 750W,Home & Kitchen,1,3329.0,3329,CUST-99767,Website
UK-2026-102713,2026-04-24,North,Noida,Eau de Parfum 100ml,Beauty,2,2009.0,4018,CUST-57436,Website
UK-2026-101109,2026-02-16,South,Chennai,Denim Jacket,Fashion,2,2149.0,4298,CUST-82210,App
UK-2026-101254,2026-02-08,North,Chandigarh,Modern Wall Clock,Home & Kitchen,3,769.0,2307,CUST-45355,Website
UK-2026-102403,2026-04-09,North,Gurugram,Power Bank 20000mAh,Electronics,1,1860.0,1860,CUST-31549,Marketplace
UK-2026-100518,2026-01-27,North,Delhi,Adjustable Dumbbells 15kg,Sports,1,5070.0,5070,CUST-13015,App
UK-2026-102277,2026-04-29,West,Surat,Mirrorless Camera Lite,Electronics,1,29375.0,29375,CUST-35084,Marketplace
UK-2026-102816,2026-04-24,East,Kolkata,Ionic Hair Dryer,Beauty,4,1852.0,7408,CUST-83647,App
UK-2026-101039,2026-02-17,North,Noida,43-inch Smart TV,Electronics,1,25452.0,25452,CUST-50258,Marketplace
UK-2026-100427,2026-01-27,West,Ahmedabad,Eau de Parfum 100ml,Beauty,1,2068.0,2068,CUST-29730,Website
UK-2026-101215,2026-02-11,East,Bhubaneswar,Wireless Earbuds Pro,Electronics,2,3028.0,6056,CUST-15445,App
UK-2026-100073,2026-01-22,South,Chennai,Adjustable Dumbbells 15kg,Sports,3,5009.0,15027,CUST-74352,Website
UK-2026-104794,2026-06-30,East,Bhubaneswar,Smart Watch X2,Electronics,4,4298.0,17192,CUST-46034,Marketplace
UK-2026-104883,2026-06-30,West,Ahmedabad,Badminton Racket Set,Sports,1,2562.0,2562,CUST-59374,Website
UK-2026-101488,2026-03-24,South,Kochi,Non-Stick Cookware Set,Home & Kitchen,4,2754.0,11016,CUST-17985,Marketplace
UK-2026-102395,2026-04-17,North,Chandigarh,Silk Saree,Fashion,1,3408.0,3408,CUST-30188,App
UK-2026-101264,2026-02-16,North,Noida,Gym Gloves,Sports,2,519.0,1038,CUST-38835,Marketplace
UK-2026-103168,2026-05-17,North,Delhi,Noise-Cancelling Headphones,Electronics,2,9374.0,18748,CUST-33091,App
UK-2026-104729,2026-06-12,Central,Nagpur,Ethnic Dupatta,Fashion,1,500.0,500,CUST-10704,Marketplace
UK-2026-100014,2026-01-10,North,Gurugram,Noise-Cancelling Headphones,Electronics,2,8650.0,17300,CUST-38030,Website
UK-2026-100190,2026-01-29,South,Bengaluru,Sunscreen SPF50,Beauty,1,526.0,526,CUST-47862,Website
UK-2026-104235,2026-06-11,North,Gurugram,Ultrabook Air 14,Electronics,1,28749.0,28749,CUST-16842,App
UK-2026-104372,2026-06-20,South,Hyderabad,Gym Gloves,Sports,1,506.0,506,CUST-69114,App
UK-2026-100559,2026-01-09,West,Pune,Smart Watch X2,Electronics,2,4514.0,9028,CUST-47627,App
UK-2026-101445,2026-02-12,West,Surat,Ionic Hair Dryer,Beauty,2,1980.0,3960,CUST-77924,Marketplace
UK-2026-102364,2026-04-17,South,Chennai,Slim Fit Jeans,Fashion,3,1524.0,4572,CUST-35533,Marketplace
UK-2026-101441,2026-02-02,North,Gurugram,Ethnic Dupatta,Fashion,1,488.0,488,CUST-38657,Website
UK-2026-103738,2026-05-28,South,Chennai,Matte Lipstick Set,Beauty,1,934.0,934,CUST-19829,App
UK-2026-100966,2026-02-26,West,Mumbai,Ethnic Dupatta,Fashion,2,500.0,1000,CUST-82834,Website
UK-2026-102961,2026-04-07,West,Ahmedabad,Air Fryer 5L,Home & Kitchen,1,5347.0,5347,CUST-36375,App
UK-2026-103420,2026-05-16,South,Hyderabad,Mixer Grinder 750W,Home & Kitchen,1,3442.0,3442,CUST-11136,App
UK-2026-103977,2026-05-09,East,Kolkata,Smart Watch X2,Electronics,2,4549.0,9098,CUST-24214,App
UK-2026-103698,2026-05-27,East,Patna,Noise-Cancelling Headphones,Electronics,1,8963.0,8963,CUST-12346,App
UK-2026-104948,2026-06-21,South,Hyderabad,Football Size 5,Sports,1,857.0,857,CUST-10704,App
UK-2026-101853,2026-03-22,West,Ahmedabad,Sunscreen SPF50,Beauty,3,565.0,1695,CUST-40440,Website
UK-2026-102693,2026-04-18,East,Guwahati,Adjustable Dumbbells 15kg,Sports,1,4967.0,4967,CUST-43882,Website
UK-2026-104585,2026-06-28,South,Kochi,Cotton Bedsheet Set,Home & Kitchen,1,1404.0,1404,CUST-22103,App
UK-2026-104230,2026-06-06,Central,Nagpur,Power Bank 20000mAh,Electronics,1,1817.0,1817,CUST-49823,App
UK-2026-103798,2026-05-28,North,Noida,Yoga Mat Pro,Sports,3,1216.0,3648,CUST-96220,Marketplace
UK-2026-103963,2026-05-02,North,Gurugram,Robot Vacuum R7,Home & Kitchen,1,18475.0,18475,CUST-51118,App
UK-2026-101310,2026-02-06,North,Noida,Modern Wall Clock,Home & Kitchen,1,791.0,791,CUST-76788,Website
UK-2026-104434,2026-06-05,South,Chennai,Silk Saree,Fashion,2,3429.0,6858,CUST-22320,Website
UK-2026-104675,2026-06-09,East,Patna,Cotton Bedsheet Set,Home & Kitchen,1,1345.0,1345,CUST-92599,Website
UK-2026-100249,2026-01-11,North,Delhi,Wireless Earbuds Pro,Electronics,1,3146.0,3146,CUST-94681,App
UK-2026-101968,2026-03-19,North,Noida,Wireless Earbuds Pro,Electronics,1,3054.0,3054,CUST-11407,Website
UK-2026-102186,2026-03-11,North,Chandigarh,Cotton Bedsheet Set,Home & Kitchen,3,1444.0,4332,CUST-86202,Marketplace
UK-2026-102742,2026-04-03,North,Noida,Eau de Parfum 100ml,Beauty,1,1899.0,1899,CUST-71949,App
UK-2026-101437,2026-02-13,North,Delhi,Robot Vacuum R7,Home & Kitchen,1,18709.0,18709,CUST-24939,App
UK-2026-104582,2026-06-24,West,Pune,Cotton Kurta Set,Fashion,1,1352.0,1352,CUST-18192,Marketplace
UK-2026-101252,2026-02-22,South,Chennai,Formal Shirt,Fashion,1,1101.0,1101,CUST-90373,Website
UK-2026-101797,2026-03-24,West,Ahmedabad,Sunscreen SPF50,Beauty,1,537.0,537,CUST-62206,App
UK-2026-101631,2026-03-09,North,Chandigarh,Smart Watch X2,Electronics,2,4607.0,9214,CUST-18146,App
UK-2026-103307,2026-05-15,Central,Bhopal,Slim Fit Jeans,Fashion,2,1562.0,3124,CUST-55740,App
UK-2026-100705,2026-01-23,West,Ahmedabad,Robot Vacuum R7,Home & Kitchen,1,19210.0,19210,CUST-42431,Marketplace
UK-2026-103568,2026-05-09,West,Ahmedabad,Bluetooth Speaker Mini,Electronics,1,1437.0,1437,CUST-88314,App
UK-2026-101944,2026-03-29,South,Kochi,Badminton Racket Set,Sports,2,2473.0,4946,CUST-15692,App
UK-2026-101136,2026-02-01,North,Delhi,Wireless Earbuds Pro,Electronics,1,2881.0,2881,CUST-57791,Marketplace
UK-2026-100820,2026-02-21,South,Kochi,Smart Watch X2,Electronics,1,4538.0,4538,CUST-79950,App
UK-2026-101034,2026-02-04,South,Hyderabad,Adjustable Dumbbells 15kg,Sports,2,4920.0,9840,CUST-52514,App
UK-2026-103124,2026-05-18,South,Chennai,Ethnic Dupatta,Fashion,1,511.0,511,CUST-51839,App
UK-2026-102921,2026-04-16,West,Pune,Wireless Earbuds Pro,Electronics,1,3114.0,3114,CUST-14426,Website
UK-2026-102629,2026-04-23,South,Bengaluru,Makeup Brush Set,Beauty,1,1334.0,1334,CUST-46122,App
UK-2026-101863,2026-03-03,Central,Nagpur,Power Bank 20000mAh,Electronics,1,1852.0,1852,CUST-97014,App
UK-2026-100159,2026-01-31,East,Guwahati,Smart Watch X2,Electronics,1,4589.0,4589,CUST-14572,App
UK-2026-104963,2026-06-03,Central,Nagpur,Cricket Bat English Willow,Sports,2,8578.0,17156,CUST-35668,Website
UK-2026-102268,2026-04-23,East,Guwahati,Denim Jacket,Fashion,1,2298.0,2298,CUST-58718,App
UK-2026-101448,2026-02-14,South,Chennai,Ultrabook Air 14,Electronics,1,31109.0,31109,CUST-68566,Marketplace
UK-2026-100980,2026-02-05,South,Kochi,Gym Gloves,Sports,1,516.0,516,CUST-48791,App
UK-2026-102280,2026-04-15,South,Chennai,Cotton Kurta Set,Fashion,1,1289.0,1289,CUST-21572,App
UK-2026-104347,2026-06-30,West,Mumbai,Denim Jacket,Fashion,1,2207.0,2207,CUST-25062,Marketplace
UK-2026-100299,2026-01-30,North,Delhi,Slim Fit Jeans,Fashion,1,1643.0,1643,CUST-93791,App
UK-2026-104763,2026-06-16,South,Kochi,Dinner Set 24pc,Home & Kitchen,1,2597.0,2597,CUST-71307,Website
UK-2026-100075,2026-01-29,West,Surat,Slim Fit Jeans,Fashion,4,1594.0,6376,CUST-92232,App
UK-2026-103780,2026-05-15,Central,Indore,Formal Shirt,Fashion,1,1145.0,1145,CUST-23071,Marketplace
UK-2026-100042,2026-01-12,South,Kochi,Denim Jacket,Fashion,1,2188.0,2188,CUST-40950,App
UK-2026-101620,2026-03-17,South,Kochi,Silk Saree,Fashion,1,3365.0,3365,CUST-17466,App
UK-2026-100921,2026-02-06,East,Kolkata,Dinner Set 24pc,Home & Kitchen,3,2480.0,7440,CUST-82750,App
UK-2026-101843,2026-03-07,South,Kochi,Mixer Grinder 750W,Home & Kitchen,1,3368.0,3368,CUST-69637,App
UK-2026-103059,2026-04-20,South,Bengaluru,Cricket Bat English Willow,Sports,1,9072.0,9072,CUST-26976,Marketplace
UK-2026-104583,2026-06-22,Central,Bhopal,Cotton Bedsheet Set,Home & Kitchen,1,1441.0,1441,CUST-29591,Website
UK-2026-102907,2026-04-24,North,Delhi,Vitamin C Serum,Beauty,3,691.0,2073,CUST-13015,App
UK-2026-101807,2026-03-01,Central,Nagpur,Wireless Earbuds Pro,Electronics,1,2913.0,2913,CUST-66979,Website
UK-2026-102169,2026-03-20,East,Kolkata,Bluetooth Speaker Mini,Electronics,1,1493.0,1493,CUST-73346,App
UK-2026-103832,2026-05-03,North,Delhi,Ethnic Dupatta,Fashion,1,493.0,493,CUST-53855,Website
UK-2026-101071,2026-02-26,East,Patna,Silk Saree,Fashion,1,3477.0,3477,CUST-87438,Website
UK-2026-101612,2026-03-16,West,Mumbai,Slim Fit Jeans,Fashion,3,1671.0,5013,CUST-43923,Website
UK-2026-103320,2026-05-03,South,Bengaluru,Noise-Cancelling Headphones,Electronics,1,8821.0,8821,CUST-21345,App
UK-2026-101704,2026-03-17,Central,Raipur,Gym Gloves,Sports,1,508.0,508,CUST-28140,App
UK-2026-102216,2026-03-06,West,Ahmedabad,Ultrabook Air 14,Electronics,1,29915.0,29915,CUST-36906,Marketplace
UK-2026-102380,2026-04-28,West,Mumbai,Power Bank 20000mAh,Electronics,1,1768.0,1768,CUST-41099,Marketplace
UK-2026-101805,2026-03-20,North,Delhi,Adjustable Dumbbells 15kg,Sports,1,4900.0,4900,CUST-23677,Website
UK-2026-101456,2026-03-02,South,Hyderabad,Face Wash Combo,Beauty,2,460.0,920,CUST-12389,Website
UK-2026-103616,2026-05-19,West,Mumbai,Foldable Treadmill T2,Sports,2,25319.0,50638,CUST-18423,Marketplace
UK-2026-103073,2026-04-03,South,Kochi,Adjustable Dumbbells 15kg,Sports,1,5090.0,5090,CUST-31549,Website
UK-2026-103000,2026-04-08,West,Ahmedabad,Non-Stick Cookware Set,Home & Kitchen,2,2754.0,5508,CUST-30240,Website
UK-2026-102733,2026-04-19,South,Hyderabad,Cotton Kurta Set,Fashion,1,1301.0,1301,CUST-37216,App
UK-2026-102352,2026-04-25,West,Surat,Wireless Earbuds Pro,Electronics,1,3020.0,3020,CUST-16012,Website
UK-2026-102470,2026-04-25,South,Hyderabad,Dinner Set 24pc,Home & Kitchen,2,2389.0,4778,CUST-57722,Website
UK-2026-101302,2026-02-07,North,Noida,Running Sneakers,Fashion,1,2760.0,2760,CUST-16842,Website
UK-2026-100495,2026-01-02,South,Chennai,Sunscreen SPF50,Beauty,1,568.0,568,CUST-79790,Website
UK-2026-103592,2026-05-08,South,Bengaluru,Power Bank 20000mAh,Electronics,1,1758.0,1758,CUST-25062,Marketplace
UK-2026-104559,2026-06-03,North,Gurugram,Ionic Hair Dryer,Beauty,1,1965.0,1965,CUST-27473,Marketplace
UK-2026-102587,2026-04-17,Central,Raipur,Cotton Kurta Set,Fashion,1,1289.0,1289,CUST-57687,Website
UK-2026-101789,2026-03-19,East,Patna,Cotton Bedsheet Set,Home & Kitchen,1,1422.0,1422,CUST-68908,App
UK-2026-102996,2026-04-07,North,Noida,Dinner Set 24pc,Home & Kitchen,1,2423.0,2423,CUST-88443,Website
UK-2026-101184,2026-02-05,West,Pune,Leather Wallet,Fashion,4,931.0,3724,CUST-28674,Website
UK-2026-103796,2026-05-09,East,Patna,Smart Watch X2,Electronics,1,4351.0,4351,CUST-11910,Marketplace
UK-2026-100786,2026-02-01,East,Guwahati,Ultrabook Air 14,Electronics,2,31000.0,62000,CUST-94744,Website
UK-2026-102655,2026-04-21,Central,Indore,Beard Grooming Kit,Beauty,1,1023.0,1023,CUST-56538,Website
UK-2026-101403,2026-02-15,Central,Indore,Air Fryer 5L,Home & Kitchen,1,5364.0,5364,CUST-98820,App
UK-2026-103446,2026-05-26,North,Chandigarh,Eau de Parfum 100ml,Beauty,1,2042.0,2042,CUST-28944,App
UK-2026-102841,2026-04-04,West,Pune,Beard Grooming Kit,Beauty,2,977.0,1954,CUST-62770,App
UK-2026-104283,2026-06-14,East,Guwahati,Ultrabook Air 14,Electronics,1,28698.0,28698,CUST-22225,Marketplace
UK-2026-103673,2026-05-11,North,Chandigarh,Non-Stick Cookware Set,Home & Kitchen,1,2769.0,2769,CUST-39309,App
UK-2026-100896,2026-02-08,North,Gurugram,Robot Vacuum R7,Home & Kitchen,1,19701.0,19701,CUST-26153,Website
UK-2026-103517,2026-05-04,Central,Indore,Modern Wall Clock,Home & Kitchen,1,769.0,769,CUST-31478,Marketplace
UK-2026-102415,2026-04-22,South,Hyderabad,Power Bank 20000mAh,Electronics,4,1758.0,7032,CUST-44806,Website
UK-2026-103450,2026-05-09,East,Patna,Dinner Set 24pc,Home & Kitchen,1,2589.0,2589,CUST-67892,App
UK-2026-103711,2026-05-19,West,Ahmedabad,43-inch Smart TV,Electronics,2,26674.0,53348,CUST-98949,Marketplace
UK-2026-100831,2026-02-23,West,Surat,Ultrabook Air 14,Electronics,1,30493.0,30493,CUST-33616,Website
UK-2026-100554,2026-01-04,West,Ahmedabad,Power Bank 20000mAh,Electronics,2,1888.0,3776,CUST-66415,App
UK-2026-100147,2026-01-29,West,Ahmedabad,Non-Stick Cookware Set,Home & Kitchen,1,2918.0,2918,CUST-77271,App
UK-2026-100161,2026-01-11,Central,Bhopal,Noise-Cancelling Headphones,Electronics,2,8549.0,17098,CUST-90855,Marketplace
UK-2026-100270,2027-01-26,North,Noida,Power Bank 20000mAh,Electronics,1,1769.0,1769,CUST-86557,Website
UK-2026-101505,2026-03-23,South,Bengaluru,Matte Lipstick Set,Beauty,1,908.0,908,CUST-14556,App
UK-2026-100590,2026-01-24,West,Pune,Cricket Bat English Willow,Sports,2,9271.0,18542,CUST-22147,Website
UK-2026-101707,2026-03-24,South,Chennai,Face Wash Combo,Beauty,1,430.0,430,CUST-85684,Website
UK-2026-101228,2026-02-16,West,Ahmedabad,Sunscreen SPF50,Beauty,2,557.0,1114,CUST-60121,Website
UK-2026-103909,2026-05-20,North,Chandigarh,Wireless Earbuds Pro,Electronics,1,2882.0,2882,CUST-80736,App
UK-2026-102175,2026-03-31,South,Chennai,Wireless Earbuds Pro,Electronics,1,2902.0,2902,CUST-27271,App
UK-2026-102456,2026-04-19,Central,Raipur,Electric Kettle 1.5L,Home & Kitchen,1,1113.0,1113,CUST-17985,Website
UK-2026-101151,2026-02-14,South,Bengaluru,Matte Lipstick Set,Beauty,1,861.0,861,CUST-20532,App
UK-2026-102904,2026-04-23,West,Ahmedabad,Modern Wall Clock,Home & Kitchen,1,825.0,825,CUST-34695,Website
UK-2026-101589,2026-03-18,East,Patna,Ultrabook Air 14,Electronics,2,30963.0,61926,CUST-36119,App
UK-2026-104378,2026-06-16,East,Bhubaneswar,Football Size 5,Sports,3,908.0,2724,CUST-90229,Website
UK-2026-101296,2026-02-11,Central,Bhopal,Wireless Earbuds Pro,Electronics,1,3096.0,3096,CUST-39803,Website
UK-2026-101020,2026-02-06,Central,Bhopal,Electric Kettle 1.5L,Home & Kitchen,2,1151.0,2302,CUST-34752,Website
UK-2026-102694,2026-04-28,North,Gurugram,Smart Watch X2,Electronics,2,4432.0,8864,CUST-34695,App
UK-2026-103025,2026-04-15,South,Chennai,Mirrorless Camera Lite,Electronics,4,27943.0,111772,CUST-36419,Website
UK-2026-104779,2026-06-18,North,Gurugram,Slim Fit Jeans,Fashion,1,1563.0,1563,CUST-79427,App
UK-2026-104813,2026-06-08,South,Kochi,Foldable Treadmill T2,Sports,1,24006.0,24006,CUST-91910,Marketplace
UK-2026-102825,2026-04-08,South,Chennai,Cotton Kurta Set,Fashion,1,1351.0,1351,CUST-19095,App
UK-2026-104672,2026-06-05,North,Delhi,Football Size 5,Sports,2,874.0,1748,CUST-85360,Website
UK-2026-102288,2026-04-10,South,Hyderabad,Vitamin C Serum,Beauty,1,723.0,723,CUST-19828,App
UK-2026-101709,2026-03-11,South,Hyderabad,Vitamin C Serum,Beauty,1,691.0,691,CUST-24703,App
UK-2026-100393,2026-01-26,West,Surat,Noise-Cancelling Headphones,Electronics,1,8735.0,8735,CUST-12186,App
UK-2026-100016,2026-01-19,West,Ahmedabad,Eau de Parfum 100ml,Beauty,2,1957.0,3914,CUST-70612,Marketplace
UK-2026-102059,2026-03-17,West,Pune,Gym Gloves,Sports,1,495.0,495,CUST-83437,App
UK-2026-103467,2026-05-15,Central,Nagpur,Face Wash Combo,Beauty,4,469.0,1876,CUST-84977,Marketplace
UK-2026-104408,2026-06-10,West,Ahmedabad,Mixer Grinder 750W,Home & Kitchen,1,3373.0,3373,CUST-19052,Marketplace
UK-2026-102321,2026-04-25,North,Delhi,Cotton Kurta Set,Fashion,1,1290.0,1290,CUST-51685,Website
UK-2026-102413,2026-04-19,South,Kochi,Wireless Earbuds Pro,Electronics,1,3049.0,3049,CUST-54754,Marketplace
UK-2026-102469,2026-04-02,South,Bengaluru,Bluetooth Speaker Mini,Electronics,3,1540.0,4620,CUST-92020,Marketplace
UK-2026-101247,2026-02-04,South,Bengaluru,Denim Jacket,Fashion,4,2222.0,8888,CUST-30669,App
UK-2026-101744,2026-03-31,East,Kolkata,Bluetooth Speaker Mini,Electronics,2,1467.0,2934,CUST-54874,Website
UK-2026-102148,2026-03-23,North,Gurugram,Formal Shirt,Fashion,1,1066.0,1066,CUST-30188,Marketplace
UK-2026-101758,2026-03-09,East,Kolkata,Air Fryer 5L,Home & Kitchen,1,5721.0,5721,CUST-21442,Website
UK-2026-102134,2026-03-05,South,Bengaluru,Electric Kettle 1.5L,Home & Kitchen,1,1058.0,1058,CUST-10210,App
UK-2026-103802,2026-05-18,West,Mumbai,Formal Shirt,Fashion,1,1143.0,1143,CUST-59636,App
UK-2026-101416,2026-02-03,South,Bengaluru,Silk Saree,Fashion,2,3580.0,7160,CUST-46034,App
UK-2026-100053,2026-01-09,North,Noida,Beard Grooming Kit,Beauty,1,1022.0,1022,CUST-62827,App
UK-2026-103542,2026-05-08,West,Ahmedabad,Eau de Parfum 100ml,Beauty,1,1907.0,1907,CUST-27271,App
UK-2026-103219,2026-05-06,East,Guwahati,Leather Wallet,Fashion,1,864.0,864,CUST-28140,App
UK-2026-101838,2026-03-13,South,Chennai,Formal Shirt,Fashion,1,1070.0,1070,CUST-59424,Marketplace
UK-2026-101233,2026-02-27,North,Chandigarh,Gym Gloves,Sports,1,523.0,523,CUST-15399,Marketplace
UK-2026-100449,2026-01-03,Central,Nagpur,Formal Shirt,Fashion,1,1046.0,1046,CUST-30816,Website
UK-2026-104217,2026-06-27,North,Noida,Mixer Grinder 750W,Home & Kitchen,1,3289.0,3289,CUST-35843,App
UK-2026-100424,2026-01-03,North,Noida,Mixer Grinder 750W,Home & Kitchen,1,3381.0,3381,CUST-34752,App
UK-2026-102894,2026-04-20,West,Ahmedabad,43-inch Smart TV,Electronics,2,27032.0,54064,CUST-96792,Website
UK-2026-100248,2026-01-02,South,Chennai,Non-Stick Cookware Set,Home & Kitchen,1,2916.0,2916,CUST-68331,Website
UK-2026-102206,2026-03-13,West,Mumbai,Power Bank 20000mAh,Electronics,1,1713.0,1713,CUST-64147,Marketplace
UK-2026-104650,2026-06-10,East,Patna,Cricket Bat English Willow,Sports,1,9342.0,9342,CUST-22637,Website
UK-2026-100500,2026-01-01,North,Chandigarh,Mixer Grinder 750W,Home & Kitchen,1,3348.0,3348,CUST-16067,Website
UK-2026-101420,2026-02-05,East,Patna,Cricket Bat English Willow,Sports,2,9360.0,18720,CUST-22320,Website
UK-2026-102077,2026-03-18,South,Kochi,Denim Jacket,Fashion,1,2288.0,2288,CUST-22615,Marketplace
UK-2026-102964,2026-04-03,North,Noida,Mixer Grinder 750W,Home & Kitchen,2,3398.0,6796,CUST-46034,App
UK-2026-104949,2006-06-26,North,Noida,43-inch Smart TV,Electronics,2,24817.0,49634,CUST-75932,App
UK-2026-103487,2026-05-25,West,Ahmedabad,Running Sneakers,Fashion,1,2825.0,2825,CUST-90373,Website
UK-2026-103907,2026-05-21,West,Surat,Cotton Kurta Set,Fashion,1,1235.0,1235,CUST-25737,Marketplace
UK-2026-103451,2026-05-20,East,Patna,Leather Wallet,Fashion,1,909.0,909,CUST-56338,Website
UK-2026-104213,2026-06-02,South,Bengaluru,Smart Watch X2,Electronics,2,4634.0,9268,CUST-16012,Website
UK-2026-104413,2026-06-25,South,Hyderabad,Noise-Cancelling Headphones,Electronics,1,8593.0,8593,CUST-69256,Marketplace
UK-2026-104144,2026-06-13,North,Gurugram,Dinner Set 24pc,Home & Kitchen,2,2571.0,5142,CUST-41588,Marketplace
UK-2026-103376,2026-05-10,South,Bengaluru,Robot Vacuum R7,Home & Kitchen,1,19851.0,19851,CUST-27226,Website
UK-2026-103369,2026-05-03,North,Chandigarh,Mirrorless Camera Lite,Electronics,1,29110.0,29110,CUST-80580,Website
UK-2026-100593,2026-01-07,South,Hyderabad,Noise-Cancelling Headphones,Electronics,1,9237.0,9237,CUST-59543,App
UK-2026-102438,2026-04-01,North,Noida,Leather Wallet,Fashion,4,869.0,3476,CUST-30805,App
UK-2026-100690,2026-01-11,Central,Indore,Smart Watch X2,Electronics,3,4405.0,13215,CUST-76712,App
UK-2026-100788,2026-02-01,North,Delhi,Silk Saree,Fashion,1,3373.0,3373,CUST-93364,Marketplace
UK-2026-101285,2026-02-06,North,Chandigarh,Silk Saree,Fashion,2,3357.0,6714,CUST-44788,App
UK-2026-104411,2026-06-22,South,Chennai,Slim Fit Jeans,Fashion,2,1579.0,3158,CUST-15733,App
UK-2026-103860,2026-05-17,Central,Bhopal,Dinner Set 24pc,Home & Kitchen,1,2526.0,2526,CUST-76336,Website
UK-2026-103892,2026-05-22,East,Bhubaneswar,Cotton Kurta Set,Fashion,1,1306.0,1306,CUST-71092,App
UK-2026-102903,2026-04-17,North,Delhi,Power Bank 20000mAh,Electronics,1,1813.0,1813,CUST-65167,Website
UK-2026-102648,2026-04-13,South,Hyderabad,Cycling Helmet,Sports,1,1637.0,1637,CUST-96448,App
UK-2026-103771,2026-05-13,West,Surat,Face Wash Combo,Beauty,1,452.0,452,CUST-12973,Marketplace
UK-2026-100687,2026-01-03,North,Chandigarh,Electric Kettle 1.5L,Home & Kitchen,2,1099.0,2198,CUST-89914,App
UK-2026-101923,2026-03-08,South,Kochi,Non-Stick Cookware Set,Home & Kitchen,1,2900.0,2900,CUST-61826,App
UK-2026-104070,2026-06-04,West,Ahmedabad,Denim Jacket,Fashion,1,2117.0,2117,CUST-82749,Marketplace
UK-2026-103243,2026-05-29,North,Gurugram,Wireless Earbuds Pro,Electronics,1,3069.0,3069,CUST-88095,Marketplace
UK-2026-102491,2026-04-26,South,Bengaluru,Wireless Earbuds Pro,Electronics,1,2974.0,2974,CUST-90831,Marketplace
UK-2026-100464,2026-01-20,Central,Indore,Bluetooth Speaker Mini,Electronics,1,1528.0,1528,CUST-85181,Website
UK-2026-100876,2026-02-05,North,Noida,Eau de Parfum 100ml,Beauty,1,1947.0,1947,CUST-72534,Website
UK-2026-101235,2026-02-11,North,Chandigarh,Modern Wall Clock,Home & Kitchen,2,770.0,1540,CUST-19095,Marketplace
UK-2026-102502,2026-04-21,South,Hyderabad,Ultrabook Air 14,Electronics,2,30017.0,60034,CUST-66412,Website
UK-2026-104353,2026-06-30,South,Chennai,Air Fryer 5L,Home & Kitchen,1,5268.0,5268,CUST-74063,Website
UK-2026-100164,2026-01-26,Central,Bhopal,Ultrabook Air 14,Electronics,1,28933.0,28933,CUST-52809,App
UK-2026-100371,2026-01-08,East,Kolkata,Mixer Grinder 750W,Home & Kitchen,1,3357.0,3357,CUST-35325,Marketplace
UK-2026-100181,2026-01-28,North,Gurugram,Power Bank 20000mAh,Electronics,4,1884.0,7536,CUST-52607,Website
UK-2026-102984,2026-04-24,East,Kolkata,Robot Vacuum R7,Home & Kitchen,1,18410.0,18410,CUST-77753,Website
UK-2026-104219,2026-06-06,North,Noida,Bluetooth Speaker Mini,Electronics,1,1534.0,1534,CUST-24112,App
UK-2026-101624,2026-03-16,West,Surat,Slim Fit Jeans,Fashion,1,1661.0,1661,CUST-42988,Website
UK-2026-103530,2026-05-16,East,Kolkata,Football Size 5,Sports,1,868.0,868,CUST-20916,App
UK-2026-102140,2026-03-02,North,Gurugram,Wireless Earbuds Pro,Electronics,1,2984.0,2984,CUST-83289,App
UK-2026-103207,2026-05-08,West,Pune,Modern Wall Clock,Home & Kitchen,1,791.0,791,CUST-11910,App
UK-2026-100038,2026-01-17,East,Bhubaneswar,Power Bank 20000mAh,Electronics,2,1863.0,3726,CUST-41081,Website
UK-2026-104202,2026-06-02,West,Mumbai,Robot Vacuum R7,Home & Kitchen,1,19275.0,19275,CUST-43432,App
UK-2026-103301,2026-05-31,North,Noida,Beard Grooming Kit,Beauty,1,1014.0,1014,CUST-80558,Website
UK-2026-101203,2026-02-09,West,Ahmedabad,Bluetooth Speaker Mini,Electronics,1,1520.0,1520,CUST-67637,Website
UK-2026-100116,2026-01-29,North,Noida,Foldable Treadmill T2,Sports,1,23983.0,23983,CUST-41782,App
UK-2026-104810,2026-06-04,South,Chennai,Sunscreen SPF50,Beauty,1,535.0,535,CUST-62679,Website
UK-2026-102878,2026-04-10,South,Bengaluru,Cycling Helmet,Sports,3,1616.0,4848,CUST-86768,Marketplace
UK-2026-104619,2026-06-03,North,Noida,Slim Fit Jeans,Fashion,1,1659.0,1659,CUST-87348,Website
UK-2026-103233,2026-05-17,East,Kolkata,Noise-Cancelling Headphones,Electronics,3,8874.0,26622,CUST-43130,App
UK-2026-101770,2026-03-28,North,Gurugram,Vitamin C Serum,Beauty,1,721.0,721,CUST-54657,App
UK-2026-103930,2026-05-19,North,Gurugram,Modern Wall Clock,Home & Kitchen,1,799.0,799,CUST-23115,Marketplace
UK-2026-101174,2026-02-23,South,Chennai,43-inch Smart TV,Electronics,2,27149.0,54298,CUST-64119,App
UK-2026-102840,2026-04-16,West,Surat,Foldable Treadmill T2,Sports,1,24436.0,24436,CUST-59850,App
UK-2026-104129,2026-06-01,North,Noida,Eau de Parfum 100ml,Beauty,2,1920.0,3840,CUST-49823,Website
UK-2026-103063,2009-04-26,South,Kochi,Ultrabook Air 14,Electronics,1,29893.0,29893,CUST-98541,App
UK-2026-101492,2026-03-17,East,Patna,Matte Lipstick Set,Beauty,2,880.0,1760,CUST-12048,Marketplace
UK-2026-104052,2026-06-29,West,Ahmedabad,Wireless Earbuds Pro,Electronics,1,3141.0,3141,CUST-14900,App
UK-2026-100006,2026-01-26,West,Mumbai,Robot Vacuum R7,Home & Kitchen,1,19839.0,19839,CUST-57687,App
UK-2026-104445,2026-06-28,North,Chandigarh,Ultrabook Air 14,Electronics,4,30673.0,122692,CUST-64615,App
UK-2026-102205,2026-03-13,West,Pune,Running Sneakers,Fashion,1,2665.0,2665,CUST-21971,Website
UK-2026-101469,2026-03-02,South,Bengaluru,Gym Gloves,Sports,1,502.0,502,CUST-71262,Website
UK-2026-101368,2026-02-12,South,Hyderabad,43-inch Smart TV,Electronics,1,26882.0,26882,CUST-18777,App
UK-2026-100642,2026-01-08,Central,Raipur,Leather Wallet,Fashion,1,873.0,873,CUST-44504,App
UK-2026-102082,2026-03-01,South,Kochi,Football Size 5,Sports,4,875.0,3500,CUST-49013,Website
UK-2026-103858,2026-05-19,South,Chennai,Power Bank 20000mAh,Electronics,1,1829.0,1829,CUST-29936,App
UK-2026-101761,2026-03-08,East,Guwahati,Vitamin C Serum,Beauty,2,720.0,1440,CUST-60159,Marketplace
UK-2026-101149,2026-02-21,South,Kochi,Badminton Racket Set,Sports,2,2524.0,5048,CUST-77924,App
UK-2026-104886,2026-06-20,West,Mumbai,Yoga Mat Pro,Sports,1,1233.0,1233,CUST-61410,App
UK-2026-102852,2026-04-21,Central,Bhopal,Wireless Earbuds Pro,Electronics,2,2997.0,5994,CUST-59841,App
UK-2026-102171,2026-03-07,West,Ahmedabad,Smart Watch X2,Electronics,1,4391.0,4391,CUST-25082,App
UK-2026-104483,2026-06-12,South,Chennai,Running Sneakers,Fashion,1,2927.0,2927,CUST-74138,Website
UK-2026-104592,2026-06-02,West,Surat,Ethnic Dupatta,Fashion,1,483.0,483,CUST-18787,Website
UK-2026-102950,2026-04-29,North,Delhi,Silk Saree,Fashion,1,3383.0,3383,CUST-25843,App
UK-2026-102697,2026-04-18,North,Chandigarh,Modern Wall Clock,Home & Kitchen,1,810.0,810,CUST-44868,Website
UK-2026-103012,2026-04-25,South,Hyderabad,Cricket Bat English Willow,Sports,1,9269.0,9269,CUST-87425,Marketplace
UK-2026-103719,2026-05-22,South,Hyderabad,Cotton Bedsheet Set,Home & Kitchen,2,1351.0,2702,CUST-54939,Website
UK-2026-104402,2026-06-26,Central,Bhopal,Cricket Bat English Willow,Sports,1,9415.0,9415,CUST-65801,Website
UK-2026-104091,2026-06-16,North,Delhi,Electric Kettle 1.5L,Home & Kitchen,1,1105.0,1105,CUST-29806,Marketplace
UK-2026-103935,2026-05-22,West,Mumbai,Badminton Racket Set,Sports,2,2383.0,4766,CUST-92680,App
UK-2026-100395,2026-01-13,North,Chandigarh,Ultrabook Air 14,Electronics,1,30461.0,30461,CUST-83906,Website
UK-2026-102500,2026-04-09,West,Ahmedabad,Robot Vacuum R7,Home & Kitchen,1,19195.0,19195,CUST-94216,Marketplace
UK-2026-100866,2026-02-16,East,Guwahati,Non-Stick Cookware Set,Home & Kitchen,1,2988.0,2988,CUST-86202,Website
UK-2026-104748,2026-06-22,South,Kochi,Smart Watch X2,Electronics,1,4636.0,4636,CUST-90741,Website
UK-2026-102016,2026-03-30,West,Surat,Face Wash Combo,Beauty,1,433.0,433,CUST-35892,Website
UK-2026-101158,2026-02-27,South,Kochi,Leather Wallet,Fashion,1,902.0,902,CUST-34992,App
UK-2026-100369,2026-01-22,West,Mumbai,Wireless Earbuds Pro,Electronics,1,3074.0,3074,CUST-95156,Marketplace
UK-2026-100319,2026-01-17,East,Bhubaneswar,Mirrorless Camera Lite,Electronics,1,29110.0,29110,CUST-79027,App
UK-2026-103011,2026-04-15,North,Delhi,Modern Wall Clock,Home & Kitchen,2,822.0,1644,CUST-52514,Website
UK-2026-100448,2026-01-25,Central,Bhopal,Eau de Parfum 100ml,Beauty,1,1917.0,1917,CUST-48031,Website
UK-2026-100251,2026-01-01,North,Noida,Leather Wallet,Fashion,1,889.0,889,CUST-35161,Website
UK-2026-104344,2026-06-03,South,Hyderabad,Mixer Grinder 750W,Home & Kitchen,1,3213.0,3213,CUST-21442,App
UK-2026-102703,2026-04-04,East,Guwahati,Power Bank 20000mAh,Electronics,1,1781.0,1781,CUST-26816,Marketplace
UK-2026-101900,2026-03-18,South,Kochi,Leather Wallet,Fashion,1,869.0,869,CUST-38181,Marketplace
UK-2026-104028,2026-06-07,North,Chandigarh,Cycling Helmet,Sports,4,1553.0,6212,CUST-29396,App
UK-2026-103442,2026-05-25,Central,Indore,43-inch Smart TV,Electronics,1,26969.0,26969,CUST-52447,Website
UK-2026-103315,2026-05-19,East,Bhubaneswar,Leather Wallet,Fashion,1,876.0,876,CUST-71622,Website
UK-2026-104024,2026-06-30,South,Kochi,Dinner Set 24pc,Home & Kitchen,1,2586.0,2586,CUST-51514,Marketplace
UK-2026-103251,2026-05-27,Central,Raipur,Mixer Grinder 750W,Home & Kitchen,1,3278.0,3278,CUST-68566,App
UK-2026-103732,2026-05-23,North,Gurugram,Dinner Set 24pc,Home & Kitchen,2,2410.0,4820,CUST-28377,App
UK-2026-102564,2026-04-01,West,Ahmedabad,Vitamin C Serum,Beauty,1,675.0,675,CUST-10339,Website
UK-2026-102390,2026-04-27,North,Delhi,Non-Stick Cookware Set,Home & Kitchen,4,2899.0,11596,CUST-85517,App
UK-2026-100858,2026-02-10,North,Delhi,Smart Watch X2,Electronics,1,4580.0,4580,CUST-84774,Marketplace
UK-2026-103387,2026-05-01,North,Noida,Leather Wallet,Fashion,1,907.0,907,CUST-75469,Marketplace
UK-2026-104431,2026-06-30,South,Bengaluru,Slim Fit Jeans,Fashion,1,1576.0,1576,CUST-12389,Website
UK-2026-104306,2026-06-18,West,Surat,Badminton Racket Set,Sports,1,2545.0,2545,CUST-80001,App
UK-2026-102226,2026-03-25,Central,Raipur,Noise-Cancelling Headphones,Electronics,1,9147.0,9147,CUST-19920,App
UK-2026-104882,2026-06-22,East,Bhubaneswar,Beard Grooming Kit,Beauty,1,995.0,995,CUST-83726,App
UK-2026-104514,2026-06-21,Central,Raipur,Ultrabook Air 14,Electronics,3,30140.0,90420,CUST-15796,Marketplace
UK-2026-104352,2026-06-09,East,Patna,43-inch Smart TV,Electronics,3,25707.0,77121,CUST-99561,Marketplace
UK-2026-103457,2026-05-06,West,Pune,Bluetooth Speaker Mini,Electronics,1,1467.0,1467,CUST-60673,Marketplace
UK-2026-102313,2026-04-10,West,Surat,Wireless Earbuds Pro,Electronics,1,3090.0,3090,CUST-63024,Marketplace
UK-2026-103931,2026-05-18,Central,Bhopal,Vitamin C Serum,Beauty,1,704.0,704,CUST-68354,App
UK-2026-101634,2026-03-05,West,Ahmedabad,Slim Fit Jeans,Fashion,2,1657.0,3314,CUST-85084,App
UK-2026-104244,2026-06-10,East,Kolkata,Ultrabook Air 14,Electronics,1,30394.0,30394,CUST-41081,Marketplace
UK-2026-103734,2026-05-06,South,Chennai,Running Sneakers,Fashion,2,2706.0,5412,CUST-24346,Marketplace
UK-2026-100003,2026-01-03,South,Chennai,Bluetooth Speaker Mini,Electronics,1,1470.0,1470,CUST-52918,App
UK-2026-103452,2026-05-09,West,Mumbai,Bluetooth Speaker Mini,Electronics,1,1545.0,1545,CUST-22228,Website
UK-2026-102291,2026-04-29,West,Pune,Power Bank 20000mAh,Electronics,3,1731.0,5193,CUST-85712,Website
UK-2026-100189,2026-01-05,East,Guwahati,Silk Saree,Fashion,2,3670.0,7340,CUST-36239,App
UK-2026-100650,2026-01-26,West,Pune,Electric Kettle 1.5L,Home & Kitchen,3,1067.0,3201,CUST-59989,App
UK-2026-103776,2026-05-31,North,Gurugram,Silk Saree,Fashion,3,3546.0,10638,CUST-52670,App
UK-2026-100096,2026-01-04,Central,Nagpur,Adjustable Dumbbells 15kg,Sports,1,4825.0,4825,CUST-63302,App
UK-2026-104539,2026-06-06,North,Chandigarh,Smart Watch X2,Electronics,1,4360.0,4360,CUST-32198,App
UK-2026-101369,2026-02-01,East,Kolkata,Cotton Bedsheet Set,Home & Kitchen,1,1379.0,1379,CUST-47644,App
UK-2026-103117,2026-05-09,South,Hyderabad,Silk Saree,Fashion,4,3570.0,14280,CUST-22464,App
UK-2026-103270,2026-05-24,North,Noida,Ionic Hair Dryer,Beauty,1,1896.0,1896,CUST-64091,Marketplace
UK-2026-103227,2026-05-22,North,Delhi,Sunscreen SPF50,Beauty,4,535.0,2140,CUST-97892,App
UK-2026-100293,2026-01-12,West,Pune,43-inch Smart TV,Electronics,1,25970.0,25970,CUST-52514,Marketplace
UK-2026-100280,2026-01-01,West,Ahmedabad,Mixer Grinder 750W,Home & Kitchen,2,3334.0,6668,CUST-27144,Website
UK-2026-102486,2026-04-28,South,Kochi,Beard Grooming Kit,Beauty,1,1018.0,1018,CUST-77024,Website
UK-2026-100043,2026-01-10,East,Guwahati,Running Sneakers,Fashion,3,2778.0,8334,CUST-74486,Marketplace
UK-2026-104721,2026-06-13,West,Mumbai,Yoga Mat Pro,Sports,1,1197.0,1197,CUST-65900,Marketplace
UK-2026-103406,2026-05-15,South,Bengaluru,Formal Shirt,Fashion,1,1127.0,1127,CUST-76394,Website
UK-2026-104287,2026-06-12,West,Mumbai,Cotton Kurta Set,Fashion,1,1315.0,1315,CUST-78153,Marketplace
UK-2026-101434,2026-02-06,North,Delhi,Noise-Cancelling Headphones,Electronics,1,8566.0,8566,CUST-96118,Marketplace
UK-2026-102782,2026-04-20,North,Chandigarh,Modern Wall Clock,Home & Kitchen,3,812.0,2436,CUST-15131,App
UK-2026-100246,2026-01-11,North,Delhi,Modern Wall Clock,Home & Kitchen,1,829.0,829,CUST-63024,Website
UK-2026-101293,2026-02-15,Central,Raipur,Ultrabook Air 14,Electronics,1,28881.0,28881,CUST-18703,App
UK-2026-100847,2026-02-25,South,Chennai,Bluetooth Speaker Mini,Electronics,1,1513.0,1513,CUST-80136,Marketplace
UK-2026-102208,2026-03-25,South,Chennai,Silk Saree,Fashion,2,3616.0,7232,CUST-93950,App
UK-2026-104157,2026-06-22,West,Ahmedabad,Dinner Set 24pc,Home & Kitchen,1,2440.0,2440,CUST-41101,Marketplace
UK-2026-101457,2026-03-30,South,Kochi,Noise-Cancelling Headphones,Electronics,1,9167.0,9167,CUST-96873,App
UK-2026-101301,2026-02-25,North,Gurugram,Power Bank 20000mAh,Electronics,1,1751.0,1751,CUST-12493,Marketplace
UK-2026-103953,2026-05-14,West,Ahmedabad,Cycling Helmet,Sports,1,1618.0,1618,CUST-92150,Marketplace
UK-2026-101002,2026-02-08,West,Ahmedabad,Cotton Kurta Set,Fashion,1,1324.0,1324,CUST-63788,Website
UK-2026-104019,2026-05-03,Central,Nagpur,Badminton Racket Set,Sports,1,2446.0,2446,CUST-91650,Website
UK-2026-101830,2026-03-17,East,Patna,Makeup Brush Set,Beauty,1,1350.0,1350,CUST-31005,App
UK-2026-104512,2026-06-30,West,Mumbai,Cotton Bedsheet Set,Home & Kitchen,1,1446.0,1446,CUST-38558,Marketplace
UK-2026-103949,2026-05-04,North,Noida,Formal Shirt,Fashion,1,1138.0,1138,CUST-52607,Marketplace
UK-2026-104546,2026-06-21,South,Hyderabad,Football Size 5,Sports,1,881.0,881,CUST-50243,App
UK-2026-100940,2026-02-13,West,Surat,Ethnic Dupatta,Fashion,1,486.0,486,CUST-47205,App
UK-2026-101875,2026-03-12,North,Delhi,Power Bank 20000mAh,Electronics,1,1833.0,1833,CUST-81489,App
UK-2026-102371,2026-04-06,East,Patna,Air Fryer 5L,Home & Kitchen,2,5660.0,11320,CUST-28752,Marketplace
UK-2026-101298,2026-02-16,South,Bengaluru,Running Sneakers,Fashion,1,2708.0,2708,CUST-33573,App
UK-2026-104740,2026-06-09,West,Ahmedabad,Silk Saree,Fashion,1,3627.0,3627,CUST-63624,Marketplace
UK-2026-102372,2026-04-13,North,Noida,Robot Vacuum R7,Home & Kitchen,1,18465.0,18465,CUST-94646,App
UK-2026-103326,2026-05-04,West,Ahmedabad,Wireless Earbuds Pro,Electronics,1,2947.0,2947,CUST-99550,Website
UK-2026-104694,2026-06-30,East,Guwahati,Formal Shirt,Fashion,1,1132.0,1132,CUST-36692,Website
UK-2026-100281,2026-01-12,North,Gurugram,Formal Shirt,Fashion,1,1056.0,1056,CUST-46897,App
UK-2026-102596,2026-04-08,West,Surat,Modern Wall Clock,Home & Kitchen,1,825.0,825,CUST-29806,App
UK-2026-101557,2026-03-23,East,Kolkata,Power Bank 20000mAh,Electronics,1,1883.0,1883,CUST-24407,Website
UK-2026-101996,2026-03-21,West,Mumbai,Cycling Helmet,Sports,3,1609.0,4827,CUST-25082,App
UK-2026-102378,2026-04-20,North,Chandigarh,Formal Shirt,Fashion,1,1066.0,1066,CUST-52263,App
UK-2026-103805,2026-05-11,South,Kochi,Football Size 5,Sports,2,894.0,1788,CUST-41028,Website
UK-2026-102466,2026-04-26,South,Bengaluru,Power Bank 20000mAh,Electronics,1,1849.0,1849,CUST-85712,App
UK-2026-104018,2026-05-08,East,Bhubaneswar,Electric Kettle 1.5L,Home & Kitchen,1,1059.0,1059,CUST-67995,Website
UK-2026-103808,2026-05-20,North,Noida,Cotton Kurta Set,Fashion,1,1331.0,1331,CUST-30899,Marketplace
UK-2026-100107,2025-01-26,South,Kochi,Mixer Grinder 750W,Home & Kitchen,1,3445.0,3445,CUST-71092,App
UK-2026-102252,2026-04-21,Central,Bhopal,Smart Watch X2,Electronics,2,4621.0,9242,CUST-36401,Website
UK-2026-104646,2026-06-27,South,Hyderabad,Slim Fit Jeans,Fashion,1,1569.0,1569,CUST-21688,App
UK-2026-104550,2026-06-28,South,Hyderabad,Cycling Helmet,Sports,1,1528.0,1528,CUST-50927,Marketplace
UK-2026-100443,2026-01-13,West,Mumbai,Power Bank 20000mAh,Electronics,2,1820.0,3640,CUST-24214,Marketplace
UK-2026-102745,2026-04-24,West,Ahmedabad,Electric Kettle 1.5L,Home & Kitchen,1,1146.0,1146,CUST-54939,App
UK-2026-104477,2026-06-23,West,Pune,Electric Kettle 1.5L,Home & Kitchen,1,1084.0,1084,CUST-20307,App
UK-2026-102591,2026-04-06,South,Kochi,Makeup Brush Set,Beauty,1,1342.0,1342,CUST-20897,App
UK-2026-104410,2021-06-26,East,Kolkata,Slim Fit Jeans,Fashion,1,1532.0,1532,CUST-65415,App
UK-2026-101283,2026-02-11,Central,Indore,Silk Saree,Fashion,2,3333.0,6666,CUST-60569,Website
UK-2026-102641,2026-04-15,South,Chennai,Bluetooth Speaker Mini,Electronics,3,1508.0,4524,CUST-23291,Marketplace
UK-2026-102541,2026-04-16,North,Noida,Air Fryer 5L,Home & Kitchen,1,5362.0,5362,CUST-60360,Website
UK-2026-101094,2026-02-14,West,Ahmedabad,43-inch Smart TV,Electronics,2,26612.0,53224,CUST-68908,Website
UK-2026-104021,2026-06-10,North,Noida,Foldable Treadmill T2,Sports,4,26190.0,104760,CUST-64135,App
UK-2026-100507,2026-01-27,South,Hyderabad,Leather Wallet,Fashion,3,911.0,2733,CUST-20916,App
UK-2026-104772,2026-06-13,North,Gurugram,Non-Stick Cookware Set,Home & Kitchen,1,2979.0,2979,CUST-48791,App
UK-2026-103323,2026-05-28,South,Hyderabad,Face Wash Combo,Beauty,1,459.0,459,CUST-59269,App
UK-2026-101381,2026-02-13,Central,Bhopal,Cotton Bedsheet Set,Home & Kitchen,2,1460.0,2920,CUST-75469,Website
UK-2026-103821,2026-05-01,East,Guwahati,Non-Stick Cookware Set,Home & Kitchen,2,2816.0,5632,CUST-66718,Website
UK-2026-104827,2026-06-15,East,Kolkata,Ethnic Dupatta,Fashion,2,523.0,1046,CUST-49680,App
UK-2026-103602,2026-05-18,South,Chennai,Badminton Racket Set,Sports,1,2552.0,2552,CUST-25463,Marketplace
UK-2026-100295,2026-01-30,East,Patna,Cricket Bat English Willow,Sports,1,8692.0,8692,CUST-60647,App
UK-2026-104969,2026-06-22,Central,Nagpur,Denim Jacket,Fashion,3,2107.0,6321,CUST-35084,Website
UK-2026-100684,2026-01-07,South,Chennai,Badminton Racket Set,Sports,3,2401.0,7203,CUST-75923,App
UK-2026-104204,2026-06-21,Central,Indore,Foldable Treadmill T2,Sports,1,24434.0,24434,CUST-61191,Marketplace
UK-2026-100936,2026-02-12,Central,Nagpur,Denim Jacket,Fashion,1,2275.0,2275,CUST-85269,App
UK-2026-101472,2026-03-13,West,Ahmedabad,Air Fryer 5L,Home & Kitchen,1,5534.0,5534,CUST-45078,Website
UK-2026-101120,2026-02-09,West,Pune,Badminton Racket Set,Sports,1,2436.0,2436,CUST-67837,App
UK-2026-102080,2026-03-04,South,Bengaluru,Vitamin C Serum,Beauty,2,700.0,1400,CUST-29204,App
UK-2026-100634,2026-01-15,East,Patna,Leather Wallet,Fashion,1,897.0,897,CUST-81974,Marketplace
UK-2026-100587,2026-01-10,East,Bhubaneswar,Leather Wallet,Fashion,4,938.0,3752,CUST-13116,App
UK-2026-102209,2026-03-28,South,Chennai,Silk Saree,Fashion,1,3350.0,3350,CUST-66618,Website
UK-2026-102120,2026-03-15,South,Bengaluru,Cotton Kurta Set,Fashion,4,1347.0,5388,CUST-71918,App
UK-2026-102862,2026-04-11,South,Chennai,Wireless Earbuds Pro,Electronics,1,2928.0,2928,CUST-31509,App
UK-2026-103419,2026-05-20,South,Hyderabad,Makeup Brush Set,Beauty,1,1237.0,1237,CUST-55652,Website
UK-2026-102929,2026-04-24,South,Bengaluru,Silk Saree,Fashion,1,3599.0,3599,CUST-19186,App
UK-2026-103810,2026-05-03,South,Hyderabad,Bluetooth Speaker Mini,Electronics,1,1461.0,1461,CUST-74486,App
UK-2026-104702,2026-06-02,North,Gurugram,Wireless Earbuds Pro,Electronics,4,3120.0,12480,CUST-40718,Website
UK-2026-104258,2026-06-23,North,Chandigarh,Ethnic Dupatta,Fashion,3,476.0,1428,CUST-24214,App
UK-2026-104400,2026-06-19,South,Bengaluru,Matte Lipstick Set,Beauty,2,923.0,1846,CUST-75944,Marketplace
UK-2026-102829,2026-04-21,South,Kochi,Non-Stick Cookware Set,Home & Kitchen,1,2822.0,2822,CUST-73384,Website
UK-2026-103806,2026-05-29,East,Kolkata,Electric Kettle 1.5L,Home & Kitchen,1,1151.0,1151,CUST-70612,Marketplace
UK-2026-103461,2026-05-26,West,Pune,Matte Lipstick Set,Beauty,1,856.0,856,CUST-25516,App
UK-2026-102104,2012-03-26,North,Chandigarh,Smart Watch X2,Electronics,2,4439.0,8878,CUST-92714,Website
UK-2026-100794,2026-02-15,West,Ahmedabad,Noise-Cancelling Headphones,Electronics,2,8833.0,17666,CUST-42971,Website
UK-2026-103559,2026-05-30,West,Pune,Ethnic Dupatta,Fashion,1,509.0,509,CUST-43893,Marketplace
UK-2026-104016,2026-05-07,South,Kochi,Eau de Parfum 100ml,Beauty,4,2077.0,8308,CUST-28903,Website
UK-2026-102819,2026-04-21,South,Kochi,Cotton Kurta Set,Fashion,1,1310.0,1310,CUST-33838,Marketplace
UK-2026-102103,2026-03-02,South,Kochi,Cotton Bedsheet Set,Home & Kitchen,3,1431.0,4293,CUST-73739,Website
UK-2026-101280,2026-02-23,West,Pune,Mirrorless Camera Lite,Electronics,1,29689.0,29689,CUST-31509,App
UK-2026-101868,2026-03-17,East,Guwahati,43-inch Smart TV,Electronics,3,26550.0,79650,CUST-59749,App
UK-2026-103392,2026-05-11,East,Guwahati,Foldable Treadmill T2,Sports,1,23975.0,23975,CUST-19829,Marketplace
UK-2026-101222,2026-02-11,West,Ahmedabad,Football Size 5,Sports,1,929.0,929,CUST-70834,App
UK-2026-102017,2026-03-20,Central,Nagpur,Air Fryer 5L,Home & Kitchen,1,5377.0,5377,CUST-98961,Website
UK-2026-103319,2026-05-29,West,Ahmedabad,Cotton Kurta Set,Fashion,1,1325.0,1325,CUST-49181,App
UK-2026-104558,2026-06-13,West,Pune,Slim Fit Jeans,Fashion,2,1621.0,3242,CUST-40125,Website
UK-2026-104973,2026-06-05,Central,Raipur,Football Size 5,Sports,1,943.0,943,CUST-79328,App
UK-2026-102551,2026-04-24,North,Noida,Makeup Brush Set,Beauty,1,1294.0,1294,CUST-76788,App
UK-2026-104272,2026-06-18,South,Hyderabad,Ethnic Dupatta,Fashion,1,482.0,482,CUST-41038,App
UK-2026-100088,2026-01-20,South,Kochi,Face Wash Combo,Beauty,2,441.0,882,CUST-51824,Website
UK-2026-101418,2026-02-13,South,Hyderabad,Adjustable Dumbbells 15kg,Sports,1,5233.0,5233,CUST-20879,Marketplace
UK-2026-104276,2026-06-12,North,Delhi,Power Bank 20000mAh,Electronics,1,1776.0,1776,CUST-32332,Marketplace
UK-2026-103202,2026-05-17,Central,Indore,Electric Kettle 1.5L,Home & Kitchen,1,1065.0,1065,CUST-56541,App
UK-2026-104551,2026-06-02,South,Chennai,Robot Vacuum R7,Home & Kitchen,2,18986.0,37972,CUST-94772,Website
UK-2026-102774,2026-04-13,East,Bhubaneswar,Smart Watch X2,Electronics,1,4525.0,4525,CUST-31342,Marketplace
UK-2026-102058,2026-03-21,North,Delhi,Slim Fit Jeans,Fashion,1,1565.0,1565,CUST-51730,Website
UK-2026-104264,2026-06-16,North,Chandigarh,Makeup Brush Set,Beauty,1,1336.0,1336,CUST-92899,App
UK-2026-101269,2026-02-13,Central,Bhopal,Ethnic Dupatta,Fashion,1,514.0,514,CUST-70834,Website
UK-2026-104685,2026-06-05,North,Delhi,43-inch Smart TV,Electronics,1,25787.0,25787,CUST-11044,App
UK-2026-101464,2026-03-11,West,Mumbai,Cycling Helmet,Sports,1,1521.0,1521,CUST-68354,Website
UK-2026-101192,2026-02-08,West,Pune,43-inch Smart TV,Electronics,2,26475.0,52950,CUST-71555,Marketplace
UK-2026-101410,2026-02-12,South,Bengaluru,Power Bank 20000mAh,Electronics,1,1715.0,1715,CUST-81974,Marketplace
UK-2026-103394,2026-05-09,Central,Indore,Beard Grooming Kit,Beauty,1,1004.0,1004,CUST-80512,Marketplace
UK-2026-104430,2026-06-10,North,Chandigarh,43-inch Smart TV,Electronics,1,25704.0,25704,CUST-60134,Website
UK-2026-101569,2026-03-14,West,Mumbai,Makeup Brush Set,Beauty,2,1353.0,2706,CUST-65781,Website
UK-2026-104286,2026-06-19,North,Delhi,Slim Fit Jeans,Fashion,2,1617.0,3234,CUST-72079,Marketplace
UK-2026-102879,2026-04-20,West,Mumbai,Football Size 5,Sports,1,900.0,900,CUST-62619,Website
UK-2026-104756,2026-06-28,West,Ahmedabad,Adjustable Dumbbells 15kg,Sports,1,5079.0,5079,CUST-71304,Website
UK-2026-101407,2026-02-12,Central,Raipur,Air Fryer 5L,Home & Kitchen,1,5540.0,5540,CUST-51118,Marketplace
UK-2026-103643,2026-05-18,East,Patna,Foldable Treadmill T2,Sports,1,23991.0,23991,CUST-86896,Marketplace
UK-2026-104336,2026-06-24,West,Mumbai,Football Size 5,Sports,1,891.0,891,CUST-43985,Marketplace
UK-2026-100933,2026-02-27,South,Kochi,Air Fryer 5L,Home & Kitchen,1,5549.0,5549,CUST-49894,Website
UK-2026-101144,2026-02-14,Central,Nagpur,Robot Vacuum R7,Home & Kitchen,2,18108.0,36216,CUST-80831,Marketplace
UK-2026-102985,2026-04-04,East,Bhubaneswar,Cricket Bat English Willow,Sports,1,9391.0,9391,CUST-56121,App
UK-2026-104067,2026-06-04,Central,Indore,Robot Vacuum R7,Home & Kitchen,1,19046.0,19046,CUST-86012,App
UK-2026-101810,2026-03-08,North,Delhi,Running Sneakers,Fashion,3,2792.0,8376,CUST-13632,App
UK-2026-101850,2026-03-03,South,Hyderabad,Electric Kettle 1.5L,Home & Kitchen,2,1069.0,2138,CUST-62070,App
UK-2026-102997,2026-04-04,South,Bengaluru,Eau de Parfum 100ml,Beauty,2,1928.0,3856,CUST-42056,Website
UK-2026-101508,2026-03-27,North,Gurugram,Yoga Mat Pro,Sports,1,1236.0,1236,CUST-94298,Marketplace
UK-2026-101811,2026-03-14,West,Mumbai,Dinner Set 24pc,Home & Kitchen,2,2531.0,5062,CUST-80180,Marketplace
UK-2026-101917,2026-03-05,North,Gurugram,Wireless Earbuds Pro,Electronics,1,2951.0,2951,CUST-26060,Website
UK-2026-101248,2026-02-09,Central,Bhopal,Wireless Earbuds Pro,Electronics,1,3089.0,3089,CUST-65801,App
UK-2026-101816,2026-03-11,West,Surat,Formal Shirt,Fashion,3,1088.0,3264,CUST-43027,App
UK-2026-103095,2026-05-21,South,Bengaluru,Vitamin C Serum,Beauty,1,731.0,731,CUST-68938,Website
UK-2026-100063,2026-01-11,East,Bhubaneswar,Cotton Bedsheet Set,Home & Kitchen,1,1461.0,1461,CUST-25827,App
UK-2026-101606,2026-03-02,West,Mumbai,Mixer Grinder 750W,Home & Kitchen,2,3339.0,6678,CUST-94618,App
UK-2026-100902,2026-02-08,South,Chennai,Cotton Bedsheet Set,Home & Kitchen,1,1334.0,1334,CUST-96207,App
UK-2026-100838,2026-02-22,North,Noida,Robot Vacuum R7,Home & Kitchen,1,19571.0,19571,CUST-64135,Marketplace
UK-2026-104853,2026-06-24,South,Bengaluru,Leather Wallet,Fashion,1,863.0,863,CUST-36654,Website
UK-2026-102959,2026-04-23,North,Noida,43-inch Smart TV,Electronics,1,25270.0,25270,CUST-61881,Marketplace
UK-2026-100062,2026-01-06,South,Bengaluru,43-inch Smart TV,Electronics,1,26100.0,26100,CUST-84881,App
UK-2026-103613,2026-05-21,West,Surat,Wireless Earbuds Pro,Electronics,1,2930.0,2930,CUST-93411,Marketplace
UK-2026-101962,2026-03-16,South,Chennai,Air Fryer 5L,Home & Kitchen,2,5245.0,10490,CUST-57649,App
UK-2026-101943,2026-03-22,South,Bengaluru,43-inch Smart TV,Electronics,1,26871.0,26871,CUST-84903,App
UK-2026-103104,2026-05-20,Central,Indore,Mirrorless Camera Lite,Electronics,1,28960.0,28960,CUST-66294,Marketplace
UK-2026-100236,2026-01-17,South,Chennai,Ethnic Dupatta,Fashion,3,524.0,1572,CUST-20879,Website
UK-2026-102285,2026-04-27,North,Gurugram,Electric Kettle 1.5L,Home & Kitchen,1,1115.0,1115,CUST-27293,Marketplace
UK-2026-103294,2026-05-11,North,Delhi,Running Sneakers,Fashion,1,2870.0,2870,CUST-96738,App
UK-2026-102232,2026-03-26,Central,Bhopal,Makeup Brush Set,Beauty,1,1297.0,1297,CUST-76336,Website
UK-2026-104248,2026-06-06,South,Bengaluru,Noise-Cancelling Headphones,Electronics,1,8914.0,8914,CUST-71851,App
UK-2026-100201,2026-01-19,North,Delhi,Yoga Mat Pro,Sports,1,1143.0,1143,CUST-69107,Website
UK-2026-101622,2026-03-29,East,Guwahati,Wireless Earbuds Pro,Electronics,1,2917.0,2917,CUST-35533,App
UK-2026-103928,2026-05-21,South,Bengaluru,Power Bank 20000mAh,Electronics,1,1761.0,1761,CUST-96279,Marketplace
UK-2026-104974,2026-06-22,South,Hyderabad,Ultrabook Air 14,Electronics,1,28891.0,28891,CUST-76336,Marketplace
UK-2026-102717,2026-04-04,West,Mumbai,Football Size 5,Sports,3,901.0,2703,CUST-79846,App
UK-2026-103039,2026-04-22,West,Pune,Leather Wallet,Fashion,1,893.0,893,CUST-27602,App
UK-2026-104350,2026-06-02,West,Pune,Dinner Set 24pc,Home & Kitchen,1,2446.0,2446,CUST-93793,Marketplace
UK-2026-100167,2026-01-20,South,Chennai,Dinner Set 24pc,Home & Kitchen,3,2568.0,7704,CUST-55683,App
UK-2026-102511,2026-04-15,South,Chennai,Wireless Earbuds Pro,Electronics,1,2915.0,2915,CUST-59529,Website
UK-2026-103819,2026-05-28,South,Chennai,Modern Wall Clock,Home & Kitchen,2,777.0,1554,CUST-35084,App
UK-2026-100170,2026-01-28,West,Ahmedabad,Vitamin C Serum,Beauty,1,700.0,700,CUST-74352,Website
UK-2026-102260,2026-04-26,South,Chennai,Bluetooth Speaker Mini,Electronics,3,1428.0,4284,CUST-85909,App
UK-2026-100811,2026-02-21,North,Noida,Denim Jacket,Fashion,1,2301.0,2301,CUST-34914,Website
UK-2026-102791,2026-04-23,North,Chandigarh,Dinner Set 24pc,Home & Kitchen,1,2579.0,2579,CUST-38916,App
UK-2026-102281,2026-04-21,West,Pune,43-inch Smart TV,Electronics,2,25377.0,50754,CUST-67837,App
UK-2026-101673,2026-03-08,West,Surat,Adjustable Dumbbells 15kg,Sports,1,4861.0,4861,CUST-25843,App
UK-2026-100746,2026-02-12,South,Bengaluru,Smart Watch X2,Electronics,2,4344.0,8688,CUST-50825,App
UK-2026-102170,2026-03-27,South,Kochi,Ultrabook Air 14,Electronics,1,30754.0,30754,CUST-54231,App
UK-2026-101077,2026-02-11,West,Ahmedabad,Bluetooth Speaker Mini,Electronics,1,1438.0,1438,CUST-83448,Marketplace
UK-2026-104912,2026-06-14,Central,Indore,Smart Watch X2,Electronics,1,4669.0,4669,CUST-30240,App
UK-2026-100870,2026-02-11,South,Hyderabad,Football Size 5,Sports,1,859.0,859,CUST-21163,Marketplace
UK-2026-102193,2026-03-13,Central,Raipur,Robot Vacuum R7,Home & Kitchen,1,19498.0,19498,CUST-16773,App
UK-2026-103662,2026-05-03,North,Gurugram,Wireless Earbuds Pro,Electronics,1,3038.0,3038,CUST-67011,Website
UK-2026-102464,2026-04-30,North,Delhi,Running Sneakers,Fashion,2,2845.0,5690,CUST-91910,App
UK-2026-103929,2026-05-15,North,Gurugram,Robot Vacuum R7,Home & Kitchen,3,18947.0,56841,CUST-99653,Website
UK-2026-104819,2026-06-15,South,Chennai,Robot Vacuum R7,Home & Kitchen,2,19027.0,38054,CUST-56165,Website
UK-2026-101305,2026-02-14,West,Mumbai,Non-Stick Cookware Set,Home & Kitchen,1,2837.0,2837,CUST-51514,App
UK-2026-102141,2026-03-14,South,Chennai,Mirrorless Camera Lite,Electronics,1,28004.0,28004,CUST-95279,App
UK-2026-103303,2026-05-18,East,Bhubaneswar,Power Bank 20000mAh,Electronics,1,1857.0,1857,CUST-66598,App
UK-2026-101395,2026-02-04,South,Chennai,Electric Kettle 1.5L,Home & Kitchen,1,1048.0,1048,CUST-25463,Website
UK-2026-100660,2026-01-29,South,Hyderabad,Yoga Mat Pro,Sports,1,1233.0,1233,CUST-26153,App
UK-2026-104610,2026-06-11,South,Bengaluru,Adjustable Dumbbells 15kg,Sports,1,5237.0,5237,CUST-31384,Marketplace
UK-2026-103646,2026-05-31,East,Guwahati,43-inch Smart TV,Electronics,1,25371.0,25371,CUST-78153,Marketplace
UK-2026-104986,2026-06-06,West,Mumbai,Foldable Treadmill T2,Sports,1,25609.0,25609,CUST-85899,Marketplace
UK-2026-103558,2026-05-01,North,Gurugram,Running Sneakers,Fashion,2,2742.0,5484,CUST-72079,Marketplace
UK-2026-104290,2026-06-14,North,Gurugram,Dinner Set 24pc,Home & Kitchen,1,2560.0,2560,CUST-69182,App
UK-2026-104161,2026-06-24,West,Surat,Vitamin C Serum,Beauty,1,712.0,712,CUST-98323,App
UK-2026-103043,2026-04-20,North,Chandigarh,Mixer Grinder 750W,Home & Kitchen,2,3458.0,6916,CUST-49974,Marketplace
UK-2026-103196,2026-05-03,North,Chandigarh,Dinner Set 24pc,Home & Kitchen,2,2513.0,5026,CUST-40006,Website
UK-2026-104155,2026-06-12,Central,Raipur,Ethnic Dupatta,Fashion,1,500.0,500,CUST-18777,Website
UK-2026-101197,2026-02-06,South,Kochi,Noise-Cancelling Headphones,Electronics,1,8834.0,8834,CUST-22464,App
UK-2026-100070,2026-01-17,East,Guwahati,Running Sneakers,Fashion,1,2810.0,2810,CUST-16759,App
UK-2026-101728,2026-03-03,South,Chennai,Mixer Grinder 750W,Home & Kitchen,1,3289.0,3289,CUST-15724,Website
UK-2026-100844,2009-02-26,South,Kochi,Noise-Cancelling Headphones,Electronics,1,9294.0,9294,CUST-33476,Website
UK-2026-103480,2026-05-21,West,Pune,43-inch Smart TV,Electronics,2,25117.0,50234,CUST-33305,App
UK-2026-100282,2026-01-14,South,Chennai,Cotton Bedsheet Set,Home & Kitchen,2,1334.0,2668,CUST-91373,App
UK-2026-103141,2026-05-28,South,Chennai,Matte Lipstick Set,Beauty,1,884.0,884,CUST-87348,Website
UK-2026-101375,2026-02-02,South,Bengaluru,Robot Vacuum R7,Home & Kitchen,1,19096.0,19096,CUST-37443,Website
UK-2026-101331,2026-02-06,West,Ahmedabad,Cotton Kurta Set,Fashion,1,1299.0,1299,CUST-57322,App
UK-2026-100322,2026-01-05,South,Chennai,Non-Stick Cookware Set,Home & Kitchen,1,3030.0,3030,CUST-96220,App
UK-2026-100347,2026-01-21,Central,Indore,Dinner Set 24pc,Home & Kitchen,1,2412.0,2412,CUST-77360,Website
UK-2026-104295,2026-06-10,East,Kolkata,Cotton Bedsheet Set,Home & Kitchen,1,1378.0,1378,CUST-26209,Website
UK-2026-101712,2026-03-07,North,Chandigarh,Makeup Brush Set,Beauty,1,1250.0,1250,CUST-91595,App
UK-2026-101866,2026-03-15,South,Kochi,Cricket Bat English Willow,Sports,1,9081.0,9081,CUST-43214,App
UK-2026-102972,2026-04-30,South,Chennai,Denim Jacket,Fashion,1,2301.0,2301,CUST-48814,Website
UK-2026-104924,2026-06-02,Central,Nagpur,Cotton Bedsheet Set,Home & Kitchen,1,1453.0,1453,CUST-11031,Marketplace
UK-2026-101605,2026-03-27,North,Gurugram,43-inch Smart TV,Electronics,3,25455.0,76365,CUST-71104,Website
UK-2026-101366,2026-02-27,North,Delhi,Bluetooth Speaker Mini,Electronics,2,1571.0,3142,CUST-62619,Website
UK-2026-104190,2026-06-15,South,Bengaluru,Electric Kettle 1.5L,Home & Kitchen,3,1049.0,3147,CUST-87438,App
UK-2026-103061,2026-04-24,North,Noida,Non-Stick Cookware Set,Home & Kitchen,2,2912.0,5824,CUST-18505,App
UK-2026-104023,2026-06-14,East,Bhubaneswar,Wireless Earbuds Pro,Electronics,2,3138.0,6276,CUST-29063,Marketplace
UK-2026-104517,2026-06-10,North,Noida,Yoga Mat Pro,Sports,1,1182.0,1182,CUST-94843,App
UK-2026-103714,2026-05-30,East,Patna,Mirrorless Camera Lite,Electronics,2,28683.0,57366,CUST-52514,Website
UK-2026-100830,2026-02-03,North,Delhi,Adjustable Dumbbells 15kg,Sports,2,5242.0,10484,CUST-28101,App
UK-2026-104850,2026-06-24,West,Surat,Mirrorless Camera Lite,Electronics,1,30274.0,30274,CUST-71757,Website
UK-2026-104153,2026-06-19,West,Mumbai,Ultrabook Air 14,Electronics,1,30770.0,30770,CUST-14021,Marketplace
UK-2026-102890,2026-04-18,East,Bhubaneswar,Matte Lipstick Set,Beauty,1,868.0,868,CUST-96770,App
UK-2026-104643,2026-06-24,Central,Indore,Robot Vacuum R7,Home & Kitchen,1,18084.0,18084,CUST-48946,App
UK-2026-104215,2026-06-29,West,Pune,Formal Shirt,Fashion,1,1104.0,1104,CUST-71664,App
UK-2026-103005,2024-04-26,West,Ahmedabad,Cycling Helmet,Sports,1,1534.0,1534,CUST-78083,App
UK-2026-101632,2026-03-17,South,Bengaluru,Denim Jacket,Fashion,1,2225.0,2225,CUST-55892,Website
UK-2026-103256,2026-05-09,East,Kolkata,Robot Vacuum R7,Home & Kitchen,2,19768.0,39536,CUST-24246,Website
UK-2026-100560,2026-01-20,South,Kochi,Yoga Mat Pro,Sports,2,1193.0,2386,CUST-75326,App
UK-2026-102184,2026-03-08,North,Noida,Cotton Kurta Set,Fashion,1,1311.0,1311,CUST-55458,App
UK-2026-100177,2026-01-17,West,Pune,Running Sneakers,Fashion,2,2909.0,5818,CUST-94321,Website
UK-2026-100173,2026-01-01,Central,Raipur,Makeup Brush Set,Beauty,1,1347.0,1347,CUST-58818,App
UK-2026-100699,2026-01-27,Central,Indore,Wireless Earbuds Pro,Electronics,2,3048.0,6096,CUST-50186,Website
UK-2026-103431,2026-05-21,West,Pune,Ultrabook Air 14,Electronics,2,30168.0,60336,CUST-73605,Marketplace
UK-2026-100253,2026-01-03,South,Hyderabad,Ionic Hair Dryer,Beauty,2,1857.0,3714,CUST-13116,App
UK-2026-100592,2026-01-28,North,Gurugram,Cricket Bat English Willow,Sports,1,9294.0,9294,CUST-40802,App
UK-2026-103356,2026-05-12,South,Bengaluru,Air Fryer 5L,Home & Kitchen,1,5361.0,5361,CUST-92232,App
UK-2026-104519,2026-06-05,West,Ahmedabad,Formal Shirt,Fashion,1,1139.0,1139,CUST-94091,App
UK-2026-100361,2026-01-10,South,Hyderabad,Face Wash Combo,Beauty,1,446.0,446,CUST-29806,App
UK-2026-102000,2026-03-03,Central,Bhopal,Eau de Parfum 100ml,Beauty,1,1985.0,1985,CUST-65568,Website
UK-2026-100146,2026-01-22,South,Kochi,Electric Kettle 1.5L,Home & Kitchen,1,1049.0,1049,CUST-35901,App
UK-2026-104768,2026-06-08,West,Ahmedabad,Denim Jacket,Fashion,1,2157.0,2157,CUST-34047,Website
UK-2026-102712,2026-04-30,Central,Bhopal,Yoga Mat Pro,Sports,2,1141.0,2282,CUST-55053,Website
UK-2026-102836,2026-04-11,West,Mumbai,Yoga Mat Pro,Sports,1,1224.0,1224,CUST-76367,Website
UK-2026-102668,2026-04-11,West,Surat,Denim Jacket,Fashion,1,2147.0,2147,CUST-76728,App
UK-2026-101171,2026-02-25,Central,Raipur,Ethnic Dupatta,Fashion,4,478.0,1912,CUST-90166,App
UK-2026-102721,2026-04-12,West,Surat,Badminton Racket Set,Sports,1,2619.0,2619,CUST-27117,Marketplace
UK-2026-104397,2026-06-05,North,Noida,Matte Lipstick Set,Beauty,1,880.0,880,CUST-57039,App
UK-2026-103717,2026-05-03,West,Pune,Non-Stick Cookware Set,Home & Kitchen,2,3009.0,6018,CUST-92031,Marketplace
UK-2026-101205,2026-02-22,East,Kolkata,Cycling Helmet,Sports,2,1568.0,3136,CUST-16580,Marketplace
UK-2026-103462,2026-05-01,North,Delhi,Modern Wall Clock,Home & Kitchen,1,795.0,795,CUST-77977,Website
UK-2026-100110,2026-01-08,North,Delhi,Mirrorless Camera Lite,Electronics,1,28277.0,28277,CUST-32595,Website
UK-2026-102850,2026-04-04,West,Mumbai,Bluetooth Speaker Mini,Electronics,1,1521.0,1521,CUST-76728,App
UK-2026-104624,2026-06-09,West,Mumbai,Running Sneakers,Fashion,1,2799.0,2799,CUST-55898,Website
UK-2026-104415,2026-06-10,South,Chennai,Vitamin C Serum,Beauty,2,675.0,1350,CUST-47479,App
UK-2026-100654,2026-01-27,Central,Nagpur,Ultrabook Air 14,Electronics,2,30812.0,61624,CUST-79332,Website
UK-2026-104187,2026-06-04,North,Noida,Adjustable Dumbbells 15kg,Sports,2,4854.0,9708,CUST-70729,Website
UK-2026-101961,2026-03-20,North,Chandigarh,Makeup Brush Set,Beauty,2,1323.0,2646,CUST-69775,Website
UK-2026-101581,2026-03-16,North,Gurugram,43-inch Smart TV,Electronics,1,26889.0,26889,CUST-52918,Marketplace
UK-2026-103848,2026-05-28,West,Pune,Ethnic Dupatta,Fashion,2,514.0,1028,CUST-76698,Marketplace
UK-2026-102871,2026-04-20,West,Surat,Foldable Treadmill T2,Sports,1,24526.0,24526,CUST-42150,Marketplace
UK-2026-100974,2026-02-22,South,Kochi,Non-Stick Cookware Set,Home & Kitchen,1,2782.0,2782,CUST-31170,Marketplace
UK-2026-102318,2026-04-06,East,Kolkata,Ethnic Dupatta,Fashion,1,496.0,496,CUST-84696,Website
UK-2026-100561,2026-01-22,South,Bengaluru,Wireless Earbuds Pro,Electronics,1,2977.0,2977,CUST-54874,Website
UK-2026-100271,2026-01-07,North,Delhi,Ethnic Dupatta,Fashion,1,522.0,522,CUST-55379,Website
UK-2026-103520,2026-05-30,West,Pune,Ethnic Dupatta,Fashion,2,506.0,1012,CUST-40655,Marketplace
UK-2026-104453,2026-06-06,South,Bengaluru,Mirrorless Camera Lite,Electronics,1,28632.0,28632,CUST-71897,App
UK-2026-101891,2026-03-26,East,Patna,Smart Watch X2,Electronics,1,4424.0,4424,CUST-66491,App
UK-2026-101325,2026-02-10,West,Surat,Formal Shirt,Fashion,1,1068.0,1068,CUST-71555,App
UK-2026-104131,2026-06-16,South,Hyderabad,Wireless Earbuds Pro,Electronics,1,2888.0,2888,CUST-64151,Website
UK-2026-101719,2026-03-23,Central,Nagpur,Cotton Bedsheet Set,Home & Kitchen,1,1357.0,1357,CUST-57335,Website
UK-2026-104978,2026-06-28,West,Ahmedabad,Slim Fit Jeans,Fashion,1,1570.0,1570,CUST-21231,App
UK-2026-102476,2026-04-15,West,Pune,Non-Stick Cookware Set,Home & Kitchen,2,2920.0,5840,CUST-16755,Marketplace
UK-2026-101892,2026-03-31,Central,Nagpur,Smart Watch X2,Electronics,1,4603.0,4603,CUST-48390,Marketplace
UK-2026-103154,2026-05-22,Central,Raipur,Modern Wall Clock,Home & Kitchen,2,782.0,1564,CUST-38704,Marketplace
UK-2026-101419,2026-02-11,West,Ahmedabad,Makeup Brush Set,Beauty,1,1335.0,1335,CUST-89194,Marketplace
UK-2026-102630,2026-04-19,North,Noida,Beard Grooming Kit,Beauty,2,995.0,1990,CUST-82561,App
UK-2026-102177,2026-03-19,North,Gurugram,Badminton Racket Set,Sports,1,2567.0,2567,CUST-86739,App
UK-2026-101861,2026-03-05,South,Chennai,Electric Kettle 1.5L,Home & Kitchen,1,1150.0,1150,CUST-43214,App
UK-2026-104751,2026-06-25,East,Bhubaneswar,Formal Shirt,Fashion,1,1115.0,1115,CUST-98331,Website
UK-2026-103416,2026-05-15,West,Surat,Ionic Hair Dryer,Beauty,2,1988.0,3976,CUST-62070,App
UK-2026-100575,2026-01-05,South,Kochi,Wireless Earbuds Pro,Electronics,1,2979.0,2979,CUST-13170,Website
UK-2026-102474,2026-04-04,North,Noida,Cycling Helmet,Sports,2,1611.0,3222,CUST-56299,Marketplace
UK-2026-100245,2026-01-22,South,Bengaluru,Face Wash Combo,Beauty,1,461.0,461,CUST-25531,App
UK-2026-100905,2026-02-06,Central,Indore,Electric Kettle 1.5L,Home & Kitchen,2,1130.0,2260,CUST-69775,App
UK-2026-102214,2026-03-24,South,Kochi,Bluetooth Speaker Mini,Electronics,1,1570.0,1570,CUST-94662,Website
UK-2026-102899,2026-04-15,East,Bhubaneswar,Badminton Racket Set,Sports,2,2546.0,5092,CUST-59064,App
UK-2026-103283,2026-05-24,Central,Bhopal,Smart Watch X2,Electronics,1,4327.0,4327,CUST-20886,Website
UK-2026-103964,2026-05-03,North,Delhi,Dinner Set 24pc,Home & Kitchen,1,2525.0,2525,CUST-90850,App
UK-2026-101710,2026-03-11,West,Ahmedabad,Dinner Set 24pc,Home & Kitchen,2,2507.0,5014,CUST-66445,App
UK-2026-104564,2026-06-27,North,Chandigarh,Vitamin C Serum,Beauty,1,666.0,666,CUST-10339,Website
UK-2026-104816,2026-06-05,Central,Raipur,Bluetooth Speaker Mini,Electronics,1,1553.0,1553,CUST-69725,App
UK-2026-104854,2026-06-08,South,Chennai,Slim Fit Jeans,Fashion,2,1626.0,3252,CUST-39309,App
UK-2026-100011,2026-01-06,East,Kolkata,Non-Stick Cookware Set,Home & Kitchen,1,2856.0,2856,CUST-27294,Website
UK-2026-101540,2026-03-09,South,Kochi,Slim Fit Jeans,Fashion,3,1592.0,4776,CUST-80001,App
UK-2026-100670,2026-01-22,North,Chandigarh,Non-Stick Cookware Set,Home & Kitchen,2,3016.0,6032,CUST-48284,App
UK-2026-103447,2026-05-09,West,Surat,Bluetooth Speaker Mini,Electronics,2,1464.0,2928,CUST-46896,Website
UK-2026-101126,2026-02-17,West,Mumbai,Makeup Brush Set,Beauty,1,1276.0,1276,CUST-53725,Website
UK-2026-100623,2026-01-02,South,Bengaluru,Modern Wall Clock,Home & Kitchen,1,783.0,783,CUST-24748,App
UK-2026-100955,2026-02-27,South,Kochi,Air Fryer 5L,Home & Kitchen,1,5424.0,5424,CUST-77753,App
UK-2026-103407,2026-05-01,South,Hyderabad,Formal Shirt,Fashion,1,1150.0,1150,CUST-68842,Website
UK-2026-103889,2026-05-12,North,Chandigarh,Ultrabook Air 14,Electronics,2,30832.0,61664,CUST-59636,App
UK-2026-101468,2026-03-10,South,Hyderabad,Bluetooth Speaker Mini,Electronics,1,1437.0,1437,CUST-12941,Website
UK-2026-102220,2026-03-05,South,Hyderabad,Bluetooth Speaker Mini,Electronics,1,1450.0,1450,CUST-27063,App
UK-2026-102865,2026-04-10,North,Noida,Makeup Brush Set,Beauty,2,1301.0,2602,CUST-82247,App
UK-2026-103222,2026-05-05,West,Pune,Non-Stick Cookware Set,Home & Kitchen,3,3008.0,9024,CUST-61707,Website
UK-2026-104905,2026-06-14,South,Bengaluru,Modern Wall Clock,Home & Kitchen,1,827.0,827,CUST-92899,App
UK-2026-102292,2026-04-10,East,Guwahati,Mirrorless Camera Lite,Electronics,2,29255.0,58510,CUST-15872,Marketplace
UK-2026-102052,2013-03-26,South,Chennai,Noise-Cancelling Headphones,Electronics,2,8803.0,17606,CUST-39462,Marketplace
UK-2026-100512,2026-01-12,North,Delhi,Mirrorless Camera Lite,Electronics,1,30222.0,30222,CUST-48691,Website
UK-2026-102327,2026-04-06,East,Patna,Cotton Kurta Set,Fashion,1,1285.0,1285,CUST-71307,Website
UK-2026-100628,2026-01-04,North,Chandigarh,Adjustable Dumbbells 15kg,Sports,1,5124.0,5124,CUST-33091,Website
UK-2026-102884,2026-04-10,North,Delhi,Vitamin C Serum,Beauty,2,726.0,1452,CUST-15021,App
UK-2026-102936,2026-04-26,Central,Bhopal,Bluetooth Speaker Mini,Electronics,2,1441.0,2882,CUST-41082,Marketplace
UK-2026-104309,2026-06-13,South,Chennai,Modern Wall Clock,Home & Kitchen,1,780.0,780,CUST-70699,Marketplace
UK-2026-100574,2026-01-08,Central,Nagpur,Non-Stick Cookware Set,Home & Kitchen,1,2940.0,2940,CUST-77283,App
UK-2026-100598,2026-01-01,South,Hyderabad,Cotton Bedsheet Set,Home & Kitchen,1,1435.0,1435,CUST-30276,Website
UK-2026-102995,2026-04-23,West,Ahmedabad,Dinner Set 24pc,Home & Kitchen,1,2564.0,2564,CUST-47021,App
UK-2026-104705,2026-06-21,East,Bhubaneswar,Makeup Brush Set,Beauty,1,1274.0,1274,CUST-55279,Marketplace
UK-2026-101663,2026-03-12,East,Patna,Bluetooth Speaker Mini,Electronics,1,1431.0,1431,CUST-96036,Website
UK-2026-104747,2026-06-21,Central,Indore,Badminton Racket Set,Sports,1,2479.0,2479,CUST-13170,Marketplace
UK-2026-104490,2026-06-03,North,Gurugram,Ultrabook Air 14,Electronics,1,28570.0,28570,CUST-66686,App
UK-2026-103439,2026-05-05,East,Guwahati,Eau de Parfum 100ml,Beauty,1,1929.0,1929,CUST-36995,Website
UK-2026-101153,2026-02-01,West,Ahmedabad,Bluetooth Speaker Mini,Electronics,1,1512.0,1512,CUST-77152,Marketplace
UK-2026-103395,2026-05-17,North,Noida,Beard Grooming Kit,Beauty,4,992.0,3968,CUST-86975,Marketplace
UK-2026-103902,2026-05-10,South,Bengaluru,Eau de Parfum 100ml,Beauty,1,2069.0,2069,CUST-98500,App
UK-2026-102808,2026-04-14,Central,Indore,Makeup Brush Set,Beauty,1,1254.0,1254,CUST-70612,App
UK-2026-101499,2026-03-19,Central,Indore,Matte Lipstick Set,Beauty,2,860.0,1720,CUST-13116,Website
UK-2026-104696,2026-06-17,West,Pune,Yoga Mat Pro,Sports,3,1161.0,3483,CUST-22615,Marketplace
UK-2026-104612,2026-06-21,South,Kochi,Bluetooth Speaker Mini,Electronics,1,1485.0,1485,CUST-25163,Marketplace
UK-2026-103644,2026-05-11,West,Surat,Robot Vacuum R7,Home & Kitchen,1,18657.0,18657,CUST-38030,App
UK-2026-100797,2026-02-06,Central,Nagpur,Wireless Earbuds Pro,Electronics,1,3106.0,3106,CUST-34752,Marketplace
UK-2026-103685,2026-05-11,South,Chennai,Bluetooth Speaker Mini,Electronics,1,1426.0,1426,CUST-23943,Marketplace
UK-2026-101046,2026-02-28,South,Kochi,Mixer Grinder 750W,Home & Kitchen,1,3385.0,3385,CUST-38525,App
UK-2026-101336,2026-02-04,South,Hyderabad,Face Wash Combo,Beauty,1,447.0,447,CUST-40427,Marketplace
UK-2026-102100,2026-03-26,North,Gurugram,Vitamin C Serum,Beauty,1,712.0,712,CUST-52294,App
UK-2026-100762,2026-02-11,Central,Nagpur,Eau de Parfum 100ml,Beauty,1,1929.0,1929,CUST-51400,Marketplace
UK-2026-104199,2026-06-26,South,Kochi,43-inch Smart TV,Electronics,1,24765.0,24765,CUST-28734,App
UK-2026-104778,2026-06-26,North,Noida,Gym Gloves,Sports,1,504.0,504,CUST-37089,Marketplace
UK-2026-100288,2026-01-10,East,Bhubaneswar,Sunscreen SPF50,Beauty,2,555.0,1110,CUST-85445,App
UK-2026-104652,2026-06-23,East,Kolkata,Gym Gloves,Sports,1,516.0,516,CUST-99018,Website
UK-2026-100106,2026-01-19,South,Bengaluru,Power Bank 20000mAh,Electronics,1,1747.0,1747,CUST-56547,Marketplace
UK-2026-102863,2026-04-24,East,Bhubaneswar,Running Sneakers,Fashion,1,2804.0,2804,CUST-95681,Marketplace
UK-2026-103648,2026-05-28,South,Hyderabad,Ethnic Dupatta,Fashion,1,479.0,479,CUST-61527,Website
UK-2026-104615,2026-06-21,North,Gurugram,Wireless Earbuds Pro,Electronics,1,3135.0,3135,CUST-52670,Marketplace
UK-2026-101162,2026-02-27,East,Guwahati,Dinner Set 24pc,Home & Kitchen,1,2583.0,2583,CUST-17461,Marketplace
UK-2026-100657,2026-01-08,South,Bengaluru,Ultrabook Air 14,Electronics,2,29177.0,58354,CUST-44504,App
UK-2026-102001,2026-03-22,South,Kochi,Adjustable Dumbbells 15kg,Sports,1,5187.0,5187,CUST-12376,Marketplace
UK-2026-102626,2026-04-30,North,Delhi,Air Fryer 5L,Home & Kitchen,1,5226.0,5226,CUST-46909,Website
UK-2026-104117,2026-06-21,South,Chennai,Adjustable Dumbbells 15kg,Sports,1,5102.0,5102,CUST-17024,App
UK-2026-100661,2026-01-19,North,Chandigarh,Leather Wallet,Fashion,2,934.0,1868,CUST-87438,App
UK-2026-100367,2026-01-19,North,Chandigarh,Smart Watch X2,Electronics,1,4613.0,4613,CUST-52918,App
UK-2026-104565,2026-06-01,East,Bhubaneswar,Face Wash Combo,Beauty,1,432.0,432,CUST-32408,Website
UK-2026-104463,2026-06-27,North,Delhi,Wireless Earbuds Pro,Electronics,1,2928.0,2928,CUST-30905,App
UK-2026-100571,2026-01-08,South,Kochi,Silk Saree,Fashion,1,3667.0,3667,CUST-80180,Website
UK-2026-104417,2026-06-05,South,Bengaluru,Matte Lipstick Set,Beauty,4,891.0,3564,CUST-77097,App
UK-2026-100929,2026-02-19,Central,Indore,Denim Jacket,Fashion,1,2279.0,2279,CUST-49391,App
UK-2026-103834,2026-05-31,Central,Bhopal,Makeup Brush Set,Beauty,1,1324.0,1324,CUST-90831,Website
UK-2026-102473,2026-04-15,South,Bengaluru,Foldable Treadmill T2,Sports,1,25708.0,25708,CUST-23555,Marketplace
UK-2026-100085,2026-01-14,South,Kochi,Robot Vacuum R7,Home & Kitchen,1,19224.0,19224,CUST-57451,Marketplace
UK-2026-100758,2026-02-16,North,Noida,Vitamin C Serum,Beauty,2,676.0,1352,CUST-75820,Website
UK-2026-102014,2026-03-13,Central,Raipur,Noise-Cancelling Headphones,Electronics,3,9426.0,28278,CUST-25843,Marketplace
UK-2026-104781,2026-06-29,South,Hyderabad,Gym Gloves,Sports,1,504.0,504,CUST-85445,Website
UK-2026-102020,2026-03-23,South,Chennai,Air Fryer 5L,Home & Kitchen,1,5551.0,5551,CUST-23876,Website
UK-2026-103077,2026-04-04,Central,Bhopal,Adjustable Dumbbells 15kg,Sports,1,5197.0,5197,CUST-61881,App
UK-2026-103147,2026-05-14,Central,Indore,43-inch Smart TV,Electronics,2,24700.0,49400,CUST-89914,App
UK-2026-102746,2026-04-05,East,Kolkata,Wireless Earbuds Pro,Electronics,1,3066.0,3066,CUST-15704,App
UK-2026-103538,2026-05-27,South,Hyderabad,Mixer Grinder 750W,Home & Kitchen,1,3402.0,3402,CUST-31170,App
UK-2026-100528,2026-01-28,Central,Indore,Bluetooth Speaker Mini,Electronics,2,1529.0,3058,CUST-11262,App
UK-2026-104724,2026-06-16,South,Bengaluru,Badminton Racket Set,Sports,2,2455.0,4910,CUST-58457,App
UK-2026-104156,2026-06-01,East,Bhubaneswar,Leather Wallet,Fashion,1,896.0,896,CUST-86012,App
UK-2026-103975,2026-05-01,West,Surat,Cycling Helmet,Sports,4,1678.0,6712,CUST-26113,App
UK-2026-103988,2026-05-31,North,Chandigarh,Face Wash Combo,Beauty,4,468.0,1872,CUST-10704,App
UK-2026-102854,2026-04-29,East,Guwahati,Mixer Grinder 750W,Home & Kitchen,1,3412.0,3412,CUST-76118,App
UK-2026-101894,2026-03-13,South,Chennai,Ultrabook Air 14,Electronics,1,30742.0,30742,CUST-38916,App
UK-2026-100885,2026-02-19,North,Chandigarh,Makeup Brush Set,Beauty,1,1352.0,1352,CUST-86666,App
UK-2026-101166,2026-02-03,South,Chennai,Matte Lipstick Set,Beauty,1,918.0,918,CUST-71664,Website
UK-2026-104030,2026-06-28,North,Noida,Football Size 5,Sports,1,928.0,928,CUST-79950,Marketplace
UK-2026-102835,2026-04-04,South,Bengaluru,Bluetooth Speaker Mini,Electronics,1,1481.0,1481,CUST-29594,Marketplace
UK-2026-102037,2026-03-20,East,Guwahati,Leather Wallet,Fashion,1,859.0,859,CUST-42076,Marketplace
UK-2026-100226,2026-01-12,East,Kolkata,Matte Lipstick Set,Beauty,1,930.0,930,CUST-66491,Website
UK-2026-100550,2026-01-11,East,Kolkata,Face Wash Combo,Beauty,2,428.0,856,CUST-57532,App
UK-2026-100007,2026-01-09,West,Ahmedabad,Cycling Helmet,Sports,1,1662.0,1662,CUST-65167,Website
UK-2026-102662,2026-04-26,South,Hyderabad,Noise-Cancelling Headphones,Electronics,3,9434.0,28302,CUST-31122,Website
UK-2026-102078,2026-03-05,South,Bengaluru,Non-Stick Cookware Set,Home & Kitchen,1,2805.0,2805,CUST-16842,App
UK-2026-102012,2026-03-17,West,Mumbai,Beard Grooming Kit,Beauty,1,1014.0,1014,CUST-44120,App
UK-2026-103454,2026-05-28,South,Bengaluru,Electric Kettle 1.5L,Home & Kitchen,1,1108.0,1108,CUST-86346,App
UK-2026-104651,2026-06-25,West,Mumbai,Robot Vacuum R7,Home & Kitchen,1,18452.0,18452,CUST-45723,App
UK-2026-102762,2026-04-19,South,Kochi,Cotton Kurta Set,Fashion,1,1283.0,1283,CUST-19828,App
UK-2026-103990,2026-05-01,Central,Raipur,Smart Watch X2,Electronics,1,4427.0,4427,CUST-68971,Website
UK-2026-104239,2026-06-07,Central,Indore,Silk Saree,Fashion,2,3532.0,7064,CUST-66052,App
UK-2026-102790,2026-04-18,East,Bhubaneswar,Cotton Kurta Set,Fashion,4,1359.0,5436,CUST-39968,Website
UK-2026-104787,2026-06-13,North,Delhi,Bluetooth Speaker Mini,Electronics,1,1515.0,1515,CUST-27271,App
UK-2026-104641,2026-06-23,East,Patna,Adjustable Dumbbells 15kg,Sports,1,4783.0,4783,CUST-21436,Marketplace
UK-2026-103388,2026-05-13,South,Bengaluru,Ionic Hair Dryer,Beauty,1,1833.0,1833,CUST-87414,App
UK-2026-102296,2026-04-20,North,Delhi,Matte Lipstick Set,Beauty,2,912.0,1824,CUST-65326,App
UK-2026-101304,2026-02-22,West,Mumbai,Ethnic Dupatta,Fashion,1,521.0,521,CUST-55458,Website
UK-2026-104829,2026-06-03,East,Guwahati,Ethnic Dupatta,Fashion,1,492.0,492,CUST-35299,App
UK-2026-103670,2026-05-11,West,Surat,Leather Wallet,Fashion,2,907.0,1814,CUST-17988,Website
UK-2026-104452,2026-06-26,South,Bengaluru,Power Bank 20000mAh,Electronics,1,1861.0,1861,CUST-18562,Marketplace
UK-2026-104617,2026-06-24,West,Mumbai,Makeup Brush Set,Beauty,1,1362.0,1362,CUST-14572,App
UK-2026-101281,2026-02-04,South,Bengaluru,Air Fryer 5L,Home & Kitchen,1,5761.0,5761,CUST-73050,App
UK-2026-100675,2026-01-10,North,Noida,Badminton Racket Set,Sports,1,2584.0,2584,CUST-62793,Website
UK-2026-101167,2026-02-21,North,Gurugram,Cycling Helmet,Sports,1,1653.0,1653,CUST-99379,Website
UK-2026-103767,2026-05-20,Central,Nagpur,Gym Gloves,Sports,2,521.0,1042,CUST-39561,App
UK-2026-104241,2026-06-24,West,Surat,Eau de Parfum 100ml,Beauty,2,1986.0,3972,CUST-37437,Website
UK-2026-102536,2026-04-28,South,Kochi,Mirrorless Camera Lite,Electronics,1,27607.0,27607,CUST-43107,Website
UK-2026-101883,2026-03-11,South,Hyderabad,Slim Fit Jeans,Fashion,1,1554.0,1554,CUST-78018,App
UK-2026-104341,2026-06-13,South,Bengaluru,Dinner Set 24pc,Home & Kitchen,1,2570.0,2570,CUST-73665,Marketplace
UK-2026-102317,2026-04-18,North,Delhi,Mirrorless Camera Lite,Electronics,1,28069.0,28069,CUST-61826,App
UK-2026-100753,2026-02-26,South,Chennai,Sunscreen SPF50,Beauty,1,553.0,553,CUST-22451,App
UK-2026-102405,2026-04-06,South,Chennai,Foldable Treadmill T2,Sports,2,23899.0,47798,CUST-44030,App
UK-2026-101543,2026-03-01,Central,Raipur,Mirrorless Camera Lite,Electronics,1,28632.0,28632,CUST-34093,App
UK-2026-103026,2026-04-10,North,Noida,Silk Saree,Fashion,1,3333.0,3333,CUST-57722,Marketplace
UK-2026-100740,2026-02-01,South,Kochi,Leather Wallet,Fashion,1,878.0,878,CUST-16893,Website
UK-2026-101955,2026-03-16,Central,Raipur,Vitamin C Serum,Beauty,2,675.0,1350,CUST-93195,Marketplace
UK-2026-103228,2026-05-17,South,Chennai,Running Sneakers,Fashion,2,2831.0,5662,CUST-62693,App
UK-2026-104692,2026-06-20,South,Hyderabad,Silk Saree,Fashion,1,3505.0,3505,CUST-76624,Website
UK-2026-102228,2026-03-11,South,Bengaluru,Dinner Set 24pc,Home & Kitchen,1,2446.0,2446,CUST-98896,App
UK-2026-102988,2010-04-26,West,Ahmedabad,Silk Saree,Fashion,2,3347.0,6694,CUST-55731,App
UK-2026-102581,2026-04-06,North,Delhi,43-inch Smart TV,Electronics,2,25262.0,50524,CUST-73050,Marketplace
UK-2026-101585,2026-03-06,Central,Indore,Gym Gloves,Sports,1,508.0,508,CUST-55867,App
UK-2026-102263,2026-04-12,West,Pune,Yoga Mat Pro,Sports,1,1259.0,1259,CUST-64558,Marketplace
UK-2026-104077,2026-06-20,South,Kochi,Power Bank 20000mAh,Electronics,1,1719.0,1719,CUST-22089,Website
UK-2026-100379,2026-01-11,South,Kochi,Vitamin C Serum,Beauty,1,709.0,709,CUST-64754,App
UK-2026-102989,2026-04-14,Central,Raipur,Yoga Mat Pro,Sports,1,1157.0,1157,CUST-32354,App
UK-2026-100729,2026-02-06,North,Delhi,Leather Wallet,Fashion,1,915.0,915,CUST-71897,App
UK-2026-103707,2026-05-14,East,Kolkata,Ionic Hair Dryer,Beauty,1,1876.0,1876,CUST-40950,App
UK-2026-104216,2026-06-30,North,Noida,Air Fryer 5L,Home & Kitchen,1,5667.0,5667,CUST-89652,Website
UK-2026-102490,2026-04-14,East,Guwahati,Slim Fit Jeans,Fashion,1,1654.0,1654,CUST-96880,App
UK-2026-101385,2026-02-19,West,Mumbai,Matte Lipstick Set,Beauty,1,902.0,902,CUST-21401,Website
UK-2026-103165,2026-05-21,North,Gurugram,Ultrabook Air 14,Electronics,1,30234.0,30234,CUST-21239,App
UK-2026-100663,2026-01-23,West,Ahmedabad,Slim Fit Jeans,Fashion,1,1626.0,1626,CUST-12048,Website
UK-2026-104278,2026-06-25,West,Ahmedabad,Robot Vacuum R7,Home & Kitchen,1,19450.0,19450,CUST-11076,App
UK-2026-104055,2026-06-01,Central,Raipur,Cotton Kurta Set,Fashion,1,1304.0,1304,CUST-67230,Website
UK-2026-103466,2026-05-29,Central,Raipur,Cotton Bedsheet Set,Home & Kitchen,2,1344.0,2688,CUST-13015,App
UK-2026-101692,2026-03-05,North,Chandigarh,Sunscreen SPF50,Beauty,2,555.0,1110,CUST-95655,App
UK-2026-102720,2026-04-19,North,Chandigarh,Beard Grooming Kit,Beauty,1,972.0,972,CUST-71903,Marketplace
UK-2026-100686,2026-01-12,South,Chennai,Bluetooth Speaker Mini,Electronics,1,1570.0,1570,CUST-86739,App
UK-2026-100290,2026-01-22,South,Chennai,Modern Wall Clock,Home & Kitchen,2,802.0,1604,CUST-22311,App
UK-2026-101041,2026-02-24,South,Hyderabad,Silk Saree,Fashion,1,3624.0,3624,CUST-46587,Website
UK-2026-104769,2026-06-11,West,Surat,Face Wash Combo,Beauty,1,427.0,427,CUST-86407,Website
UK-2026-103740,2026-05-08,North,Delhi,Power Bank 20000mAh,Electronics,1,1741.0,1741,CUST-76367,Marketplace
UK-2026-101983,2026-03-13,South,Hyderabad,Cotton Kurta Set,Fashion,2,1265.0,2530,CUST-18423,Website
UK-2026-103101,2026-05-10,South,Chennai,Noise-Cancelling Headphones,Electronics,1,9241.0,9241,CUST-56541,App
UK-2026-103947,2016-05-26,South,Bengaluru,Power Bank 20000mAh,Electronics,1,1823.0,1823,CUST-87490,Marketplace
UK-2026-103604,2026-05-10,North,Chandigarh,Ionic Hair Dryer,Beauty,3,1918.0,5754,CUST-88208,Website
UK-2026-103514,2026-05-22,South,Bengaluru,Silk Saree,Fashion,1,3480.0,3480,CUST-44200,Website
UK-2026-104907,2026-06-20,South,Kochi,Mixer Grinder 750W,Home & Kitchen,4,3322.0,13288,CUST-27144,Website
UK-2026-103296,2026-05-11,East,Kolkata,Wireless Earbuds Pro,Electronics,1,2958.0,2958,CUST-87054,Website
UK-2026-100061,2026-01-09,North,Delhi,Mixer Grinder 750W,Home & Kitchen,2,3383.0,6766,CUST-91426,Website
UK-2026-102388,2026-04-19,South,Hyderabad,Cotton Kurta Set,Fashion,2,1334.0,2668,CUST-48333,App
UK-2026-102706,2026-04-29,North,Noida,Makeup Brush Set,Beauty,1,1265.0,1265,CUST-71242,App
UK-2026-101495,2026-03-07,Central,Indore,Denim Jacket,Fashion,1,2288.0,2288,CUST-46034,Website
UK-2026-100009,2026-01-05,East,Guwahati,Foldable Treadmill T2,Sports,1,24137.0,24137,CUST-97198,App
UK-2026-101060,2026-02-08,Central,Raipur,Silk Saree,Fashion,1,3449.0,3449,CUST-53884,Marketplace
UK-2026-101116,2026-02-13,South,Bengaluru,Robot Vacuum R7,Home & Kitchen,1,18893.0,18893,CUST-72457,App
UK-2026-102242,2026-04-19,West,Pune,Mixer Grinder 750W,Home & Kitchen,1,3302.0,3302,CUST-20405,Website
UK-2026-103279,2026-05-25,North,Noida,Ethnic Dupatta,Fashion,2,517.0,1034,CUST-82515,App
UK-2026-103271,2026-05-01,North,Chandigarh,Mixer Grinder 750W,Home & Kitchen,1,3374.0,3374,CUST-19319,Marketplace
UK-2026-104516,2026-06-26,East,Patna,Silk Saree,Fashion,1,3630.0,3630,CUST-85124,App
UK-2026-100783,2026-02-19,East,Guwahati,Smart Watch X2,Electronics,1,4658.0,4658,CUST-74430,Marketplace
UK-2026-104364,2026-06-13,South,Kochi,Running Sneakers,Fashion,1,2833.0,2833,CUST-14093,Website
UK-2026-100964,2026-02-23,North,Gurugram,Face Wash Combo,Beauty,1,436.0,436,CUST-94365,App
UK-2026-101096,2026-02-06,East,Guwahati,Silk Saree,Fashion,2,3436.0,6872,CUST-29204,App
UK-2026-101538,2026-03-28,East,Patna,Cricket Bat English Willow,Sports,4,8768.0,35072,CUST-51714,Marketplace
UK-2026-101783,2026-03-07,North,Chandigarh,Wireless Earbuds Pro,Electronics,1,3079.0,3079,CUST-40802,Website
UK-2026-103353,2026-05-26,Central,Bhopal,Noise-Cancelling Headphones,Electronics,2,9207.0,18414,CUST-37450,Marketplace
UK-2026-100799,2026-02-20,West,Ahmedabad,Ultrabook Air 14,Electronics,2,28599.0,57198,CUST-83437,Website
UK-2026-104207,2026-06-17,North,Chandigarh,Smart Watch X2,Electronics,3,4675.0,14025,CUST-74260,Marketplace
UK-2026-103671,2026-05-05,East,Kolkata,43-inch Smart TV,Electronics,2,26337.0,52674,CUST-90741,Marketplace
UK-2026-104466,2026-06-10,North,Delhi,Mixer Grinder 750W,Home & Kitchen,1,3359.0,3359,CUST-96533,Website
UK-2026-101206,2026-02-12,North,Chandigarh,Cotton Bedsheet Set,Home & Kitchen,1,1440.0,1440,CUST-69950,Marketplace
UK-2026-103708,2026-05-14,Central,Indore,Non-Stick Cookware Set,Home & Kitchen,2,2798.0,5596,CUST-82512,App
UK-2026-103213,2026-05-19,West,Surat,Gym Gloves,Sports,2,502.0,1004,CUST-71918,Marketplace
UK-2026-101090,2026-02-04,North,Noida,Gym Gloves,Sports,2,488.0,976,CUST-41311,App
UK-2026-103498,2026-05-27,North,Gurugram,Ionic Hair Dryer,Beauty,3,1874.0,5622,CUST-36893,App
UK-2026-104369,2026-06-18,West,Ahmedabad,Smart Watch X2,Electronics,4,4704.0,18816,CUST-77152,Marketplace
UK-2026-101766,2026-03-19,North,Chandigarh,Cotton Kurta Set,Fashion,2,1281.0,2562,CUST-43107,Website
UK-2026-104333,2026-06-30,North,Chandigarh,Mixer Grinder 750W,Home & Kitchen,1,3350.0,3350,CUST-56338,Website
UK-2026-100383,2026-01-05,South,Bengaluru,Air Fryer 5L,Home & Kitchen,1,5587.0,5587,CUST-87346,App
UK-2026-101532,2026-03-06,North,Delhi,Denim Jacket,Fashion,1,2256.0,2256,CUST-62072,App
UK-2026-102324,2026-04-07,Central,Indore,Sunscreen SPF50,Beauty,2,551.0,1102,CUST-80580,Marketplace
UK-2026-102117,2026-03-14,North,Noida,Ionic Hair Dryer,Beauty,1,1963.0,1963,CUST-87698,Marketplace
UK-2026-103408,2026-05-08,South,Bengaluru,Dinner Set 24pc,Home & Kitchen,1,2528.0,2528,CUST-37579,Website
UK-2026-103959,2026-05-03,Central,Bhopal,Slim Fit Jeans,Fashion,1,1640.0,1640,CUST-26153,App
UK-2026-102757,2026-04-09,North,Delhi,Cricket Bat English Willow,Sports,1,9422.0,9422,CUST-27226,Website
UK-2026-103031,2026-04-20,Central,Indore,Air Fryer 5L,Home & Kitchen,2,5694.0,11388,CUST-14407,App
UK-2026-101896,2026-03-01,Central,Indore,Mixer Grinder 750W,Home & Kitchen,1,3182.0,3182,CUST-61697,Website
UK-2026-101294,2026-02-12,West,Mumbai,Wireless Earbuds Pro,Electronics,1,2961.0,2961,CUST-21054,App
UK-2026-103033,2026-04-26,West,Pune,Modern Wall Clock,Home & Kitchen,1,800.0,800,CUST-80831,Website
UK-2026-104040,2026-06-02,North,Chandigarh,Yoga Mat Pro,Sports,2,1149.0,2298,CUST-32327,Marketplace
UK-2026-100128,2026-01-01,South,Hyderabad,Wireless Earbuds Pro,Electronics,1,2897.0,2897,CUST-68612,App
UK-2026-101700,2026-03-08,West,Pune,Cricket Bat English Willow,Sports,1,9380.0,9380,CUST-38657,Website
UK-2026-103755,2026-05-13,South,Bengaluru,Air Fryer 5L,Home & Kitchen,1,5729.0,5729,CUST-49665,Website
UK-2026-103862,2026-05-24,North,Gurugram,Sunscreen SPF50,Beauty,1,542.0,542,CUST-32198,App
UK-2026-103919,2026-05-01,East,Guwahati,Badminton Racket Set,Sports,1,2551.0,2551,CUST-85124,Marketplace
UK-2026-103062,2026-04-15,North,Gurugram,Gym Gloves,Sports,1,475.0,475,CUST-82210,App
UK-2026-103715,2026-05-01,South,Bengaluru,43-inch Smart TV,Electronics,1,26270.0,26270,CUST-52787,Marketplace
UK-2026-101065,2026-02-27,West,Pune,Leather Wallet,Fashion,1,890.0,890,CUST-89691,Website
UK-2026-102805,2026-04-02,Central,Indore,Formal Shirt,Fashion,2,1078.0,2156,CUST-73013,Marketplace
UK-2026-102583,2026-04-09,South,Chennai,Formal Shirt,Fashion,1,1134.0,1134,CUST-99092,App
UK-2026-103581,2026-05-15,Central,Nagpur,Mixer Grinder 750W,Home & Kitchen,1,3292.0,3292,CUST-99767,App
UK-2026-102333,2026-04-24,North,Noida,Power Bank 20000mAh,Electronics,1,1853.0,1853,CUST-33722,Marketplace
UK-2026-103570,2026-05-02,North,Chandigarh,Bluetooth Speaker Mini,Electronics,1,1468.0,1468,CUST-94648,Marketplace
UK-2026-102211,2026-03-09,North,Gurugram,Yoga Mat Pro,Sports,1,1219.0,1219,CUST-91650,Website
UK-2026-104823,2026-06-17,North,Delhi,Cotton Kurta Set,Fashion,1,1288.0,1288,CUST-58961,Website
UK-2026-104079,2026-06-03,South,Chennai,Electric Kettle 1.5L,Home & Kitchen,2,1153.0,2306,CUST-13844,App
UK-2026-102290,2026-04-03,Central,Nagpur,Bluetooth Speaker Mini,Electronics,2,1540.0,3080,CUST-91481,App
UK-2026-101966,2026-03-24,North,Delhi,Ethnic Dupatta,Fashion,1,478.0,478,CUST-73120,App
UK-2026-101323,2026-02-09,South,Chennai,Ionic Hair Dryer,Beauty,1,1899.0,1899,CUST-42249,Website
UK-2026-103739,2026-05-29,North,Delhi,Cotton Kurta Set,Fashion,1,1261.0,1261,CUST-67040,App
UK-2026-100540,2026-01-07,South,Bengaluru,Makeup Brush Set,Beauty,2,1300.0,2600,CUST-70085,Website
UK-2026-102705,2026-04-28,South,Bengaluru,Robot Vacuum R7,Home & Kitchen,1,19548.0,19548,CUST-50355,App
UK-2026-101204,2026-02-25,West,Mumbai,Formal Shirt,Fashion,1,1142.0,1142,CUST-61116,App
UK-2026-103730,2026-05-29,South,Hyderabad,Badminton Racket Set,Sports,1,2534.0,2534,CUST-25349,App
UK-2026-103066,2026-04-14,Central,Nagpur,Air Fryer 5L,Home & Kitchen,4,5720.0,22880,CUST-80543,Marketplace
UK-2026-103531,2026-05-31,West,Surat,Matte Lipstick Set,Beauty,1,875.0,875,CUST-49927,App
UK-2026-102574,2026-04-05,North,Delhi,Makeup Brush Set,Beauty,2,1321.0,2642,CUST-63622,Marketplace
UK-2026-101576,2026-03-20,South,Kochi,Smart Watch X2,Electronics,1,4466.0,4466,CUST-52607,App
UK-2026-104759,2026-06-05,East,Kolkata,Modern Wall Clock,Home & Kitchen,1,813.0,813,CUST-73853,App
UK-2026-100330,2026-01-01,North,Gurugram,Vitamin C Serum,Beauty,1,715.0,715,CUST-32483,Website
UK-2026-102425,2026-04-22,West,Surat,Makeup Brush Set,Beauty,3,1316.0,3948,CUST-11167,App
UK-2026-100516,2026-01-23,North,Chandigarh,Dinner Set 24pc,Home & Kitchen,3,2380.0,7140,CUST-90054,App
UK-2026-104083,2026-06-21,South,Chennai,Foldable Treadmill T2,Sports,2,26014.0,52028,CUST-69149,Marketplace
UK-2026-102152,2026-03-30,Central,Indore,Non-Stick Cookware Set,Home & Kitchen,2,2921.0,5842,CUST-19828,Website
UK-2026-101414,2026-02-08,North,Chandigarh,Slim Fit Jeans,Fashion,2,1595.0,3190,CUST-18224,Marketplace
UK-2026-104958,2026-06-14,East,Patna,Makeup Brush Set,Beauty,2,1347.0,2694,CUST-85909,Website
UK-2026-101787,2026-03-21,South,Bengaluru,Formal Shirt,Fashion,1,1131.0,1131,CUST-27473,Website
UK-2026-101965,2026-03-15,North,Gurugram,Wireless Earbuds Pro,Electronics,2,2928.0,5856,CUST-37895,App
UK-2026-101956,2026-03-29,South,Bengaluru,Robot Vacuum R7,Home & Kitchen,2,18906.0,37812,CUST-80559,Marketplace
UK-2026-100162,2026-01-30,Central,Bhopal,Cotton Kurta Set,Fashion,1,1265.0,1265,CUST-98614,App
UK-2026-100620,2026-01-15,North,Noida,Noise-Cancelling Headphones,Electronics,1,9251.0,9251,CUST-68962,App
UK-2026-100817,2026-02-09,East,Bhubaneswar,Denim Jacket,Fashion,1,2117.0,2117,CUST-30816,App
UK-2026-103856,2026-05-22,South,Chennai,Running Sneakers,Fashion,2,2817.0,5634,CUST-12504,App
UK-2026-100325,2026-01-02,North,Chandigarh,Badminton Racket Set,Sports,1,2549.0,2549,CUST-79474,App
UK-2026-103675,2026-05-07,North,Chandigarh,Adjustable Dumbbells 15kg,Sports,1,4975.0,4975,CUST-12346,Marketplace
UK-2026-102526,2026-04-30,South,Kochi,Robot Vacuum R7,Home & Kitchen,1,18481.0,18481,CUST-75865,Website
UK-2026-100453,2026-01-31,North,Chandigarh,Dinner Set 24pc,Home & Kitchen,1,2375.0,2375,CUST-69195,Marketplace
UK-2026-100828,2026-02-09,South,Hyderabad,Vitamin C Serum,Beauty,1,693.0,693,CUST-73853,Website
UK-2026-104929,2026-06-14,South,Bengaluru,Makeup Brush Set,Beauty,1,1318.0,1318,CUST-30276,Website
UK-2026-101137,2026-02-11,Central,Indore,Running Sneakers,Fashion,1,2856.0,2856,CUST-22228,App
UK-2026-101186,2026-02-12,North,Gurugram,Gym Gloves,Sports,1,518.0,518,CUST-90457,App
UK-2026-103704,2026-05-24,South,Hyderabad,Cricket Bat English Willow,Sports,1,8622.0,8622,CUST-76394,Website
UK-2026-102559,2026-04-19,North,Delhi,Slim Fit Jeans,Fashion,1,1536.0,1536,CUST-58961,App
UK-2026-101500,2026-03-22,South,Kochi,Non-Stick Cookware Set,Home & Kitchen,1,2887.0,2887,CUST-58704,App
UK-2026-101048,2026-02-05,South,Kochi,Cotton Bedsheet Set,Home & Kitchen,1,1390.0,1390,CUST-18703,Website
UK-2026-104562,2026-06-06,South,Hyderabad,Face Wash Combo,Beauty,1,441.0,441,CUST-76875,Website
UK-2026-100473,2026-01-29,South,Hyderabad,Badminton Racket Set,Sports,2,2442.0,4884,CUST-51156,App
UK-2026-100948,2026-02-08,Central,Bhopal,Leather Wallet,Fashion,1,892.0,892,CUST-19724,Website
UK-2026-103334,2026-05-23,West,Ahmedabad,Mirrorless Camera Lite,Electronics,1,29418.0,29418,CUST-59254,App
UK-2026-104713,2026-06-03,South,Bengaluru,Mirrorless Camera Lite,Electronics,1,28608.0,28608,CUST-31363,Website
UK-2026-102537,2026-04-23,Central,Raipur,Noise-Cancelling Headphones,Electronics,1,9040.0,9040,CUST-38420,Website
UK-2026-102483,2026-04-16,North,Gurugram,Mirrorless Camera Lite,Electronics,1,28211.0,28211,CUST-97250,Marketplace
UK-2026-102727,2026-04-12,East,Kolkata,Ethnic Dupatta,Fashion,2,498.0,996,CUST-73050,App
UK-2026-100739,2026-02-12,East,Kolkata,Wireless Earbuds Pro,Electronics,1,3138.0,3138,CUST-54519,Marketplace
UK-2026-101659,2026-03-13,North,Gurugram,Mirrorless Camera Lite,Electronics,1,29378.0,29378,CUST-17985,Website
UK-2026-103267,2026-05-22,North,Gurugram,Bluetooth Speaker Mini,Electronics,1,1472.0,1472,CUST-38415,Marketplace
UK-2026-104939,2026-06-08,East,Bhubaneswar,Cotton Kurta Set,Fashion,2,1243.0,2486,CUST-49680,Marketplace
UK-2026-104945,2026-06-04,North,Delhi,Robot Vacuum R7,Home & Kitchen,2,18151.0,36302,CUST-22311,App
UK-2026-104856,2026-06-21,North,Delhi,Leather Wallet,Fashion,1,894.0,894,CUST-33184,App
UK-2026-101426,2026-02-14,South,Chennai,Noise-Cancelling Headphones,Electronics,1,9051.0,9051,CUST-91650,App
UK-2026-102090,2026-03-14,East,Patna,Wireless Earbuds Pro,Electronics,1,3083.0,3083,CUST-26492,Marketplace
UK-2026-100752,2026-02-12,South,Kochi,Cotton Bedsheet Set,Home & Kitchen,2,1463.0,2926,CUST-71092,App
UK-2026-102163,2026-03-23,South,Hyderabad,Electric Kettle 1.5L,Home & Kitchen,1,1121.0,1121,CUST-42078,Website
UK-2026-100278,2026-01-03,West,Ahmedabad,Leather Wallet,Fashion,3,886.0,2658,CUST-40253,App
UK-2026-101121,2026-02-09,South,Chennai,Mirrorless Camera Lite,Electronics,1,29388.0,29388,CUST-13844,Website
UK-2026-101465,2026-03-29,South,Hyderabad,Cotton Kurta Set,Fashion,1,1263.0,1263,CUST-43432,App
UK-2026-102095,2026-03-21,West,Ahmedabad,Football Size 5,Sports,1,855.0,855,CUST-66598,Marketplace
UK-2026-102593,2026-04-22,North,Delhi,Denim Jacket,Fashion,1,2201.0,2201,CUST-25349,Website
UK-2026-100313,2026-01-20,North,Noida,Power Bank 20000mAh,Electronics,1,1867.0,1867,CUST-99092,Marketplace
UK-2026-101998,2026-03-06,West,Ahmedabad,Cotton Bedsheet Set,Home & Kitchen,1,1331.0,1331,CUST-51803,Marketplace
UK-2026-103552,2026-05-10,North,Chandigarh,Noise-Cancelling Headphones,Electronics,2,9129.0,18258,CUST-16886,Marketplace
UK-2026-100564,2026-01-18,South,Hyderabad,Wireless Earbuds Pro,Electronics,1,3077.0,3077,CUST-91738,Website
UK-2026-103171,2026-05-15,West,Mumbai,Denim Jacket,Fashion,1,2116.0,2116,CUST-16067,Website
UK-2026-104733,2026-06-29,West,Ahmedabad,Wireless Earbuds Pro,Electronics,1,2991.0,2991,CUST-71918,Marketplace
UK-2026-100963,2026-02-05,Central,Bhopal,Foldable Treadmill T2,Sports,1,24986.0,24986,CUST-35074,App
UK-2026-103238,2026-05-29,North,Noida,Wireless Earbuds Pro,Electronics,2,3125.0,6250,CUST-38916,App
UK-2026-100685,2026-01-31,West,Surat,Air Fryer 5L,Home & Kitchen,2,5614.0,11228,CUST-83437,App
UK-2026-100136,2026-01-25,North,Delhi,Running Sneakers,Fashion,1,2719.0,2719,CUST-80558,App
UK-2026-101363,2026-02-24,South,Kochi,Beard Grooming Kit,Beauty,1,963.0,963,CUST-27056,App
UK-2026-100398,2026-01-18,West,Pune,43-inch Smart TV,Electronics,1,26872.0,26872,CUST-95086,App
UK-2026-104088,2026-06-17,East,Guwahati,Yoga Mat Pro,Sports,1,1213.0,1213,CUST-83378,Website
UK-2026-103358,2026-05-05,South,Kochi,Adjustable Dumbbells 15kg,Sports,2,5230.0,10460,CUST-23876,Marketplace
UK-2026-101947,2026-03-16,East,Kolkata,Power Bank 20000mAh,Electronics,2,1794.0,3588,CUST-82889,App
UK-2026-103137,2026-05-07,South,Chennai,Ultrabook Air 14,Electronics,1,30010.0,30010,CUST-85084,Website
UK-2026-101191,2026-02-11,North,Gurugram,Football Size 5,Sports,1,877.0,877,CUST-22533,Marketplace
UK-2026-103955,2026-05-11,East,Kolkata,Electric Kettle 1.5L,Home & Kitchen,1,1047.0,1047,CUST-35901,Website
UK-2026-104921,2026-06-12,North,Delhi,Ethnic Dupatta,Fashion,1,504.0,504,CUST-40937,App
UK-2026-101597,2026-03-15,East,Kolkata,Cotton Kurta Set,Fashion,1,1288.0,1288,CUST-48691,Website
UK-2026-101356,2026-02-07,South,Kochi,Foldable Treadmill T2,Sports,1,24742.0,24742,CUST-24346,App
UK-2026-103577,2026-05-15,North,Delhi,Noise-Cancelling Headphones,Electronics,1,8976.0,8976,CUST-66875,Marketplace
UK-2026-104621,2026-06-12,East,Patna,Running Sneakers,Fashion,1,2764.0,2764,CUST-31710,App
UK-2026-101667,2026-03-24,North,Noida,Leather Wallet,Fashion,1,904.0,904,CUST-98338,App
UK-2026-101501,2026-03-01,South,Hyderabad,Mirrorless Camera Lite,Electronics,1,29847.0,29847,CUST-85318,Website
UK-2026-100805,2026-02-17,Central,Indore,Ultrabook Air 14,Electronics,1,29685.0,29685,CUST-20300,Website
UK-2026-104994,2026-06-30,South,Kochi,Yoga Mat Pro,Sports,1,1154.0,1154,CUST-16886,Marketplace
UK-2026-100298,2026-01-13,North,Noida,Yoga Mat Pro,Sports,1,1164.0,1164,CUST-83765,Website
UK-2026-104844,2026-06-21,South,Hyderabad,43-inch Smart TV,Electronics,1,25715.0,25715,CUST-18111,Website
UK-2026-104894,2026-06-17,West,Surat,Non-Stick Cookware Set,Home & Kitchen,1,2825.0,2825,CUST-87347,Marketplace
UK-2026-101118,2026-02-13,Central,Bhopal,Modern Wall Clock,Home & Kitchen,1,797.0,797,CUST-28153,App
UK-2026-102265,2026-04-23,North,Delhi,Electric Kettle 1.5L,Home & Kitchen,1,1061.0,1061,CUST-76780,App
UK-2026-101240,2026-02-16,North,Delhi,Power Bank 20000mAh,Electronics,1,1798.0,1798,CUST-29367,Website
UK-2026-100694,2026-01-08,South,Chennai,Face Wash Combo,Beauty,2,462.0,924,CUST-83906,App
UK-2026-100239,2026-01-25,North,Gurugram,Cricket Bat English Willow,Sports,2,8712.0,17424,CUST-84755,App
UK-2026-104961,2026-06-04,North,Gurugram,Ethnic Dupatta,Fashion,1,488.0,488,CUST-57451,Website
UK-2026-103302,2026-05-29,West,Pune,Adjustable Dumbbells 15kg,Sports,1,4977.0,4977,CUST-63643,Website
UK-2026-100392,2026-01-24,East,Kolkata,Gym Gloves,Sports,3,505.0,1515,CUST-90192,Website
UK-2026-104570,2026-06-07,South,Kochi,Electric Kettle 1.5L,Home & Kitchen,1,1061.0,1061,CUST-47172,App
UK-2026-103659,2026-05-26,East,Guwahati,Running Sneakers,Fashion,1,2805.0,2805,CUST-62552,Marketplace
UK-2026-104578,2026-06-02,East,Guwahati,Non-Stick Cookware Set,Home & Kitchen,2,2923.0,5846,CUST-37492,Website
UK-2026-104376,2026-06-02,North,Delhi,Noise-Cancelling Headphones,Electronics,2,9304.0,18608,CUST-59155,Marketplace
UK-2026-103728,2026-05-15,South,Kochi,Mixer Grinder 750W,Home & Kitchen,1,3354.0,3354,CUST-68654,Website
UK-2026-100523,2026-01-03,West,Pune,Formal Shirt,Fashion,1,1103.0,1103,CUST-51862,Marketplace
UK-2026-103288,2026-05-12,North,Gurugram,Air Fryer 5L,Home & Kitchen,1,5561.0,5561,CUST-70959,Marketplace
UK-2026-103016,2026-04-30,North,Gurugram,Smart Watch X2,Electronics,3,4499.0,13497,CUST-73277,App
UK-2026-101498,2026-03-17,East,Patna,Silk Saree,Fashion,2,3574.0,7148,CUST-87490,Website
UK-2026-102174,2026-03-08,West,Mumbai,Vitamin C Serum,Beauty,1,707.0,707,CUST-22615,Marketplace
UK-2026-100036,2026-01-26,North,Delhi,Robot Vacuum R7,Home & Kitchen,2,18330.0,36660,CUST-71553,Website
UK-2026-100710,2026-01-04,West,Mumbai,Modern Wall Clock,Home & Kitchen,1,782.0,782,CUST-84229,Website
UK-2026-101721,2026-03-05,South,Chennai,Dinner Set 24pc,Home & Kitchen,1,2479.0,2479,CUST-88962,App
UK-2026-100524,2026-01-31,East,Kolkata,Yoga Mat Pro,Sports,1,1226.0,1226,CUST-72356,App
UK-2026-100396,2026-01-17,North,Noida,Electric Kettle 1.5L,Home & Kitchen,1,1142.0,1142,CUST-51803,App
UK-2026-102838,2026-04-16,North,Chandigarh,Makeup Brush Set,Beauty,1,1350.0,1350,CUST-68692,App
UK-2026-103108,2026-05-11,South,Hyderabad,Air Fryer 5L,Home & Kitchen,1,5331.0,5331,CUST-39966,App
UK-2026-104841,2026-06-01,West,Surat,Noise-Cancelling Headphones,Electronics,2,8672.0,17344,CUST-64151,App
UK-2026-103696,2026-05-26,North,Chandigarh,Air Fryer 5L,Home & Kitchen,2,5412.0,10824,CUST-49096,App
UK-2026-104315,2026-06-15,East,Patna,Football Size 5,Sports,1,924.0,924,CUST-32327,App
UK-2026-103812,2026-05-04,Central,Bhopal,Vitamin C Serum,Beauty,1,733.0,733,CUST-75730,Website
UK-2026-103009,2026-04-12,South,Kochi,Sunscreen SPF50,Beauty,1,528.0,528,CUST-64091,App
UK-2026-102707,2026-04-07,South,Hyderabad,Air Fryer 5L,Home & Kitchen,1,5239.0,5239,CUST-91481,App
UK-2026-103853,2026-05-21,West,Mumbai,Smart Watch X2,Electronics,3,4512.0,13536,CUST-40578,Marketplace
UK-2026-103014,2026-04-22,Central,Raipur,Leather Wallet,Fashion,2,868.0,1736,CUST-69950,Website
UK-2026-102258,2026-04-06,North,Delhi,Badminton Racket Set,Sports,1,2442.0,2442,CUST-59636,App
UK-2026-103524,2026-05-11,West,Surat,Beard Grooming Kit,Beauty,1,992.0,992,CUST-55160,Website
UK-2026-100412,2026-01-20,Central,Indore,Running Sneakers,Fashion,2,2821.0,5642,CUST-80543,App
UK-2026-102019,2026-03-14,North,Chandigarh,Gym Gloves,Sports,1,487.0,487,CUST-52159,App
UK-2026-104908,2026-06-03,Central,Raipur,Face Wash Combo,Beauty,1,434.0,434,CUST-79807,Website
UK-2026-103617,2026-05-29,South,Chennai,Wireless Earbuds Pro,Electronics,2,2902.0,5804,CUST-47189,Website
UK-2026-103096,2026-05-18,North,Noida,Sunscreen SPF50,Beauty,3,559.0,1677,CUST-58002,Marketplace
UK-2026-100509,2026-01-29,South,Kochi,Leather Wallet,Fashion,2,941.0,1882,CUST-47189,App
UK-2026-100577,2026-01-13,West,Surat,Beard Grooming Kit,Beauty,2,1043.0,2086,CUST-49927,App
UK-2026-104249,2026-06-19,North,Delhi,Foldable Treadmill T2,Sports,1,24252.0,24252,CUST-29255,App
UK-2026-103656,2026-05-10,North,Delhi,Cotton Bedsheet Set,Home & Kitchen,2,1446.0,2892,CUST-17803,Marketplace
UK-2026-104955,2026-06-04,Central,Raipur,Electric Kettle 1.5L,Home & Kitchen,1,1145.0,1145,CUST-81283,App
UK-2026-103795,2026-05-10,West,Pune,Formal Shirt,Fashion,1,1091.0,1091,CUST-74596,App
UK-2026-100889,2026-02-23,South,Chennai,Noise-Cancelling Headphones,Electronics,1,9390.0,9390,CUST-39543,App
UK-2026-102741,2026-04-05,West,Mumbai,Modern Wall Clock,Home & Kitchen,1,788.0,788,CUST-58436,Website
UK-2026-100255,2026-01-24,North,Noida,Mixer Grinder 750W,Home & Kitchen,1,3339.0,3339,CUST-45768,Marketplace
UK-2026-104484,2026-06-03,South,Kochi,Smart Watch X2,Electronics,2,4460.0,8920,CUST-99025,Marketplace
UK-2026-101841,2026-03-18,South,Chennai,Cycling Helmet,Sports,2,1524.0,3048,CUST-59922,Website
UK-2026-103545,2026-05-20,West,Mumbai,Mirrorless Camera Lite,Electronics,1,29294.0,29294,CUST-89274,App
UK-2026-101952,2026-03-01,North,Gurugram,Face Wash Combo,Beauty,1,462.0,462,CUST-35317,Website
UK-2026-100426,2026-01-29,North,Noida,Mixer Grinder 750W,Home & Kitchen,1,3159.0,3159,CUST-69236,App
UK-2026-104917,2026-06-10,North,Noida,Ionic Hair Dryer,Beauty,1,1871.0,1871,CUST-78836,App
UK-2026-102962,2026-04-18,South,Kochi,Modern Wall Clock,Home & Kitchen,2,833.0,1666,CUST-19207,Website
UK-2026-100074,2026-01-28,North,Delhi,Power Bank 20000mAh,Electronics,1,1764.0,1764,CUST-21971,App
UK-2026-101123,2026-02-02,South,Hyderabad,Denim Jacket,Fashion,1,2109.0,2109,CUST-52068,App
UK-2026-102874,2026-04-27,West,Mumbai,Adjustable Dumbbells 15kg,Sports,1,5060.0,5060,CUST-53371,Website
UK-2026-101453,2026-03-23,West,Surat,43-inch Smart TV,Electronics,1,26272.0,26272,CUST-18192,App
UK-2026-102029,2026-03-10,West,Surat,Face Wash Combo,Beauty,1,427.0,427,CUST-97198,Website
UK-2026-102153,2031-03-26,West,Surat,Running Sneakers,Fashion,1,2694.0,2694,CUST-33616,App
UK-2026-102128,2026-03-01,Central,Raipur,Cotton Bedsheet Set,Home & Kitchen,1,1333.0,1333,CUST-31812,App
UK-2026-100490,2026-01-04,South,Kochi,43-inch Smart TV,Electronics,1,26564.0,26564,CUST-49665,Website
UK-2026-102764,2026-04-01,West,Surat,Electric Kettle 1.5L,Home & Kitchen,3,1075.0,3225,CUST-35161,Marketplace
UK-2026-103391,2026-05-20,North,Noida,Cycling Helmet,Sports,1,1555.0,1555,CUST-54657,Website
UK-2026-102131,2003-03-26,North,Noida,Robot Vacuum R7,Home & Kitchen,1,18477.0,18477,CUST-94662,App
UK-2026-102608,2026-04-03,West,Mumbai,Football Size 5,Sports,1,856.0,856,CUST-84402,Website
UK-2026-100421,2026-01-17,South,Chennai,Face Wash Combo,Beauty,1,452.0,452,CUST-90055,Marketplace
UK-2026-102149,2026-03-12,North,Delhi,Smart Watch X2,Electronics,1,4382.0,4382,CUST-79307,App
UK-2026-103863,2026-05-17,Central,Indore,Silk Saree,Fashion,1,3647.0,3647,CUST-14752,App
UK-2026-104555,2026-06-24,North,Delhi,43-inch Smart TV,Electronics,2,27173.0,54346,CUST-50258,Marketplace
UK-2026-104590,2026-06-22,North,Noida,Ionic Hair Dryer,Beauty,1,1863.0,1863,CUST-58208,Website
UK-2026-103156,2026-05-14,West,Ahmedabad,Mirrorless Camera Lite,Electronics,2,30104.0,60208,CUST-16848,App
UK-2026-100428,2026-01-24,East,Bhubaneswar,Ethnic Dupatta,Fashion,1,507.0,507,CUST-36009,Marketplace
UK-2026-101165,2026-02-08,West,Ahmedabad,Slim Fit Jeans,Fashion,1,1581.0,1581,CUST-66202,App
UK-2026-103938,2026-05-24,West,Mumbai,Leather Wallet,Fashion,1,912.0,912,CUST-79950,App
UK-2026-103561,2026-05-17,North,Delhi,Foldable Treadmill T2,Sports,1,24649.0,24649,CUST-20942,Website
UK-2026-101677,2026-03-05,North,Noida,Sunscreen SPF50,Beauty,1,576.0,576,CUST-85517,App
UK-2026-104317,2026-06-13,Central,Bhopal,Mixer Grinder 750W,Home & Kitchen,1,3304.0,3304,CUST-33476,App
UK-2026-100619,2026-01-19,South,Bengaluru,Bluetooth Speaker Mini,Electronics,2,1560.0,3120,CUST-45152,App
UK-2026-103607,2026-05-07,East,Patna,Slim Fit Jeans,Fashion,1,1630.0,1630,CUST-94026,Website
UK-2026-102497,2026-04-12,South,Bengaluru,Gym Gloves,Sports,1,511.0,511,CUST-26153,App
UK-2026-102680,2026-04-30,East,Kolkata,Yoga Mat Pro,Sports,2,1200.0,2400,CUST-62298,Marketplace
UK-2026-103299,2026-05-09,North,Chandigarh,Formal Shirt,Fashion,1,1142.0,1142,CUST-65549,Website
UK-2026-102978,2026-04-27,South,Kochi,Eau de Parfum 100ml,Beauty,4,2069.0,8276,CUST-81809,App
UK-2026-100125,2026-01-08,South,Bengaluru,43-inch Smart TV,Electronics,1,26952.0,26952,CUST-33091,App
UK-2026-103913,2026-05-20,Central,Raipur,Football Size 5,Sports,1,919.0,919,CUST-95808,App
UK-2026-102336,2026-04-11,East,Guwahati,Mixer Grinder 750W,Home & Kitchen,1,3414.0,3414,CUST-90373,Website
UK-2026-103756,2026-05-26,Central,Nagpur,Football Size 5,Sports,2,860.0,1720,CUST-31480,App
UK-2026-104782,2026-06-28,East,Bhubaneswar,Non-Stick Cookware Set,Home & Kitchen,2,3016.0,6032,CUST-45152,App
UK-2026-104931,2026-06-22,North,Delhi,Noise-Cancelling Headphones,Electronics,1,9346.0,9346,CUST-15131,Website
UK-2026-101658,2026-03-13,South,Chennai,Noise-Cancelling Headphones,Electronics,2,9114.0,18228,CUST-32997,Marketplace
UK-2026-102891,2026-04-06,East,Patna,Dinner Set 24pc,Home & Kitchen,2,2619.0,5238,CUST-45723,Website
UK-2026-101880,2026-03-27,North,Gurugram,43-inch Smart TV,Electronics,1,26586.0,26586,CUST-58002,Website
UK-2026-102801,2026-04-20,West,Surat,Modern Wall Clock,Home & Kitchen,1,817.0,817,CUST-48284,App
UK-2026-104137,2026-06-22,Central,Nagpur,Formal Shirt,Fashion,3,1086.0,3258,CUST-76669,App
UK-2026-102915,2026-04-07,South,Kochi,Modern Wall Clock,Home & Kitchen,2,798.0,1596,CUST-41663,Website
UK-2026-102560,2026-04-11,East,Guwahati,Electric Kettle 1.5L,Home & Kitchen,1,1116.0,1116,CUST-79381,Marketplace
UK-2026-101225,2028-02-26,Central,Indore,Noise-Cancelling Headphones,Electronics,1,8631.0,8631,CUST-43923,App
UK-2026-101822,2026-03-06,North,Chandigarh,Noise-Cancelling Headphones,Electronics,1,9435.0,9435,CUST-45649,App
UK-2026-102057,2026-03-07,West,Pune,Denim Jacket,Fashion,1,2179.0,2179,CUST-70362,App
UK-2026-100131,2026-01-29,West,Ahmedabad,Ionic Hair Dryer,Beauty,1,1990.0,1990,CUST-56538,App
UK-2026-103198,2026-05-13,North,Noida,Vitamin C Serum,Beauty,1,686.0,686,CUST-50837,App
UK-2026-102549,2026-04-29,North,Delhi,43-inch Smart TV,Electronics,3,25334.0,76002,CUST-50462,Website
UK-2026-101825,2026-03-20,West,Surat,Dinner Set 24pc,Home & Kitchen,1,2437.0,2437,CUST-77360,App
UK-2026-104928,2026-06-21,North,Chandigarh,Adjustable Dumbbells 15kg,Sports,1,4820.0,4820,CUST-38415,Website
UK-2026-103084,2026-04-03,West,Pune,Cotton Bedsheet Set,Home & Kitchen,1,1411.0,1411,CUST-74486,Website
UK-2026-103960,2026-05-08,South,Hyderabad,Beard Grooming Kit,Beauty,1,1017.0,1017,CUST-71579,App
UK-2026-103649,2026-05-03,West,Pune,Foldable Treadmill T2,Sports,1,24442.0,24442,CUST-26492,App
UK-2026-104846,2026-06-04,North,Delhi,Matte Lipstick Set,Beauty,2,863.0,1726,CUST-61191,App
UK-2026-102847,2026-04-07,North,Gurugram,Formal Shirt,Fashion,4,1048.0,4192,CUST-54161,Website
UK-2026-103493,2026-05-25,Central,Nagpur,Ethnic Dupatta,Fashion,1,521.0,521,CUST-71304,Website
UK-2026-103997,2026-05-15,North,Chandigarh,Bluetooth Speaker Mini,Electronics,1,1500.0,1500,CUST-20994,App
UK-2026-101976,2026-03-05,Central,Indore,Cotton Kurta Set,Fashion,1,1311.0,1311,CUST-53017,App
UK-2026-102980,2026-04-27,West,Ahmedabad,Silk Saree,Fashion,2,3377.0,6754,CUST-75458,Website
UK-2026-100679,2026-01-03,North,Delhi,Cotton Bedsheet Set,Home & Kitchen,1,1378.0,1378,CUST-63622,Website
UK-2026-102151,2026-03-28,West,Surat,Adjustable Dumbbells 15kg,Sports,2,5015.0,10030,CUST-99035,App
UK-2026-103745,2026-05-21,South,Kochi,Ionic Hair Dryer,Beauty,4,1866.0,7464,CUST-22210,App
UK-2026-103749,2026-05-27,West,Pune,Denim Jacket,Fashion,1,2170.0,2170,CUST-76051,Website
UK-2026-103468,2026-05-02,North,Chandigarh,Bluetooth Speaker Mini,Electronics,1,1496.0,1496,CUST-37508,Marketplace
UK-2026-100025,2026-01-26,South,Hyderabad,Beard Grooming Kit,Beauty,1,1032.0,1032,CUST-12614,Website
UK-2026-101910,2026-03-18,West,Mumbai,43-inch Smart TV,Electronics,2,25931.0,51862,CUST-60159,Website
UK-2026-100790,2026-02-14,Central,Bhopal,Leather Wallet,Fashion,4,941.0,3764,CUST-96069,Marketplace
UK-2026-101586,2026-03-06,South,Bengaluru,Running Sneakers,Fashion,1,2679.0,2679,CUST-25531,App
UK-2026-103655,2026-05-05,North,Noida,Modern Wall Clock,Home & Kitchen,1,789.0,789,CUST-59543,App
UK-2026-102161,2026-03-29,South,Bengaluru,Yoga Mat Pro,Sports,1,1191.0,1191,CUST-38027,App
UK-2026-102255,2026-04-29,West,Mumbai,Mixer Grinder 750W,Home & Kitchen,2,3181.0,6362,CUST-41996,App
UK-2026-102110,2026-03-09,Central,Nagpur,Cricket Bat English Willow,Sports,3,9011.0,27033,CUST-70321,App
UK-2026-101012,2026-02-24,East,Kolkata,Eau de Parfum 100ml,Beauty,1,1930.0,1930,CUST-94091,Website
UK-2026-100223,2026-01-07,North,Noida,Gym Gloves,Sports,1,503.0,503,CUST-63624,App
UK-2026-102826,2026-04-25,South,Chennai,Cricket Bat English Willow,Sports,2,8853.0,17706,CUST-48814,App
UK-2026-104437,2026-06-15,West,Pune,Mirrorless Camera Lite,Electronics,4,29787.0,119148,CUST-72996,App
UK-2026-104588,2026-06-30,South,Hyderabad,Noise-Cancelling Headphones,Electronics,1,8644.0,8644,CUST-27473,App
UK-2026-100004,2026-01-23,Central,Raipur,43-inch Smart TV,Electronics,1,25838.0,25838,CUST-89558,Website
UK-2026-100882,2026-02-08,North,Chandigarh,Football Size 5,Sports,2,929.0,1858,CUST-50974,App
UK-2026-100214,2026-01-26,South,Chennai,Foldable Treadmill T2,Sports,3,25473.0,76419,CUST-11407,App
UK-2026-104277,2026-06-15,Central,Nagpur,Ionic Hair Dryer,Beauty,2,1844.0,3688,CUST-59155,App
UK-2026-104053,2026-06-06,South,Chennai,Dinner Set 24pc,Home & Kitchen,1,2387.0,2387,CUST-41663,Website
UK-2026-101378,2026-02-02,South,Hyderabad,Cotton Kurta Set,Fashion,2,1342.0,2684,CUST-16145,App
UK-2026-101377,2026-02-08,North,Noida,Football Size 5,Sports,1,886.0,886,CUST-48946,App
UK-2026-100544,2026-01-19,North,Noida,Smart Watch X2,Electronics,2,4294.0,8588,CUST-54519,Website
UK-2026-103942,2026-05-06,West,Pune,Foldable Treadmill T2,Sports,1,26012.0,26012,CUST-57687,App
UK-2026-104449,2026-06-10,West,Surat,Foldable Treadmill T2,Sports,1,23992.0,23992,CUST-31886,Marketplace
UK-2026-101055,2026-02-09,West,Surat,Power Bank 20000mAh,Electronics,3,1763.0,5289,CUST-38792,App
UK-2026-100502,2026-01-01,West,Pune,Non-Stick Cookware Set,Home & Kitchen,1,2838.0,2838,CUST-75247,Website
UK-2026-104815,2026-06-16,West,Surat,Formal Shirt,Fashion,2,1095.0,2190,CUST-76088,App
UK-2026-101935,2026-03-07,West,Surat,Modern Wall Clock,Home & Kitchen,1,819.0,819,CUST-97250,App
UK-2026-103916,2026-05-29,North,Gurugram,Football Size 5,Sports,2,909.0,1818,CUST-58703,Marketplace
UK-2026-104797,2026-06-02,West,Pune,Bluetooth Speaker Mini,Electronics,1,1435.0,1435,CUST-91373,Marketplace
UK-2026-100702,2026-01-16,North,Noida,Power Bank 20000mAh,Electronics,1,1767.0,1767,CUST-21802,Marketplace
UK-2026-103507,2026-05-08,South,Chennai,Cricket Bat English Willow,Sports,1,8958.0,8958,CUST-58568,Website
UK-2026-102326,2026-04-19,East,Patna,Makeup Brush Set,Beauty,1,1256.0,1256,CUST-23071,Website
UK-2026-104468,2026-06-02,North,Chandigarh,Running Sneakers,Fashion,3,2819.0,8457,CUST-26944,App
UK-2026-100442,2026-01-23,North,Gurugram,Leather Wallet,Fashion,1,891.0,891,CUST-82512,App
UK-2026-100691,2026-01-28,West,Pune,Air Fryer 5L,Home & Kitchen,2,5324.0,10648,CUST-73532,Website
UK-2026-101183,2014-02-26,North,Noida,Face Wash Combo,Beauty,1,454.0,454,CUST-54443,App
UK-2026-101684,2026-03-18,South,Kochi,43-inch Smart TV,Electronics,2,26167.0,52334,CUST-67026,Website
UK-2026-104242,2026-06-13,North,Chandigarh,Slim Fit Jeans,Fashion,1,1659.0,1659,CUST-44030,App
UK-2026-101045,2026-02-09,East,Patna,43-inch Smart TV,Electronics,1,25155.0,25155,CUST-25775,App
UK-2026-104896,2026-06-25,West,Ahmedabad,Power Bank 20000mAh,Electronics,1,1887.0,1887,CUST-28101,Website
UK-2026-104356,2026-06-30,West,Mumbai,Foldable Treadmill T2,Sports,1,24320.0,24320,CUST-30905,App
UK-2026-101124,2026-02-23,West,Ahmedabad,Cycling Helmet,Sports,1,1608.0,1608,CUST-36239,Website
UK-2026-104881,2026-06-27,East,Kolkata,Power Bank 20000mAh,Electronics,3,1802.0,5406,CUST-68908,App
UK-2026-103203,2026-05-30,Central,Indore,Cotton Bedsheet Set,Home & Kitchen,1,1453.0,1453,CUST-38027,Website
UK-2026-103402,2026-05-09,East,Bhubaneswar,Air Fryer 5L,Home & Kitchen,4,5665.0,22660,CUST-45199,App
UK-2026-103383,2026-05-27,Central,Bhopal,Ionic Hair Dryer,Beauty,2,1927.0,3854,CUST-62999,App
UK-2026-103877,2026-05-01,South,Chennai,Makeup Brush Set,Beauty,1,1262.0,1262,CUST-58208,Marketplace
UK-2026-104436,2026-06-06,West,Mumbai,Cotton Kurta Set,Fashion,1,1333.0,1333,CUST-96873,Marketplace
UK-2026-103958,2026-05-17,North,Gurugram,Ultrabook Air 14,Electronics,1,28841.0,28841,CUST-32354,Website
UK-2026-102010,2026-03-02,East,Guwahati,Ultrabook Air 14,Electronics,1,29115.0,29115,CUST-37579,Marketplace
UK-2026-101970,2026-03-28,East,Bhubaneswar,Non-Stick Cookware Set,Home & Kitchen,1,3036.0,3036,CUST-55909,App
UK-2026-104285,2026-06-02,South,Kochi,Robot Vacuum R7,Home & Kitchen,1,18569.0,18569,CUST-21436,Marketplace
UK-2026-102529,2026-04-07,East,Kolkata,Bluetooth Speaker Mini,Electronics,1,1437.0,1437,CUST-51839,App
UK-2026-101470,2026-03-31,South,Kochi,Cotton Kurta Set,Fashion,1,1305.0,1305,CUST-87952,Website
UK-2026-101439,2026-02-06,South,Kochi,Formal Shirt,Fashion,1,1091.0,1091,CUST-50219,Website
UK-2026-102873,2026-04-19,South,Chennai,Foldable Treadmill T2,Sports,1,25421.0,25421,CUST-26153,Website
UK-2026-101180,2026-02-13,West,Pune,Electric Kettle 1.5L,Home & Kitchen,1,1147.0,1147,CUST-48296,Website
UK-2026-102176,2026-03-30,North,Noida,Cycling Helmet,Sports,1,1652.0,1652,CUST-83647,App
UK-2026-104798,2026-06-30,North,Delhi,Dinner Set 24pc,Home & Kitchen,4,2449.0,9796,CUST-73665,App
UK-2026-102396,2009-04-26,West,Surat,Wireless Earbuds Pro,Electronics,1,2885.0,2885,CUST-96983,Marketplace
UK-2026-100224,2026-01-01,West,Pune,Wireless Earbuds Pro,Electronics,1,2865.0,2865,CUST-23555,App
UK-2026-103859,2026-05-27,West,Surat,Bluetooth Speaker Mini,Electronics,1,1487.0,1487,CUST-62552,App
UK-2026-103295,2026-05-21,Central,Indore,Dinner Set 24pc,Home & Kitchen,3,2404.0,7212,CUST-73050,Marketplace
UK-2026-103254,2026-05-09,South,Bengaluru,Vitamin C Serum,Beauty,1,702.0,702,CUST-40767,Website
UK-2026-100553,2026-01-26,North,Noida,Ionic Hair Dryer,Beauty,2,1969.0,3938,CUST-17329,App
UK-2026-104422,2026-06-22,South,Chennai,Noise-Cancelling Headphones,Electronics,1,8904.0,8904,CUST-82839,Marketplace
UK-2026-101524,2026-03-23,North,Gurugram,Silk Saree,Fashion,1,3569.0,3569,CUST-71957,Marketplace
UK-2026-101238,2026-02-08,West,Ahmedabad,Badminton Racket Set,Sports,1,2526.0,2526,CUST-77557,Marketplace
UK-2026-104673,2026-06-18,South,Chennai,Sunscreen SPF50,Beauty,1,548.0,548,CUST-18161,App
UK-2026-101031,2026-02-24,North,Chandigarh,Ethnic Dupatta,Fashion,2,475.0,950,CUST-15796,App
UK-2026-104506,2026-06-05,South,Chennai,Cotton Bedsheet Set,Home & Kitchen,1,1410.0,1410,CUST-76747,Website
UK-2026-102188,2026-03-19,West,Pune,Electric Kettle 1.5L,Home & Kitchen,2,1074.0,2148,CUST-25101,App
UK-2026-104322,2026-06-10,East,Kolkata,Bluetooth Speaker Mini,Electronics,1,1564.0,1564,CUST-75326,App
UK-2026-103230,2026-05-20,South,Chennai,Non-Stick Cookware Set,Home & Kitchen,1,2891.0,2891,CUST-27530,App
UK-2026-102245,2026-04-27,East,Patna,Running Sneakers,Fashion,1,2684.0,2684,CUST-63040,Website
UK-2026-102239,2026-03-01,South,Bengaluru,Football Size 5,Sports,2,880.0,1760,CUST-37506,App
UK-2026-102101,2026-03-30,East,Bhubaneswar,Ultrabook Air 14,Electronics,1,28688.0,28688,CUST-70925,Marketplace
UK-2026-100535,2026-01-13,Central,Raipur,Wireless Earbuds Pro,Electronics,1,2859.0,2859,CUST-23876,Website
UK-2026-101460,2026-03-03,South,Hyderabad,Adjustable Dumbbells 15kg,Sports,1,4776.0,4776,CUST-91101,App
UK-2026-100920,2026-02-20,South,Kochi,Ethnic Dupatta,Fashion,1,492.0,492,CUST-59952,App
UK-2026-101693,2026-03-06,East,Guwahati,Cotton Kurta Set,Fashion,1,1253.0,1253,CUST-95808,Website
UK-2026-101552,2026-03-07,East,Guwahati,Running Sneakers,Fashion,1,2662.0,2662,CUST-36009,App
UK-2026-100688,2026-01-28,North,Gurugram,Leather Wallet,Fashion,2,922.0,1844,CUST-37492,App
UK-2026-102298,2026-04-07,South,Kochi,Eau de Parfum 100ml,Beauty,1,2016.0,2016,CUST-21527,Website
UK-2026-102523,2026-04-23,West,Mumbai,Sunscreen SPF50,Beauty,2,565.0,1130,CUST-82815,App
UK-2026-102658,2026-04-21,West,Pune,Badminton Racket Set,Sports,1,2376.0,2376,CUST-48639,App
UK-2026-101007,2026-02-25,South,Bengaluru,Air Fryer 5L,Home & Kitchen,4,5386.0,21544,CUST-71897,Marketplace
UK-2026-103846,2026-05-18,West,Pune,43-inch Smart TV,Electronics,2,25215.0,50430,CUST-67388,Marketplace
UK-2026-100649,2026-01-23,Central,Raipur,Running Sneakers,Fashion,1,2812.0,2812,CUST-51862,Marketplace
UK-2026-100429,2026-01-17,Central,Indore,Wireless Earbuds Pro,Electronics,1,3102.0,3102,CUST-70699,Website
UK-2026-101688,2026-03-03,North,Gurugram,Cycling Helmet,Sports,1,1566.0,1566,CUST-72294,Website
UK-2026-102442,2026-04-17,Central,Bhopal,Dinner Set 24pc,Home & Kitchen,3,2534.0,7602,CUST-26137,App
UK-2026-101771,2026-03-20,Central,Indore,Leather Wallet,Fashion,1,861.0,861,CUST-82919,Marketplace
UK-2026-101903,2026-03-24,North,Chandigarh,Beard Grooming Kit,Beauty,1,1023.0,1023,CUST-91650,App
UK-2026-103750,2026-05-21,West,Surat,Sunscreen SPF50,Beauty,2,568.0,1136,CUST-50219,Website
UK-2026-101833,2026-03-02,Central,Nagpur,Slim Fit Jeans,Fashion,1,1548.0,1548,CUST-65435,Website
UK-2026-102158,2026-03-05,South,Bengaluru,Slim Fit Jeans,Fashion,1,1520.0,1520,CUST-21971,App
UK-2026-103375,2026-05-30,West,Mumbai,Ultrabook Air 14,Electronics,1,31331.0,31331,CUST-96424,Marketplace
UK-2026-101440,2026-02-11,West,Mumbai,Non-Stick Cookware Set,Home & Kitchen,1,2849.0,2849,CUST-60364,App
UK-2026-104822,2026-06-01,South,Kochi,Slim Fit Jeans,Fashion,1,1678.0,1678,CUST-10158,Website
UK-2026-101689,2026-03-19,South,Kochi,Running Sneakers,Fashion,1,2841.0,2841,CUST-28377,App
UK-2026-102312,2026-04-28,South,Kochi,Ethnic Dupatta,Fashion,1,486.0,486,CUST-77271,Website
UK-2026-100137,2026-01-05,Central,Nagpur,Slim Fit Jeans,Fashion,1,1569.0,1569,CUST-40253,Website
UK-2026-103381,2026-05-08,Central,Nagpur,Football Size 5,Sports,1,883.0,883,CUST-66445,Website
UK-2026-100335,2026-01-15,East,Guwahati,Bluetooth Speaker Mini,Electronics,1,1559.0,1559,CUST-18306,Website
UK-2026-104625,2026-06-16,West,Pune,Non-Stick Cookware Set,Home & Kitchen,2,3010.0,6020,CUST-71664,App
UK-2026-103429,2026-05-20,West,Ahmedabad,Cotton Kurta Set,Fashion,1,1354.0,1354,CUST-45649,Website
UK-2026-103036,2026-04-11,Central,Raipur,Cricket Bat English Willow,Sports,1,9346.0,9346,CUST-44436,Website
UK-2026-103237,2026-05-02,West,Pune,Gym Gloves,Sports,2,504.0,1008,CUST-16759,Marketplace
UK-2026-102394,2026-04-14,North,Chandigarh,Sunscreen SPF50,Beauty,1,536.0,536,CUST-46866,Website
UK-2026-104897,2026-06-10,South,Bengaluru,Wireless Earbuds Pro,Electronics,1,3082.0,3082,CUST-85084,Website
UK-2026-100533,2026-01-18,Central,Raipur,Cycling Helmet,Sports,1,1601.0,1601,CUST-43985,Website
UK-2026-102204,2026-03-18,West,Ahmedabad,Leather Wallet,Fashion,1,899.0,899,CUST-29318,App
UK-2026-103469,2026-05-05,South,Hyderabad,Air Fryer 5L,Home & Kitchen,1,5270.0,5270,CUST-14405,Website
UK-2026-101528,2026-03-07,Central,Nagpur,Bluetooth Speaker Mini,Electronics,1,1545.0,1545,CUST-83125,Website
UK-2026-101431,2026-02-27,West,Surat,Denim Jacket,Fashion,1,2176.0,2176,CUST-82749,App
UK-2026-104943,2026-06-10,West,Surat,Slim Fit Jeans,Fashion,2,1578.0,3156,CUST-44628,Website
UK-2026-103259,2026-05-27,South,Bengaluru,Leather Wallet,Fashion,1,869.0,869,CUST-52918,App
UK-2026-101003,2026-02-08,South,Bengaluru,Ionic Hair Dryer,Beauty,1,1845.0,1845,CUST-12741,App
UK-2026-104804,2026-06-13,South,Bengaluru,Dinner Set 24pc,Home & Kitchen,1,2424.0,2424,CUST-51934,Marketplace
UK-2026-101221,2026-02-13,South,Hyderabad,Makeup Brush Set,Beauty,1,1295.0,1295,CUST-87490,App
UK-2026-103605,2026-05-05,West,Mumbai,Cycling Helmet,Sports,1,1544.0,1544,CUST-41804,Website
UK-2026-103216,2026-05-30,South,Kochi,Smart Watch X2,Electronics,2,4556.0,9112,CUST-81841,App
UK-2026-103836,2026-05-11,Central,Bhopal,Formal Shirt,Fashion,1,1045.0,1045,CUST-79950,App
UK-2026-101603,2026-03-23,East,Guwahati,Adjustable Dumbbells 15kg,Sports,2,4942.0,9884,CUST-39411,App
UK-2026-100864,2026-02-21,West,Pune,Running Sneakers,Fashion,1,2885.0,2885,CUST-55898,App
UK-2026-102449,2026-04-29,East,Bhubaneswar,43-inch Smart TV,Electronics,1,26087.0,26087,CUST-58704,App
UK-2026-102769,2018-04-26,North,Noida,Noise-Cancelling Headphones,Electronics,2,9102.0,18204,CUST-87741,App
UK-2026-100104,2026-01-17,West,Mumbai,Power Bank 20000mAh,Electronics,1,1760.0,1760,CUST-71374,Website
UK-2026-100668,2026-01-23,West,Mumbai,Mirrorless Camera Lite,Electronics,1,27626.0,27626,CUST-15171,Marketplace
UK-2026-103355,2024-05-26,East,Guwahati,Air Fryer 5L,Home & Kitchen,1,5643.0,5643,CUST-29919,App
UK-2026-103118,2026-05-17,East,Bhubaneswar,Ethnic Dupatta,Fashion,3,503.0,1509,CUST-46587,App
UK-2026-100928,2026-02-07,South,Kochi,Dinner Set 24pc,Home & Kitchen,1,2497.0,2497,CUST-18377,Website
UK-2026-101987,2026-03-25,South,Hyderabad,Robot Vacuum R7,Home & Kitchen,4,19719.0,78876,CUST-58111,App
UK-2026-100438,2026-01-14,Central,Bhopal,Dinner Set 24pc,Home & Kitchen,1,2450.0,2450,CUST-70908,App
UK-2026-100615,2026-01-25,Central,Indore,Yoga Mat Pro,Sports,3,1166.0,3498,CUST-14300,App
UK-2026-101982,2026-03-20,West,Pune,Cotton Bedsheet Set,Home & Kitchen,1,1363.0,1363,CUST-56949,App
UK-2026-103573,2026-05-14,South,Kochi,Vitamin C Serum,Beauty,1,705.0,705,CUST-76698,Website
UK-2026-102763,2026-04-16,East,Guwahati,Matte Lipstick Set,Beauty,1,888.0,888,CUST-72034,Marketplace
UK-2026-100893,2026-02-20,South,Hyderabad,Power Bank 20000mAh,Electronics,2,1716.0,3432,CUST-14405,App
UK-2026-100272,2026-01-19,South,Hyderabad,Electric Kettle 1.5L,Home & Kitchen,1,1050.0,1050,CUST-47205,Marketplace
UK-2026-101851,2026-03-09,South,Chennai,Electric Kettle 1.5L,Home & Kitchen,2,1153.0,2306,CUST-99195,Marketplace
UK-2026-104056,2026-06-18,North,Noida,Modern Wall Clock,Home & Kitchen,1,788.0,788,CUST-98724,App
UK-2026-104321,2026-06-13,South,Hyderabad,Leather Wallet,Fashion,3,919.0,2757,CUST-47822,App
UK-2026-101026,2026-02-13,North,Noida,Ultrabook Air 14,Electronics,1,30609.0,30609,CUST-77097,Marketplace
UK-2026-104604,2026-06-20,South,Hyderabad,Cotton Bedsheet Set,Home & Kitchen,1,1428.0,1428,CUST-42076,App
UK-2026-100019,2026-01-08,North,Delhi,Sunscreen SPF50,Beauty,1,575.0,575,CUST-79027,App
UK-2026-102644,2026-04-03,South,Kochi,Power Bank 20000mAh,Electronics,3,1779.0,5337,CUST-96880,Website
UK-2026-100094,2026-01-15,North,Chandigarh,Wireless Earbuds Pro,Electronics,3,2972.0,8916,CUST-65255,App
UK-2026-104302,2026-06-04,East,Kolkata,Denim Jacket,Fashion,1,2263.0,2263,CUST-82062,App
UK-2026-101479,2026-03-29,West,Ahmedabad,Face Wash Combo,Beauty,3,448.0,1344,CUST-35161,App
UK-2026-104318,2026-06-09,West,Mumbai,Cricket Bat English Willow,Sports,1,8850.0,8850,CUST-63867,App
UK-2026-100418,2026-01-01,South,Chennai,Cotton Bedsheet Set,Home & Kitchen,1,1461.0,1461,CUST-22957,App
UK-2026-104739,2026-06-07,North,Delhi,Modern Wall Clock,Home & Kitchen,1,787.0,787,CUST-83765,Website
UK-2026-105000,2026-06-29,East,Kolkata,Face Wash Combo,Beauty,1,433.0,433,CUST-71333,App
UK-2026-104267,2026-06-14,South,Chennai,Ionic Hair Dryer,Beauty,3,1955.0,5865,CUST-51934,Website
UK-2026-104140,2026-06-23,East,Patna,Air Fryer 5L,Home & Kitchen,2,5382.0,10764,CUST-33053,Website
UK-2026-103550,2026-05-26,West,Surat,Electric Kettle 1.5L,Home & Kitchen,1,1075.0,1075,CUST-34084,Website
UK-2026-104110,2026-06-23,South,Kochi,Face Wash Combo,Beauty,2,439.0,878,CUST-71155,App
UK-2026-100658,2026-01-08,East,Kolkata,Vitamin C Serum,Beauty,1,692.0,692,CUST-88275,Marketplace
UK-2026-100380,2026-01-24,Central,Indore,Cycling Helmet,Sports,2,1545.0,3090,CUST-81873,Website
UK-2026-103852,2026-05-28,South,Hyderabad,Badminton Racket Set,Sports,1,2376.0,2376,CUST-22943,Marketplace
UK-2026-102164,2026-03-29,North,Delhi,Mixer Grinder 750W,Home & Kitchen,1,3211.0,3211,CUST-88591,Website
UK-2026-101945,2026-03-13,West,Ahmedabad,Wireless Earbuds Pro,Electronics,2,3066.0,6132,CUST-82488,Marketplace
UK-2026-101627,2026-03-04,West,Mumbai,Cotton Kurta Set,Fashion,1,1298.0,1298,CUST-15419,App
UK-2026-103240,2026-05-29,Central,Bhopal,Non-Stick Cookware Set,Home & Kitchen,1,2987.0,2987,CUST-14093,Marketplace
UK-2026-101412,2026-02-27,Central,Raipur,Noise-Cancelling Headphones,Electronics,1,8562.0,8562,CUST-94459,App
UK-2026-101950,2026-03-25,North,Gurugram,Power Bank 20000mAh,Electronics,1,1798.0,1798,CUST-76747,Marketplace
UK-2026-101716,2026-03-10,North,Gurugram,Power Bank 20000mAh,Electronics,2,1764.0,3528,CUST-11235,Website
UK-2026-100824,2026-02-09,East,Guwahati,Running Sneakers,Fashion,1,2666.0,2666,CUST-64135,App
UK-2026-102270,2026-04-16,North,Delhi,Ionic Hair Dryer,Beauty,3,1961.0,5883,CUST-38673,Website
UK-2026-104017,2026-05-19,North,Noida,Non-Stick Cookware Set,Home & Kitchen,2,2784.0,5568,CUST-85517,Website
UK-2026-100056,2026-01-26,South,Chennai,Football Size 5,Sports,1,918.0,918,CUST-45429,Website
UK-2026-103878,2026-05-11,Central,Indore,Matte Lipstick Set,Beauty,3,931.0,2793,CUST-91910,Website
UK-2026-104780,2026-06-11,South,Hyderabad,Robot Vacuum R7,Home & Kitchen,1,19235.0,19235,CUST-32424,Marketplace
UK-2026-103181,2026-05-06,North,Gurugram,Matte Lipstick Set,Beauty,2,910.0,1820,CUST-31509,Website
UK-2026-104281,2026-06-06,Central,Bhopal,Air Fryer 5L,Home & Kitchen,1,5638.0,5638,CUST-21054,Website
UK-2026-102030,2026-03-22,North,Noida,Ultrabook Air 14,Electronics,1,30143.0,30143,CUST-90166,Website
UK-2026-101656,2026-03-24,North,Noida,Air Fryer 5L,Home & Kitchen,1,5689.0,5689,CUST-44868,Website
UK-2026-103576,2026-05-27,West,Surat,Gym Gloves,Sports,2,499.0,998,CUST-93873,Website
UK-2026-101537,2026-03-25,South,Hyderabad,Electric Kettle 1.5L,Home & Kitchen,1,1061.0,1061,CUST-54939,Website
UK-2026-101779,2026-03-03,East,Guwahati,Ionic Hair Dryer,Beauty,2,1918.0,3836,CUST-17670,Website
UK-2026-101157,2026-02-28,West,Mumbai,Modern Wall Clock,Home & Kitchen,1,773.0,773,CUST-59259,Website
UK-2026-101185,2026-02-08,South,Kochi,Mirrorless Camera Lite,Electronics,1,29261.0,29261,CUST-60134,Website
UK-2026-104027,2026-06-28,East,Patna,Smart Watch X2,Electronics,1,4452.0,4452,CUST-38048,Website
UK-2026-101621,2026-03-01,North,Delhi,Gym Gloves,Sports,1,483.0,483,CUST-80270,Website
UK-2026-103843,2026-05-05,Central,Indore,Wireless Earbuds Pro,Electronics,1,2926.0,2926,CUST-31345,App
UK-2026-101757,2026-03-29,North,Delhi,Denim Jacket,Fashion,1,2232.0,2232,CUST-81737,App
UK-2026-101601,2026-03-20,East,Guwahati,Formal Shirt,Fashion,1,1097.0,1097,CUST-68513,App
UK-2026-101073,2026-02-09,West,Surat,Bluetooth Speaker Mini,Electronics,2,1497.0,2994,CUST-15493,App
UK-2026-100827,2026-02-11,East,Kolkata,Badminton Racket Set,Sports,1,2507.0,2507,CUST-22320,Website
UK-2026-101889,2026-03-14,West,Mumbai,Smart Watch X2,Electronics,1,4721.0,4721,CUST-58150,Marketplace
UK-2026-101169,2026-02-05,Central,Bhopal,Smart Watch X2,Electronics,1,4624.0,4624,CUST-48467,Website
UK-2026-101131,2026-02-07,North,Noida,Running Sneakers,Fashion,1,2850.0,2850,CUST-79268,Website
UK-2026-103377,2026-05-27,North,Gurugram,Silk Saree,Fashion,3,3502.0,10506,CUST-12970,App
UK-2026-102387,2026-04-18,East,Bhubaneswar,Football Size 5,Sports,1,892.0,892,CUST-82744,App
UK-2026-103967,2026-05-04,Central,Bhopal,Running Sneakers,Fashion,1,2894.0,2894,CUST-65462,Website
UK-2026-103218,2026-05-27,East,Patna,Beard Grooming Kit,Beauty,1,1045.0,1045,CUST-54395,Marketplace
UK-2026-103321,2026-05-26,West,Mumbai,Ultrabook Air 14,Electronics,1,28624.0,28624,CUST-30377,Website
UK-2026-102652,2026-04-11,East,Kolkata,Denim Jacket,Fashion,3,2259.0,6777,CUST-97049,Website
UK-2026-102385,2026-04-03,South,Kochi,Smart Watch X2,Electronics,2,4618.0,9236,CUST-72820,Marketplace
UK-2026-100732,2026-02-04,North,Delhi,Makeup Brush Set,Beauty,1,1320.0,1320,CUST-25864,Website
UK-2026-100311,2026-01-29,South,Hyderabad,Cotton Bedsheet Set,Home & Kitchen,1,1380.0,1380,CUST-20901,Marketplace
UK-2026-100547,2026-01-26,Central,Nagpur,Cotton Kurta Set,Fashion,1,1319.0,1319,CUST-93791,Website
UK-2026-101604,2026-03-18,East,Kolkata,Foldable Treadmill T2,Sports,1,25770.0,25770,CUST-25062,App
UK-2026-101572,2026-03-20,West,Surat,Denim Jacket,Fashion,1,2308.0,2308,CUST-89558,App
UK-2026-103631,2026-05-29,North,Delhi,Silk Saree,Fashion,2,3456.0,6912,CUST-38299,Website
UK-2026-102025,2026-03-01,Central,Indore,Dinner Set 24pc,Home & Kitchen,1,2412.0,2412,CUST-88445,App
UK-2026-101595,2026-03-13,South,Hyderabad,Football Size 5,Sports,1,923.0,923,CUST-21345,App
UK-2026-102690,2026-04-20,Central,Raipur,Denim Jacket,Fashion,1,2164.0,2164,CUST-66798,Marketplace
UK-2026-102897,2026-04-24,North,Gurugram,Face Wash Combo,Beauty,1,456.0,456,CUST-51696,App
UK-2026-100917,2026-02-07,North,Gurugram,Football Size 5,Sports,1,924.0,924,CUST-22971,App
UK-2026-103413,2026-05-06,South,Kochi,Dinner Set 24pc,Home & Kitchen,1,2426.0,2426,CUST-37611,App
UK-2026-101579,2026-03-15,Central,Bhopal,Yoga Mat Pro,Sports,2,1214.0,2428,CUST-99208,App
UK-2026-102471,2026-04-18,South,Chennai,Air Fryer 5L,Home & Kitchen,1,5674.0,5674,CUST-96559,App
UK-2026-100925,2026-02-25,South,Hyderabad,Mirrorless Camera Lite,Electronics,1,29054.0,29054,CUST-31710,App
UK-2026-101733,2026-03-22,South,Bengaluru,Running Sneakers,Fashion,1,2817.0,2817,CUST-37107,Website
UK-2026-101567,2026-03-03,East,Patna,Smart Watch X2,Electronics,2,4397.0,8794,CUST-22210,App
UK-2026-104459,2026-06-19,Central,Indore,Wireless Earbuds Pro,Electronics,2,2933.0,5866,CUST-70399,App
UK-2026-100378,2026-01-21,South,Chennai,Dinner Set 24pc,Home & Kitchen,1,2550.0,2550,CUST-82721,Website
UK-2026-104589,2026-06-23,East,Bhubaneswar,Ethnic Dupatta,Fashion,1,490.0,490,CUST-23677,Website
UK-2026-104941,2026-06-06,South,Hyderabad,Football Size 5,Sports,1,932.0,932,CUST-63302,App
UK-2026-100584,2026-01-05,East,Guwahati,Mirrorless Camera Lite,Electronics,1,29444.0,29444,CUST-44030,Website
UK-2026-101319,2026-02-07,North,Delhi,Gym Gloves,Sports,1,518.0,518,CUST-40655,App
UK-2026-103247,2026-05-24,South,Kochi,Cotton Kurta Set,Fashion,1,1361.0,1361,CUST-91042,Website
UK-2026-102278,2026-04-13,South,Hyderabad,Cotton Kurta Set,Fashion,1,1244.0,1244,CUST-30816,Website
UK-2026-101855,2026-03-10,East,Bhubaneswar,Ethnic Dupatta,Fashion,2,509.0,1018,CUST-32069,Marketplace
UK-2026-104581,2026-06-22,Central,Nagpur,Formal Shirt,Fashion,1,1124.0,1124,CUST-62164,App
UK-2026-104064,2026-06-24,South,Chennai,Beard Grooming Kit,Beauty,1,967.0,967,CUST-43985,Marketplace
UK-2026-103004,2026-04-08,South,Hyderabad,Smart Watch X2,Electronics,2,4581.0,9162,CUST-82210,Website
UK-2026-104674,2026-06-27,South,Hyderabad,Mixer Grinder 750W,Home & Kitchen,1,3417.0,3417,CUST-93364,Website
UK-2026-104925,2026-06-24,North,Delhi,Silk Saree,Fashion,4,3533.0,14132,CUST-71555,Website
UK-2026-104343,2026-06-09,North,Gurugram,43-inch Smart TV,Electronics,1,26070.0,26070,CUST-67026,App
UK-2026-104527,2026-06-22,West,Ahmedabad,Eau de Parfum 100ml,Beauty,1,1909.0,1909,CUST-76788,App
UK-2026-100961,2026-02-18,North,Delhi,Beard Grooming Kit,Beauty,2,1028.0,2056,CUST-47050,Website
UK-2026-104658,2026-06-13,Central,Bhopal,Ultrabook Air 14,Electronics,2,31088.0,62176,CUST-65120,Website
UK-2026-102505,2026-04-26,West,Pune,Running Sneakers,Fashion,3,2741.0,8223,CUST-53032,Website
UK-2026-101307,2026-02-14,West,Mumbai,43-inch Smart TV,Electronics,1,24735.0,24735,CUST-34730,Website
UK-2026-101652,2026-03-23,West,Pune,Makeup Brush Set,Beauty,1,1273.0,1273,CUST-33193,Website
UK-2026-100140,2026-01-22,West,Pune,Football Size 5,Sports,2,881.0,1762,CUST-76118,App
UK-2026-104340,2026-06-16,North,Chandigarh,Wireless Earbuds Pro,Electronics,4,2853.0,11412,CUST-88443,Website
UK-2026-102236,2026-03-02,Central,Nagpur,Bluetooth Speaker Mini,Electronics,1,1562.0,1562,CUST-63215,App
UK-2026-100058,2026-01-12,South,Kochi,Air Fryer 5L,Home & Kitchen,1,5600.0,5600,CUST-96036,App
UK-2026-103742,2026-05-27,Central,Nagpur,Formal Shirt,Fashion,1,1048.0,1048,CUST-84422,Website
UK-2026-102044,2026-03-08,North,Gurugram,Running Sneakers,Fashion,1,2820.0,2820,CUST-83647,App
UK-2026-103518,2026-05-27,East,Patna,Silk Saree,Fashion,1,3353.0,3353,CUST-28692,App
UK-2026-104898,2026-06-15,Central,Raipur,Makeup Brush Set,Beauty,1,1262.0,1262,CUST-85712,Website
UK-2026-103286,2026-05-31,West,Mumbai,Dinner Set 24pc,Home & Kitchen,1,2537.0,2537,CUST-66052,App
UK-2026-103269,2026-05-05,North,Chandigarh,Silk Saree,Fashion,2,3461.0,6922,CUST-43402,Marketplace
UK-2026-104520,2026-06-22,West,Surat,Ethnic Dupatta,Fashion,2,490.0,980,CUST-76897,Website
UK-2026-104547,2026-06-19,Central,Nagpur,Mixer Grinder 750W,Home & Kitchen,1,3340.0,3340,CUST-46587,App
UK-2026-102027,2026-03-16,North,Chandigarh,Electric Kettle 1.5L,Home & Kitchen,1,1072.0,1072,CUST-50219,App
UK-2026-100452,2026-01-23,South,Chennai,Formal Shirt,Fashion,1,1095.0,1095,CUST-47479,App
UK-2026-102217,2026-03-01,North,Gurugram,Running Sneakers,Fashion,2,2930.0,5860,CUST-63040,Website
UK-2026-102870,2026-04-04,Central,Nagpur,43-inch Smart TV,Electronics,1,26510.0,26510,CUST-95413,Website
UK-2026-101992,2026-03-02,West,Ahmedabad,Sunscreen SPF50,Beauty,1,576.0,576,CUST-32928,App
UK-2026-103244,2026-05-18,South,Chennai,Vitamin C Serum,Beauty,1,677.0,677,CUST-24246,App
UK-2026-103578,2026-05-18,West,Surat,Foldable Treadmill T2,Sports,1,25564.0,25564,CUST-34084,App
UK-2026-101119,2026-02-20,West,Mumbai,Bluetooth Speaker Mini,Electronics,1,1509.0,1509,CUST-56121,App
UK-2026-103606,2026-05-09,West,Mumbai,Denim Jacket,Fashion,2,2286.0,4572,CUST-90785,Website
UK-2026-103410,2026-05-08,West,Mumbai,Ionic Hair Dryer,Beauty,1,1861.0,1861,CUST-75326,App
UK-2026-104464,2026-06-22,South,Kochi,Cotton Kurta Set,Fashion,1,1361.0,1361,CUST-10709,App
UK-2026-104972,2026-06-30,East,Guwahati,Smart Watch X2,Electronics,1,4591.0,4591,CUST-43882,App
UK-2026-100403,2026-01-25,East,Guwahati,Mixer Grinder 750W,Home & Kitchen,2,3331.0,6662,CUST-37579,App
UK-2026-103287,2026-05-28,West,Ahmedabad,Gym Gloves,Sports,2,500.0,1000,CUST-17803,App
UK-2026-102191,2026-03-23,Central,Indore,Football Size 5,Sports,2,891.0,1782,CUST-64229,Marketplace
UK-2026-101628,2026-03-28,South,Chennai,Noise-Cancelling Headphones,Electronics,1,8578.0,8578,CUST-75153,App
UK-2026-101016,2026-02-19,North,Noida,43-inch Smart TV,Electronics,2,24868.0,49736,CUST-42056,Marketplace
UK-2026-104042,2026-06-18,North,Delhi,Noise-Cancelling Headphones,Electronics,1,9052.0,9052,CUST-94731,Website
UK-2026-104082,2026-06-10,West,Pune,Cotton Kurta Set,Fashion,1,1309.0,1309,CUST-76624,App
UK-2026-103149,2026-05-15,North,Gurugram,Mirrorless Camera Lite,Electronics,1,27872.0,27872,CUST-51139,Marketplace
UK-2026-104456,2026-06-10,Central,Bhopal,Electric Kettle 1.5L,Home & Kitchen,1,1064.0,1064,CUST-57696,App
UK-2026-104326,2026-06-13,South,Chennai,Leather Wallet,Fashion,2,860.0,1720,CUST-56836,App
UK-2026-100283,2026-01-31,West,Mumbai,Electric Kettle 1.5L,Home & Kitchen,1,1075.0,1075,CUST-85684,Marketplace
UK-2026-101182,2026-02-01,South,Chennai,Noise-Cancelling Headphones,Electronics,3,9382.0,28146,CUST-55379,App
UK-2026-104593,2026-06-11,West,Mumbai,Formal Shirt,Fashion,1,1086.0,1086,CUST-31363,Marketplace
UK-2026-103160,2026-05-29,North,Chandigarh,Silk Saree,Fashion,1,3572.0,3572,CUST-17329,Marketplace
UK-2026-103479,2026-05-06,North,Chandigarh,Slim Fit Jeans,Fashion,2,1601.0,3202,CUST-48390,Website
UK-2026-102901,2026-04-27,North,Noida,Air Fryer 5L,Home & Kitchen,2,5302.0,10604,CUST-63814,Website
UK-2026-102945,2026-04-25,North,Delhi,Silk Saree,Fashion,1,3625.0,3625,CUST-21802,App
UK-2026-101346,2026-02-20,North,Gurugram,Ethnic Dupatta,Fashion,2,509.0,1018,CUST-65239,Website
UK-2026-102056,2026-03-26,South,Bengaluru,Sunscreen SPF50,Beauty,1,527.0,527,CUST-34567,Marketplace
UK-2026-101648,2026-03-11,North,Delhi,Mixer Grinder 750W,Home & Kitchen,1,3334.0,3334,CUST-22637,App
UK-2026-104764,2026-06-27,Central,Raipur,Leather Wallet,Fashion,1,893.0,893,CUST-47265,Website
UK-2026-100823,2026-02-28,South,Hyderabad,Running Sneakers,Fashion,1,2760.0,2760,CUST-95808,App
UK-2026-104003,2026-05-13,Central,Nagpur,Beard Grooming Kit,Beauty,1,1037.0,1037,CUST-81208,Website
UK-2026-104741,2026-06-09,South,Hyderabad,Foldable Treadmill T2,Sports,1,25015.0,25015,CUST-95902,Website
UK-2026-103763,2026-05-24,South,Chennai,Electric Kettle 1.5L,Home & Kitchen,1,1101.0,1101,CUST-62830,Website
UK-2026-102599,2026-04-04,South,Kochi,Noise-Cancelling Headphones,Electronics,1,8572.0,8572,CUST-20300,Marketplace
UK-2026-103113,2026-05-17,West,Surat,Modern Wall Clock,Home & Kitchen,1,784.0,784,CUST-35299,Marketplace
UK-2026-102369,2026-04-30,South,Hyderabad,Badminton Racket Set,Sports,1,2535.0,2535,CUST-16222,App
UK-2026-104635,2026-06-27,West,Mumbai,Sunscreen SPF50,Beauty,2,532.0,1064,CUST-37313,App
UK-2026-103633,2026-05-17,South,Hyderabad,Wireless Earbuds Pro,Electronics,4,3008.0,12032,CUST-44548,Website
UK-2026-104099,2026-06-07,West,Mumbai,Running Sneakers,Fashion,2,2732.0,5464,CUST-20879,Marketplace
UK-2026-103511,2026-05-31,South,Chennai,Ethnic Dupatta,Fashion,1,520.0,520,CUST-14426,App
UK-2026-100145,2026-01-15,Central,Indore,Noise-Cancelling Headphones,Electronics,1,8796.0,8796,CUST-90457,App
UK-2026-104013,2026-05-30,South,Bengaluru,Cotton Kurta Set,Fashion,2,1247.0,2494,CUST-99767,App
UK-2026-100597,2026-01-26,South,Kochi,Robot Vacuum R7,Home & Kitchen,1,18967.0,18967,CUST-74972,App
UK-2026-102788,2026-04-07,West,Mumbai,Slim Fit Jeans,Fashion,2,1676.0,3352,CUST-22870,Marketplace
UK-2026-104790,2026-06-17,South,Chennai,Silk Saree,Fashion,1,3338.0,3338,CUST-30905,Marketplace
UK-2026-102912,2026-04-25,South,Bengaluru,Air Fryer 5L,Home & Kitchen,1,5690.0,5690,CUST-57650,Website
UK-2026-103343,2026-05-24,Central,Indore,43-inch Smart TV,Electronics,1,26264.0,26264,CUST-77875,Website
UK-2026-102264,2026-04-04,West,Pune,43-inch Smart TV,Electronics,1,24737.0,24737,CUST-71622,App
UK-2026-103591,2026-05-07,West,Surat,Wireless Earbuds Pro,Electronics,1,2988.0,2988,CUST-94082,Marketplace
UK-2026-101706,2026-03-16,West,Surat,Non-Stick Cookware Set,Home & Kitchen,1,2959.0,2959,CUST-48284,App
UK-2026-103835,2026-05-30,South,Hyderabad,Non-Stick Cookware Set,Home & Kitchen,1,2908.0,2908,CUST-73050,Website
UK-2026-103901,2026-05-20,East,Guwahati,Face Wash Combo,Beauty,1,435.0,435,CUST-63814,Marketplace
UK-2026-102859,2026-04-25,South,Bengaluru,Power Bank 20000mAh,Electronics,3,1827.0,5481,CUST-16169,App
UK-2026-102761,2026-04-17,East,Guwahati,Mirrorless Camera Lite,Electronics,1,29702.0,29702,CUST-87632,Marketplace
UK-2026-103574,2026-05-24,South,Chennai,Robot Vacuum R7,Home & Kitchen,1,19531.0,19531,CUST-60401,App
UK-2026-103064,2026-04-07,East,Patna,Mirrorless Camera Lite,Electronics,2,29935.0,59870,CUST-79807,Marketplace
UK-2026-103691,2026-05-26,South,Chennai,Mixer Grinder 750W,Home & Kitchen,1,3169.0,3169,CUST-22957,App
UK-2026-100737,2026-02-22,West,Ahmedabad,Running Sneakers,Fashion,3,2795.0,8385,CUST-67995,App
UK-2026-102414,2026-04-19,West,Pune,Ultrabook Air 14,Electronics,1,29524.0,29524,CUST-29844,Marketplace
UK-2026-100611,2026-01-29,East,Guwahati,Cotton Kurta Set,Fashion,1,1248.0,1248,CUST-62146,App
UK-2026-100242,2026-01-03,West,Surat,Electric Kettle 1.5L,Home & Kitchen,1,1094.0,1094,CUST-45805,Website
UK-2026-104594,2026-06-24,Central,Nagpur,Running Sneakers,Fashion,2,2723.0,5446,CUST-76863,Website
UK-2026-100821,2026-02-12,South,Bengaluru,Matte Lipstick Set,Beauty,1,868.0,868,CUST-93519,Website
UK-2026-102203,2026-03-10,South,Hyderabad,Non-Stick Cookware Set,Home & Kitchen,1,2907.0,2907,CUST-17123,Website
UK-2026-102975,2026-04-28,East,Kolkata,Air Fryer 5L,Home & Kitchen,1,5564.0,5564,CUST-57293,Website
UK-2026-104171,2026-06-01,East,Bhubaneswar,Adjustable Dumbbells 15kg,Sports,1,4789.0,4789,CUST-80736,App
UK-2026-104508,2026-06-28,North,Gurugram,Eau de Parfum 100ml,Beauty,2,1954.0,3908,CUST-82834,Website
UK-2026-102322,2026-04-11,West,Pune,Vitamin C Serum,Beauty,4,690.0,2760,CUST-40606,App
UK-2026-101599,2026-03-19,West,Ahmedabad,Formal Shirt,Fashion,1,1088.0,1088,CUST-52183,Marketplace
UK-2026-100406,2026-01-07,North,Chandigarh,Mirrorless Camera Lite,Electronics,1,28115.0,28115,CUST-79268,Marketplace
UK-2026-104560,2026-06-26,North,Delhi,Beard Grooming Kit,Beauty,1,1039.0,1039,CUST-64147,Website
UK-2026-104982,2026-06-25,North,Delhi,Smart Watch X2,Electronics,1,4357.0,4357,CUST-37611,App
UK-2026-102572,2017-04-26,North,Delhi,Running Sneakers,Fashion,1,2831.0,2831,CUST-18462,App
UK-2026-104179,2026-06-21,South,Bengaluru,Denim Jacket,Fashion,2,2232.0,4464,CUST-22103,Marketplace
UK-2026-103873,2026-05-13,South,Chennai,Non-Stick Cookware Set,Home & Kitchen,1,2944.0,2944,CUST-16773,Marketplace
UK-2026-104127,2026-06-12,South,Chennai,Ethnic Dupatta,Fashion,2,498.0,996,CUST-21436,App
UK-2026-100334,2026-01-19,South,Chennai,Silk Saree,Fashion,2,3459.0,6918,CUST-28204,Website
UK-2026-101401,2026-02-26,West,Ahmedabad,Modern Wall Clock,Home & Kitchen,1,837.0,837,CUST-18377,Website
UK-2026-100748,2026-02-14,South,Hyderabad,Slim Fit Jeans,Fashion,1,1548.0,1548,CUST-83378,App
UK-2026-101879,2026-03-14,East,Guwahati,Cotton Bedsheet Set,Home & Kitchen,1,1375.0,1375,CUST-65781,App
UK-2026-101954,2026-03-08,West,Mumbai,Robot Vacuum R7,Home & Kitchen,3,18096.0,54288,CUST-50131,Marketplace
UK-2026-102976,2009-04-26,South,Chennai,Air Fryer 5L,Home & Kitchen,1,5516.0,5516,CUST-10339,Website
UK-2026-101928,2026-03-28,East,Guwahati,Smart Watch X2,Electronics,1,4624.0,4624,CUST-99018,Marketplace
UK-2026-102374,2026-04-11,North,Gurugram,Modern Wall Clock,Home & Kitchen,1,817.0,817,CUST-24214,App
UK-2026-100478,2026-01-08,Central,Bhopal,Bluetooth Speaker Mini,Electronics,2,1487.0,2974,CUST-67685,Marketplace
UK-2026-102144,2026-03-16,East,Patna,43-inch Smart TV,Electronics,1,27150.0,27150,CUST-11254,App
UK-2026-104065,2026-06-24,Central,Raipur,Leather Wallet,Fashion,1,933.0,933,CUST-76367,App
UK-2026-104677,2026-06-20,Central,Nagpur,Noise-Cancelling Headphones,Electronics,1,9109.0,9109,CUST-32180,Website
UK-2026-102525,2026-04-13,North,Chandigarh,Cotton Bedsheet Set,Home & Kitchen,1,1425.0,1425,CUST-52294,Website
UK-2026-100514,2026-01-15,South,Chennai,Adjustable Dumbbells 15kg,Sports,2,5161.0,10322,CUST-44873,Website
UK-2026-100531,2026-01-21,South,Chennai,Denim Jacket,Fashion,2,2159.0,4318,CUST-10129,Website
UK-2026-100100,2026-01-12,Central,Indore,Dinner Set 24pc,Home & Kitchen,3,2557.0,7671,CUST-87952,Website
UK-2026-100622,2026-01-30,West,Pune,Leather Wallet,Fashion,1,910.0,910,CUST-64758,App
UK-2026-102003,2026-03-30,North,Noida,Modern Wall Clock,Home & Kitchen,2,789.0,1578,CUST-92103,App
UK-2026-104900,2026-06-18,South,Kochi,Cycling Helmet,Sports,1,1659.0,1659,CUST-61826,Marketplace
UK-2026-100349,2026-01-30,West,Surat,Ultrabook Air 14,Electronics,2,30429.0,60858,CUST-25971,App
UK-2026-101338,2026-02-17,Central,Raipur,Adjustable Dumbbells 15kg,Sports,2,4776.0,9552,CUST-54491,App
UK-2026-104221,2026-06-19,Central,Nagpur,Smart Watch X2,Electronics,1,4642.0,4642,CUST-83269,Marketplace
UK-2026-100757,2026-02-18,East,Bhubaneswar,Cotton Bedsheet Set,Home & Kitchen,1,1381.0,1381,CUST-42275,App
UK-2026-104168,2026-06-04,South,Bengaluru,Robot Vacuum R7,Home & Kitchen,1,19098.0,19098,CUST-84443,Website
UK-2026-100209,2026-01-02,South,Chennai,Cricket Bat English Willow,Sports,1,8723.0,8723,CUST-94618,App
UK-2026-100207,2026-01-21,East,Guwahati,Bluetooth Speaker Mini,Electronics,1,1534.0,1534,CUST-86202,App
UK-2026-104062,2026-06-09,North,Chandigarh,Football Size 5,Sports,2,943.0,1886,CUST-62830,App
UK-2026-104952,2026-06-15,Central,Raipur,Formal Shirt,Fashion,1,1152.0,1152,CUST-95118,Marketplace
UK-2026-102979,2026-04-12,South,Bengaluru,Foldable Treadmill T2,Sports,1,26138.0,26138,CUST-14772,App
UK-2026-100041,2026-01-09,West,Pune,Ethnic Dupatta,Fashion,4,513.0,2052,CUST-17188,App
UK-2026-103754,2026-05-13,West,Surat,Wireless Earbuds Pro,Electronics,1,3142.0,3142,CUST-60647,App
UK-2026-102111,2026-03-12,West,Surat,Running Sneakers,Fashion,3,2845.0,8535,CUST-29272,App
UK-2026-101194,2026-02-19,North,Noida,Robot Vacuum R7,Home & Kitchen,1,19167.0,19167,CUST-42581,App
UK-2026-100259,2026-01-17,North,Chandigarh,Dinner Set 24pc,Home & Kitchen,1,2398.0,2398,CUST-45744,App
UK-2026-101819,2026-03-26,Central,Bhopal,Modern Wall Clock,Home & Kitchen,2,785.0,1570,CUST-68472,Website
UK-2026-100647,2026-01-18,North,Delhi,Air Fryer 5L,Home & Kitchen,1,5468.0,5468,CUST-36119,Website
UK-2026-101409,2026-02-24,South,Kochi,Ethnic Dupatta,Fashion,1,513.0,513,CUST-19829,App
UK-2026-103332,2026-05-09,North,Chandigarh,Power Bank 20000mAh,Electronics,3,1798.0,5394,CUST-35236,Marketplace
UK-2026-100480,2026-01-26,North,Delhi,Running Sneakers,Fashion,4,2800.0,11200,CUST-11332,Website
UK-2026-103912,2026-05-28,West,Surat,Noise-Cancelling Headphones,Electronics,1,9321.0,9321,CUST-68692,Marketplace
UK-2026-101268,2026-02-11,West,Surat,Air Fryer 5L,Home & Kitchen,1,5345.0,5345,CUST-20916,Website
UK-2026-103603,2026-05-09,North,Noida,Beard Grooming Kit,Beauty,2,1014.0,2028,CUST-87346,App
UK-2026-101085,2026-02-27,South,Kochi,Slim Fit Jeans,Fashion,1,1536.0,1536,CUST-21909,Website
UK-2026-102107,2026-03-26,Central,Indore,Ultrabook Air 14,Electronics,2,29312.0,58624,CUST-98820,App
UK-2026-100108,2026-01-17,South,Kochi,Modern Wall Clock,Home & Kitchen,1,760.0,760,CUST-22728,Website
UK-2026-101884,2026-03-25,West,Pune,Cricket Bat English Willow,Sports,1,8577.0,8577,CUST-32198,App
UK-2026-101261,2026-02-26,Central,Bhopal,Modern Wall Clock,Home & Kitchen,1,820.0,820,CUST-84881,App
UK-2026-103890,2026-05-17,East,Kolkata,Gym Gloves,Sports,1,498.0,498,CUST-10350,Marketplace
UK-2026-101354,2026-02-11,South,Hyderabad,43-inch Smart TV,Electronics,1,26988.0,26988,CUST-35294,Marketplace
UK-2026-100850,2026-02-17,West,Pune,Silk Saree,Fashion,3,3420.0,10260,CUST-29751,Website
UK-2026-100947,2026-02-11,East,Patna,Mirrorless Camera Lite,Electronics,1,29151.0,29151,CUST-18116,Marketplace
UK-2026-104395,2026-06-18,East,Bhubaneswar,Mirrorless Camera Lite,Electronics,2,28705.0,57410,CUST-94321,App
UK-2026-101276,2026-02-23,West,Ahmedabad,Bluetooth Speaker Mini,Electronics,2,1433.0,2866,CUST-84696,App
UK-2026-101408,2026-02-20,Central,Raipur,Face Wash Combo,Beauty,1,457.0,457,CUST-25136,App
UK-2026-104915,2026-06-19,Central,Nagpur,Non-Stick Cookware Set,Home & Kitchen,1,3016.0,3016,CUST-48814,Website
UK-2026-100565,2026-01-05,South,Chennai,Bluetooth Speaker Mini,Electronics,1,1538.0,1538,CUST-30477,App
UK-2026-101522,2026-03-19,North,Delhi,Dinner Set 24pc,Home & Kitchen,1,2622.0,2622,CUST-84903,Website
UK-2026-101881,2026-03-27,West,Surat,Bluetooth Speaker Mini,Electronics,1,1500.0,1500,CUST-97859,App
UK-2026-100279,2026-01-23,Central,Bhopal,Wireless Earbuds Pro,Electronics,1,2973.0,2973,CUST-13107,App
UK-2026-100853,2026-02-07,North,Gurugram,Formal Shirt,Fashion,1,1118.0,1118,CUST-22439,Website
UK-2026-103718,2026-05-16,East,Bhubaneswar,Electric Kettle 1.5L,Home & Kitchen,2,1139.0,2278,CUST-25869,Marketplace
UK-2026-101939,2026-03-14,Central,Raipur,Leather Wallet,Fashion,1,943.0,943,CUST-65167,Website
UK-2026-102609,2026-04-17,West,Surat,Robot Vacuum R7,Home & Kitchen,1,18612.0,18612,CUST-64615,App
UK-2026-103799,2026-05-20,Central,Nagpur,Smart Watch X2,Electronics,2,4401.0,8802,CUST-22957,Marketplace
UK-2026-104163,2026-06-18,South,Hyderabad,Yoga Mat Pro,Sports,1,1238.0,1238,CUST-45199,App
UK-2026-104975,2026-06-01,West,Pune,Eau de Parfum 100ml,Beauty,1,2033.0,2033,CUST-99155,Website
UK-2026-100120,2026-01-22,Central,Indore,Adjustable Dumbbells 15kg,Sports,1,4854.0,4854,CUST-62781,Marketplace
UK-2026-101723,2026-03-11,East,Kolkata,Mixer Grinder 750W,Home & Kitchen,3,3340.0,10020,CUST-13667,Website
UK-2026-100372,2026-01-13,West,Surat,Beard Grooming Kit,Beauty,1,1043.0,1043,CUST-95324,App
UK-2026-103584,2026-05-22,North,Gurugram,Denim Jacket,Fashion,1,2240.0,2240,CUST-83448,App
UK-2026-104330,2026-06-04,North,Delhi,Running Sneakers,Fashion,4,2883.0,11532,CUST-55279,Website
UK-2026-103087,2026-04-17,North,Chandigarh,Leather Wallet,Fashion,2,858.0,1716,CUST-44815,Website
UK-2026-102590,2026-04-29,South,Chennai,Power Bank 20000mAh,Electronics,3,1762.0,5286,CUST-77924,Marketplace
UK-2026-102739,2026-04-20,South,Kochi,Vitamin C Serum,Beauty,1,696.0,696,CUST-45768,App
UK-2026-100232,2026-01-28,West,Mumbai,Ethnic Dupatta,Fashion,1,507.0,507,CUST-53573,Website
UK-2026-104363,2026-06-05,North,Noida,Mirrorless Camera Lite,Electronics,1,28758.0,28758,CUST-18070,App
UK-2026-101270,2026-02-07,West,Pune,Mixer Grinder 750W,Home & Kitchen,1,3443.0,3443,CUST-67800,App
UK-2026-100080,2026-01-23,North,Noida,Silk Saree,Fashion,1,3559.0,3559,CUST-66979,App
UK-2026-104377,2026-06-20,South,Chennai,Leather Wallet,Fashion,1,900.0,900,CUST-96424,App
UK-2026-103665,2026-05-25,West,Pune,Cotton Kurta Set,Fashion,1,1306.0,1306,CUST-17625,App
UK-2026-104253,2026-06-28,South,Chennai,Silk Saree,Fashion,1,3670.0,3670,CUST-18462,App
UK-2026-101835,2026-03-13,North,Chandigarh,Football Size 5,Sports,1,900.0,900,CUST-51839,Website
UK-2026-104891,2026-06-07,South,Kochi,Gym Gloves,Sports,1,517.0,517,CUST-40253,Marketplace
UK-2026-103494,2026-05-20,West,Pune,Ionic Hair Dryer,Beauty,1,1982.0,1982,CUST-86346,App
UK-2026-104656,2026-06-14,West,Mumbai,Face Wash Combo,Beauty,1,440.0,440,CUST-50974,Marketplace
UK-2026-101288,2026-02-19,West,Surat,Mixer Grinder 750W,Home & Kitchen,2,3169.0,6338,CUST-55600,App
UK-2026-102925,2026-04-19,South,Hyderabad,Cricket Bat English Willow,Sports,1,9314.0,9314,CUST-55379,App
UK-2026-101937,2026-03-23,South,Bengaluru,Slim Fit Jeans,Fashion,1,1596.0,1596,CUST-59269,Website
UK-2026-102435,2026-04-06,South,Hyderabad,Formal Shirt,Fashion,1,1129.0,1129,CUST-71828,Website
UK-2026-103379,2026-05-02,South,Chennai,Ultrabook Air 14,Electronics,3,30522.0,91566,CUST-32327,Marketplace
UK-2026-102034,2026-03-31,North,Noida,Cotton Bedsheet Set,Home & Kitchen,1,1429.0,1429,CUST-45429,App
UK-2026-103308,2026-05-10,North,Delhi,Gym Gloves,Sports,1,476.0,476,CUST-75247,App
UK-2026-103543,2026-05-04,Central,Indore,Noise-Cancelling Headphones,Electronics,1,9102.0,9102,CUST-38974,Website
UK-2026-102249,2026-04-04,North,Delhi,Bluetooth Speaker Mini,Electronics,2,1445.0,2890,CUST-68566,App
UK-2026-104537,2026-06-28,South,Chennai,Matte Lipstick Set,Beauty,4,930.0,3720,CUST-97014,Website
UK-2026-104701,2026-06-20,South,Hyderabad,Sunscreen SPF50,Beauty,3,560.0,1680,CUST-19255,Website
UK-2026-101432,2026-02-07,North,Gurugram,Bluetooth Speaker Mini,Electronics,1,1472.0,1472,CUST-87075,Website
UK-2026-101352,2026-02-17,North,Chandigarh,Cotton Bedsheet Set,Home & Kitchen,1,1360.0,1360,CUST-85181,Website
UK-2026-100849,2026-02-21,East,Guwahati,Electric Kettle 1.5L,Home & Kitchen,2,1099.0,2198,CUST-20916,App
UK-2026-103887,2026-05-14,North,Chandigarh,Yoga Mat Pro,Sports,1,1196.0,1196,CUST-35299,Website
UK-2026-101394,2026-02-27,South,Kochi,Bluetooth Speaker Mini,Electronics,1,1539.0,1539,CUST-75944,Website
UK-2026-102345,2026-04-28,Central,Indore,Formal Shirt,Fashion,1,1120.0,1120,CUST-93823,App
UK-2026-100580,2026-01-04,North,Chandigarh,Denim Jacket,Fashion,1,2210.0,2210,CUST-37443,Marketplace
UK-2026-104201,2026-06-16,East,Guwahati,Robot Vacuum R7,Home & Kitchen,2,18078.0,36156,CUST-57293,App
UK-2026-100822,2026-02-16,North,Noida,Face Wash Combo,Beauty,3,470.0,1410,CUST-15493,App
UK-2026-104576,2026-06-02,West,Ahmedabad,Ultrabook Air 14,Electronics,1,29350.0,29350,CUST-64651,App
UK-2026-102544,2026-04-19,West,Mumbai,Modern Wall Clock,Home & Kitchen,1,802.0,802,CUST-96880,Marketplace
UK-2026-101015,2026-02-26,South,Kochi,Beard Grooming Kit,Beauty,1,950.0,950,CUST-54166,Website
UK-2026-104429,2026-06-06,West,Ahmedabad,Air Fryer 5L,Home & Kitchen,1,5275.0,5275,CUST-22612,Website
UK-2026-104944,2026-06-05,West,Surat,Gym Gloves,Sports,1,504.0,504,CUST-54166,Marketplace
UK-2026-102633,2026-04-20,North,Chandigarh,Cotton Kurta Set,Fashion,1,1327.0,1327,CUST-62770,Website
UK-2026-102585,2026-04-14,Central,Indore,Ultrabook Air 14,Electronics,1,29449.0,29449,CUST-73050,App
UK-2026-100126,2026-01-23,East,Patna,Wireless Earbuds Pro,Electronics,2,3072.0,6144,CUST-14426,Marketplace
UK-2026-101362,2026-02-23,South,Hyderabad,Mixer Grinder 750W,Home & Kitchen,3,3365.0,10095,CUST-55348,App
UK-2026-102584,2026-04-28,West,Surat,43-inch Smart TV,Electronics,1,24950.0,24950,CUST-34373,App
UK-2026-101798,2026-03-12,Central,Raipur,Power Bank 20000mAh,Electronics,1,1736.0,1736,CUST-79307,Marketplace
UK-2026-104092,2026-06-29,South,Kochi,Gym Gloves,Sports,1,497.0,497,CUST-75121,Website
UK-2026-104636,2026-06-08,Central,Bhopal,Eau de Parfum 100ml,Beauty,4,2033.0,8132,CUST-28204,App
UK-2026-100852,2026-02-27,North,Chandigarh,Sunscreen SPF50,Beauty,2,540.0,1080,CUST-84774,App
UK-2026-102806,2026-04-15,East,Patna,Slim Fit Jeans,Fashion,1,1655.0,1655,CUST-43625,App
UK-2026-104631,2026-06-22,Central,Indore,Running Sneakers,Fashion,1,2889.0,2889,CUST-44266,Marketplace
UK-2026-103285,2026-05-05,North,Delhi,Badminton Racket Set,Sports,1,2606.0,2606,CUST-89934,Website
UK-2026-102864,2026-04-19,Central,Indore,Silk Saree,Fashion,2,3534.0,7068,CUST-22615,Marketplace
UK-2026-103793,2026-05-01,East,Guwahati,Leather Wallet,Fashion,1,918.0,918,CUST-64508,App
UK-2026-100121,2026-01-28,North,Chandigarh,Face Wash Combo,Beauty,2,442.0,884,CUST-57633,Website
UK-2026-100318,2026-01-16,Central,Indore,Cotton Bedsheet Set,Home & Kitchen,1,1407.0,1407,CUST-69236,App
UK-2026-104159,2026-06-18,North,Delhi,Gym Gloves,Sports,4,506.0,2024,CUST-88443,App
UK-2026-102943,2026-04-18,North,Delhi,Foldable Treadmill T2,Sports,2,24117.0,48234,CUST-31480,Website
UK-2026-101639,2026-03-16,West,Mumbai,Cycling Helmet,Sports,2,1568.0,3136,CUST-61826,App
UK-2026-101523,2026-03-08,West,Pune,Robot Vacuum R7,Home & Kitchen,1,19449.0,19449,CUST-59529,Website
UK-2026-103428,2026-05-20,South,Kochi,Ionic Hair Dryer,Beauty,1,1957.0,1957,CUST-69496,Website
UK-2026-103918,2026-05-25,North,Delhi,Beard Grooming Kit,Beauty,1,1001.0,1001,CUST-38916,App
UK-2026-102250,2026-04-06,North,Chandigarh,Face Wash Combo,Beauty,1,449.0,449,CUST-40728,App
UK-2026-102710,2026-04-13,North,Noida,Leather Wallet,Fashion,1,862.0,862,CUST-27294,App
UK-2026-101772,2026-03-12,North,Noida,Beard Grooming Kit,Beauty,3,951.0,2853,CUST-15445,Website
UK-2026-101594,2026-03-13,East,Bhubaneswar,Foldable Treadmill T2,Sports,1,26111.0,26111,CUST-12346,App
UK-2026-100215,2026-01-01,South,Hyderabad,Eau de Parfum 100ml,Beauty,1,1982.0,1982,CUST-40767,Website
UK-2026-101327,2026-02-15,North,Delhi,Denim Jacket,Fashion,3,2169.0,6507,CUST-59870,Website
UK-2026-102827,2026-04-15,Central,Bhopal,Makeup Brush Set,Beauty,1,1268.0,1268,CUST-43635,App
UK-2026-101282,2026-02-12,South,Hyderabad,Ultrabook Air 14,Electronics,2,28628.0,57256,CUST-85084,App
UK-2026-101328,2026-02-13,East,Bhubaneswar,Bluetooth Speaker Mini,Electronics,1,1486.0,1486,CUST-85684,Website
UK-2026-101044,2026-02-21,North,Gurugram,Power Bank 20000mAh,Electronics,1,1738.0,1738,CUST-18146,App
UK-2026-103954,2026-05-19,West,Pune,Mirrorless Camera Lite,Electronics,1,29093.0,29093,CUST-12614,Marketplace
UK-2026-102494,2026-04-28,West,Mumbai,Formal Shirt,Fashion,1,1062.0,1062,CUST-76712,Website
UK-2026-100222,2026-01-25,North,Gurugram,Bluetooth Speaker Mini,Electronics,2,1494.0,2988,CUST-51718,App
UK-2026-103546,2026-05-14,West,Pune,Ionic Hair Dryer,Beauty,1,1947.0,1947,CUST-59326,App
UK-2026-100359,2026-01-17,South,Bengaluru,Formal Shirt,Fashion,2,1068.0,2136,CUST-60360,Website
UK-2026-101490,2026-03-08,Central,Indore,Robot Vacuum R7,Home & Kitchen,1,18110.0,18110,CUST-22957,Marketplace
UK-2026-104284,2026-06-17,North,Delhi,Leather Wallet,Fashion,1,908.0,908,CUST-60969,App
UK-2026-104511,2026-06-17,South,Chennai,Silk Saree,Fashion,4,3403.0,13612,CUST-78102,Marketplace
UK-2026-103075,2026-04-18,South,Chennai,43-inch Smart TV,Electronics,1,27086.0,27086,CUST-72618,App
UK-2026-103867,2026-05-14,East,Bhubaneswar,43-inch Smart TV,Electronics,1,25281.0,25281,CUST-29591,Website
UK-2026-102276,2026-04-28,East,Guwahati,Yoga Mat Pro,Sports,1,1185.0,1185,CUST-49237,Website
UK-2026-103614,2026-05-08,North,Chandigarh,Cotton Bedsheet Set,Home & Kitchen,1,1379.0,1379,CUST-38299,App
UK-2026-103252,2026-05-09,East,Kolkata,Cotton Kurta Set,Fashion,1,1300.0,1300,CUST-36401,Marketplace
UK-2026-102238,2026-03-21,North,Noida,Slim Fit Jeans,Fashion,1,1557.0,1557,CUST-47021,App
UK-2026-102674,2026-04-19,West,Pune,Robot Vacuum R7,Home & Kitchen,1,18516.0,18516,CUST-59543,App
UK-2026-101899,2026-03-13,West,Pune,43-inch Smart TV,Electronics,1,26454.0,26454,CUST-25531,Website
UK-2026-101573,2026-03-15,West,Pune,Mirrorless Camera Lite,Electronics,1,27702.0,27702,CUST-80270,Marketplace
UK-2026-104405,2026-06-16,West,Surat,Foldable Treadmill T2,Sports,1,24016.0,24016,CUST-52918,Marketplace
UK-2026-101080,2026-02-11,South,Chennai,Electric Kettle 1.5L,Home & Kitchen,2,1147.0,2294,CUST-21239,App
UK-2026-101902,2026-03-04,South,Hyderabad,Sunscreen SPF50,Beauty,1,555.0,555,CUST-42629,Website
UK-2026-100655,2026-01-15,South,Hyderabad,Electric Kettle 1.5L,Home & Kitchen,2,1054.0,2108,CUST-64151,App
UK-2026-104872,2026-06-29,East,Bhubaneswar,Noise-Cancelling Headphones,Electronics,1,9149.0,9149,CUST-79587,Marketplace
UK-2026-104427,2026-06-26,East,Guwahati,Makeup Brush Set,Beauty,1,1270.0,1270,CUST-77024,Marketplace
UK-2026-104081,2026-06-12,West,Mumbai,Wireless Earbuds Pro,Electronics,1,3097.0,3097,CUST-66415,App
UK-2026-104753,2026-06-06,South,Chennai,Electric Kettle 1.5L,Home & Kitchen,1,1095.0,1095,CUST-25101,Website
UK-2026-100466,2026-01-17,South,Kochi,Cotton Kurta Set,Fashion,1,1296.0,1296,CUST-62827,App
UK-2026-103572,2026-05-14,South,Chennai,Bluetooth Speaker Mini,Electronics,1,1532.0,1532,CUST-69637,App
UK-2026-104195,2026-06-06,North,Noida,Formal Shirt,Fashion,1,1056.0,1056,CUST-68472,Marketplace
UK-2026-101574,2026-03-17,South,Hyderabad,Denim Jacket,Fashion,1,2191.0,2191,CUST-75153,Website
UK-2026-101742,2026-03-21,East,Patna,Ultrabook Air 14,Electronics,3,29045.0,87135,CUST-18111,Website
UK-2026-100937,2026-02-09,Central,Indore,Cricket Bat English Willow,Sports,1,8714.0,8714,CUST-12493,Marketplace
UK-2026-104001,2026-05-16,North,Delhi,Smart Watch X2,Electronics,4,4305.0,17220,CUST-94091,Marketplace
UK-2026-100835,2026-02-09,South,Kochi,Mirrorless Camera Lite,Electronics,1,28932.0,28932,CUST-33053,Website
UK-2026-103204,2026-05-07,North,Noida,Mixer Grinder 750W,Home & Kitchen,1,3203.0,3203,CUST-30450,Website
UK-2026-102889,2026-04-11,West,Pune,Cricket Bat English Willow,Sports,1,9286.0,9286,CUST-57791,Marketplace
UK-2026-102606,2026-04-30,West,Pune,Wireless Earbuds Pro,Electronics,1,3035.0,3035,CUST-21231,Website
UK-2026-103121,2026-05-14,East,Kolkata,Adjustable Dumbbells 15kg,Sports,1,4775.0,4775,CUST-82512,Marketplace
UK-2026-100119,2026-01-19,Central,Raipur,43-inch Smart TV,Electronics,1,24721.0,24721,CUST-63302,Marketplace
UK-2026-101951,2026-03-09,Central,Bhopal,Smart Watch X2,Electronics,2,4518.0,9036,CUST-84650,Website
UK-2026-103555,2026-05-29,Central,Bhopal,Beard Grooming Kit,Beauty,4,1004.0,4016,CUST-65599,Marketplace
UK-2026-103314,2026-05-28,West,Surat,Smart Watch X2,Electronics,1,4306.0,4306,CUST-53884,Marketplace
UK-2026-102332,2026-04-16,West,Ahmedabad,Wireless Earbuds Pro,Electronics,1,2850.0,2850,CUST-16007,Website
UK-2026-100839,2026-02-25,South,Hyderabad,Leather Wallet,Fashion,1,894.0,894,CUST-99035,App
UK-2026-104271,2026-06-23,West,Pune,Ionic Hair Dryer,Beauty,1,1834.0,1834,CUST-16962,Marketplace
UK-2026-101291,2026-02-19,South,Kochi,Wireless Earbuds Pro,Electronics,2,3117.0,6234,CUST-32332,Marketplace
UK-2026-101244,2026-02-14,East,Kolkata,Modern Wall Clock,Home & Kitchen,4,784.0,3136,CUST-65321,Marketplace
UK-2026-103672,2026-05-14,South,Hyderabad,Adjustable Dumbbells 15kg,Sports,1,5109.0,5109,CUST-47627,App
UK-2026-102046,2026-03-27,South,Hyderabad,Wireless Earbuds Pro,Electronics,1,3128.0,3128,CUST-41101,App
UK-2026-104115,2026-06-17,South,Bengaluru,Eau de Parfum 100ml,Beauty,1,1951.0,1951,CUST-32110,Website
UK-2026-101778,2026-03-01,West,Pune,Beard Grooming Kit,Beauty,1,1042.0,1042,CUST-96069,Website
UK-2026-101985,2026-03-26,South,Hyderabad,Robot Vacuum R7,Home & Kitchen,1,18382.0,18382,CUST-53725,App
UK-2026-102224,2026-03-21,East,Guwahati,Ethnic Dupatta,Fashion,1,489.0,489,CUST-33758,App
UK-2026-103516,2026-05-11,Central,Bhopal,Gym Gloves,Sports,1,497.0,497,CUST-92899,Marketplace
UK-2026-100431,2026-01-12,North,Gurugram,Noise-Cancelling Headphones,Electronics,1,9364.0,9364,CUST-32069,Website
UK-2026-100250,2026-01-27,North,Delhi,Noise-Cancelling Headphones,Electronics,1,8738.0,8738,CUST-34723,Marketplace
UK-2026-100888,2026-02-10,Central,Raipur,Makeup Brush Set,Beauty,1,1297.0,1297,CUST-23299,Website
UK-2026-104947,2026-06-04,South,Bengaluru,Ethnic Dupatta,Fashion,2,488.0,976,CUST-59952,Website
UK-2026-101300,2026-02-01,South,Chennai,Non-Stick Cookware Set,Home & Kitchen,1,2863.0,2863,CUST-27766,Website
UK-2026-101259,2026-02-23,West,Surat,Non-Stick Cookware Set,Home & Kitchen,1,3023.0,3023,CUST-35317,Website
UK-2026-103898,2026-05-24,South,Bengaluru,Formal Shirt,Fashion,1,1113.0,1113,CUST-76669,Marketplace
UK-2026-103782,2026-05-30,North,Gurugram,Badminton Racket Set,Sports,1,2534.0,2534,CUST-26426,App
UK-2026-104136,2026-06-04,East,Bhubaneswar,Adjustable Dumbbells 15kg,Sports,1,5120.0,5120,CUST-95413,App
UK-2026-101636,2026-03-13,South,Chennai,Non-Stick Cookware Set,Home & Kitchen,3,3010.0,9030,CUST-94744,App
UK-2026-104104,2026-06-03,East,Patna,43-inch Smart TV,Electronics,2,26339.0,52678,CUST-60613,Website
UK-2026-104176,2026-06-28,South,Hyderabad,Ionic Hair Dryer,Beauty,1,1841.0,1841,CUST-26113,App
UK-2026-102485,2026-04-21,South,Hyderabad,Dinner Set 24pc,Home & Kitchen,1,2550.0,2550,CUST-51139,App
UK-2026-103209,2026-05-23,South,Kochi,Formal Shirt,Fashion,2,1103.0,2206,CUST-35533,Website
UK-2026-100059,2026-01-15,North,Chandigarh,Gym Gloves,Sports,1,500.0,500,CUST-80558,App
UK-2026-104502,2026-06-10,South,Kochi,Cycling Helmet,Sports,2,1539.0,3078,CUST-11824,Website
UK-2026-100247,2026-01-13,South,Bengaluru,Sunscreen SPF50,Beauty,1,544.0,544,CUST-79027,App
UK-2026-102821,2026-04-07,North,Noida,Dinner Set 24pc,Home & Kitchen,4,2598.0,10392,CUST-42078,App
UK-2026-102759,2026-04-01,South,Kochi,Beard Grooming Kit,Beauty,1,985.0,985,CUST-31140,App
UK-2026-104209,2026-06-19,West,Mumbai,Adjustable Dumbbells 15kg,Sports,1,5199.0,5199,CUST-68561,App
UK-2026-102663,2026-04-26,South,Chennai,Cotton Kurta Set,Fashion,1,1239.0,1239,CUST-38344,App
UK-2026-103006,2026-04-12,South,Hyderabad,Modern Wall Clock,Home & Kitchen,1,787.0,787,CUST-11671,App
UK-2026-100323,2026-01-22,South,Bengaluru,Robot Vacuum R7,Home & Kitchen,1,19283.0,19283,CUST-82721,App
UK-2026-101010,2026-02-25,Central,Indore,Silk Saree,Fashion,3,3659.0,10977,CUST-80559,App
UK-2026-101768,2026-03-04,South,Chennai,Dinner Set 24pc,Home & Kitchen,1,2438.0,2438,CUST-15101,App
UK-2026-100582,2026-01-06,West,Mumbai,Cotton Kurta Set,Fashion,1,1239.0,1239,CUST-42009,Website
UK-2026-101092,2026-02-11,Central,Raipur,Ultrabook Air 14,Electronics,1,28615.0,28615,CUST-75458,Marketplace
UK-2026-104371,2026-06-12,North,Noida,Slim Fit Jeans,Fashion,1,1617.0,1617,CUST-40767,App
UK-2026-103275,2026-05-13,North,Gurugram,Leather Wallet,Fashion,3,938.0,2814,CUST-28903,App
UK-2026-102522,2026-04-19,Central,Raipur,Ethnic Dupatta,Fashion,1,516.0,516,CUST-44120,App
UK-2026-104795,2026-06-09,West,Surat,Noise-Cancelling Headphones,Electronics,1,8758.0,8758,CUST-51917,App
UK-2026-100183,2026-01-25,Central,Bhopal,Badminton Racket Set,Sports,1,2413.0,2413,CUST-26153,Marketplace
UK-2026-102275,2026-04-27,North,Delhi,Modern Wall Clock,Home & Kitchen,2,833.0,1666,CUST-59636,Website
UK-2026-100031,2026-01-10,South,Hyderabad,Power Bank 20000mAh,Electronics,1,1790.0,1790,CUST-93519,Website
UK-2026-104178,2026-06-13,South,Chennai,Non-Stick Cookware Set,Home & Kitchen,1,2820.0,2820,CUST-16047,App
UK-2026-102540,2026-04-20,West,Ahmedabad,Matte Lipstick Set,Beauty,2,897.0,1794,CUST-66993,Website
UK-2026-104191,2026-06-09,Central,Bhopal,Matte Lipstick Set,Beauty,2,932.0,1864,CUST-86012,Marketplace
UK-2026-100018,2026-01-12,West,Ahmedabad,Smart Watch X2,Electronics,1,4720.0,4720,CUST-16809,Website
UK-2026-103463,2026-05-26,West,Surat,43-inch Smart TV,Electronics,4,24720.0,98880,CUST-94459,Marketplace
UK-2026-102982,2026-04-13,West,Surat,Football Size 5,Sports,1,882.0,882,CUST-96279,App
UK-2026-100105,2026-01-21,North,Gurugram,Ethnic Dupatta,Fashion,1,513.0,513,CUST-48187,App
UK-2026-100678,2026-01-01,North,Noida,Ultrabook Air 14,Electronics,1,30884.0,30884,CUST-19724,Marketplace
UK-2026-100952,2026-02-12,West,Ahmedabad,Modern Wall Clock,Home & Kitchen,1,818.0,818,CUST-99035,App
UK-2026-103229,2026-05-05,West,Surat,Ionic Hair Dryer,Beauty,1,1863.0,1863,CUST-31170,App
UK-2026-101852,2026-03-20,West,Pune,Ethnic Dupatta,Fashion,1,498.0,498,CUST-60271,Website
UK-2026-100539,2026-01-02,South,Chennai,Slim Fit Jeans,Fashion,1,1613.0,1613,CUST-85899,Website
UK-2026-100779,2026-02-09,East,Patna,Cotton Bedsheet Set,Home & Kitchen,2,1358.0,2716,CUST-44778,Website
UK-2026-100081,2026-01-22,East,Patna,Mirrorless Camera Lite,Electronics,1,30316.0,30316,CUST-11494,App
UK-2026-103170,2026-05-29,West,Ahmedabad,Face Wash Combo,Beauty,1,455.0,455,CUST-24703,App
UK-2026-101926,2026-03-26,South,Kochi,Football Size 5,Sports,1,891.0,891,CUST-27294,Website
UK-2026-101767,2026-03-26,North,Gurugram,Adjustable Dumbbells 15kg,Sports,1,4790.0,4790,CUST-38835,App
UK-2026-100808,2026-02-28,North,Delhi,Cotton Bedsheet Set,Home & Kitchen,1,1359.0,1359,CUST-41467,Website
UK-2026-101115,2026-02-17,West,Ahmedabad,Eau de Parfum 100ml,Beauty,3,1962.0,5886,CUST-18192,Website
UK-2026-104196,2026-06-16,South,Kochi,Noise-Cancelling Headphones,Electronics,4,8675.0,34700,CUST-75179,App
UK-2026-104475,2026-06-19,North,Noida,Bluetooth Speaker Mini,Electronics,4,1479.0,5916,CUST-24112,App
UK-2026-102262,2026-04-01,North,Delhi,Sunscreen SPF50,Beauty,1,534.0,534,CUST-88095,App
UK-2026-102524,2026-04-26,South,Bengaluru,Formal Shirt,Fashion,1,1098.0,1098,CUST-47172,App
UK-2026-102615,2026-04-13,South,Bengaluru,Mirrorless Camera Lite,Electronics,1,29274.0,29274,CUST-84977,Marketplace
UK-2026-104226,2026-06-10,East,Kolkata,Bluetooth Speaker Mini,Electronics,1,1529.0,1529,CUST-20942,Website
UK-2026-101454,2026-03-27,South,Kochi,Power Bank 20000mAh,Electronics,2,1804.0,3608,CUST-28153,App
UK-2026-104154,2026-06-17,South,Chennai,Silk Saree,Fashion,1,3618.0,3618,CUST-78260,Marketplace
UK-2026-101974,2026-03-14,West,Surat,Cotton Bedsheet Set,Home & Kitchen,1,1395.0,1395,CUST-68038,Marketplace
UK-2026-103015,2026-04-21,South,Chennai,Air Fryer 5L,Home & Kitchen,1,5305.0,5305,CUST-58002,Marketplace
UK-2026-101989,2026-03-02,West,Pune,Smart Watch X2,Electronics,1,4710.0,4710,CUST-74063,Website
UK-2026-104629,2026-06-06,North,Gurugram,Cricket Bat English Willow,Sports,2,8589.0,17178,CUST-40937,Marketplace
UK-2026-103176,2026-05-04,South,Kochi,Silk Saree,Fashion,1,3381.0,3381,CUST-52809,App
UK-2026-104210,2026-06-10,East,Bhubaneswar,Sunscreen SPF50,Beauty,1,534.0,534,CUST-49155,Website
UK-2026-102047,2026-03-09,Central,Raipur,Running Sneakers,Fashion,1,2723.0,2723,CUST-95788,Website
UK-2026-100342,2026-01-02,North,Noida,Power Bank 20000mAh,Electronics,1,1787.0,1787,CUST-18138,App
UK-2026-103747,2026-05-11,North,Delhi,Cotton Bedsheet Set,Home & Kitchen,2,1406.0,2812,CUST-56547,App
UK-2026-100747,2026-02-01,West,Mumbai,Makeup Brush Set,Beauty,1,1281.0,1281,CUST-22089,App
UK-2026-102178,2026-03-06,West,Surat,Electric Kettle 1.5L,Home & Kitchen,2,1140.0,2280,CUST-26015,App
UK-2026-101452,2026-03-17,North,Chandigarh,Face Wash Combo,Beauty,3,463.0,1389,CUST-71550,Website
UK-2026-101734,2026-03-20,North,Chandigarh,Cotton Bedsheet Set,Home & Kitchen,1,1439.0,1439,CUST-21246,Marketplace
UK-2026-103421,2026-05-14,East,Guwahati,Matte Lipstick Set,Beauty,1,936.0,936,CUST-56538,App
UK-2026-101262,2026-02-28,South,Kochi,Matte Lipstick Set,Beauty,1,913.0,913,CUST-39515,App
UK-2026-103817,2026-05-09,North,Noida,Ethnic Dupatta,Fashion,1,519.0,519,CUST-53414,App
UK-2026-101108,2026-02-10,North,Noida,Football Size 5,Sports,1,887.0,887,CUST-99092,App
UK-2026-102251,2026-04-04,North,Chandigarh,Bluetooth Speaker Mini,Electronics,1,1540.0,1540,CUST-60360,App
UK-2026-100897,2026-02-01,Central,Raipur,Air Fryer 5L,Home & Kitchen,1,5773.0,5773,CUST-76788,Website
UK-2026-102619,2026-04-28,South,Chennai,Dinner Set 24pc,Home & Kitchen,2,2450.0,4900,CUST-58120,App
UK-2026-101994,2026-03-19,Central,Raipur,Adjustable Dumbbells 15kg,Sports,1,4970.0,4970,CUST-65478,App
UK-2026-100556,2026-01-02,West,Ahmedabad,Wireless Earbuds Pro,Electronics,1,3024.0,3024,CUST-19052,App
UK-2026-103424,2026-05-09,South,Bengaluru,Non-Stick Cookware Set,Home & Kitchen,2,2821.0,5642,CUST-58568,Website
UK-2026-100158,2026-01-14,North,Gurugram,Football Size 5,Sports,1,860.0,860,CUST-48333,App
UK-2026-103778,2026-05-12,South,Kochi,Adjustable Dumbbells 15kg,Sports,2,4845.0,9690,CUST-52880,Marketplace
UK-2026-100776,2026-02-06,West,Surat,43-inch Smart TV,Electronics,1,25548.0,25548,CUST-11494,App
UK-2026-102340,2026-04-08,North,Delhi,Badminton Racket Set,Sports,1,2403.0,2403,CUST-65662,Website
UK-2026-100133,2026-01-11,South,Hyderabad,Ultrabook Air 14,Electronics,1,30664.0,30664,CUST-59841,Marketplace
UK-2026-100470,2026-01-04,East,Kolkata,Vitamin C Serum,Beauty,4,721.0,2884,CUST-12346,App
UK-2026-104135,2026-06-06,East,Guwahati,Formal Shirt,Fashion,1,1045.0,1045,CUST-67388,App
UK-2026-101443,2026-02-27,East,Patna,Face Wash Combo,Beauty,3,461.0,1383,CUST-14772,App
UK-2026-104927,2026-06-06,North,Noida,Power Bank 20000mAh,Electronics,2,1725.0,3450,CUST-28101,Marketplace
UK-2026-103119,2026-05-19,East,Bhubaneswar,Vitamin C Serum,Beauty,1,693.0,693,CUST-87075,Marketplace
UK-2026-100352,2026-01-30,South,Kochi,Electric Kettle 1.5L,Home & Kitchen,2,1061.0,2122,CUST-84696,App
UK-2026-101995,2026-03-05,North,Chandigarh,Smart Watch X2,Electronics,4,4408.0,17632,CUST-20994,App
UK-2026-100017,2026-01-04,North,Chandigarh,Electric Kettle 1.5L,Home & Kitchen,2,1152.0,2304,CUST-43539,App
UK-2026-102908,2026-04-11,Central,Nagpur,Slim Fit Jeans,Fashion,4,1657.0,6628,CUST-53573,App
UK-2026-101722,2026-03-11,South,Bengaluru,Non-Stick Cookware Set,Home & Kitchen,3,2762.0,8286,CUST-39952,Website
UK-2026-104054,2026-06-21,South,Bengaluru,Dinner Set 24pc,Home & Kitchen,1,2412.0,2412,CUST-22775,App
UK-2026-103816,2026-05-23,South,Hyderabad,Football Size 5,Sports,1,920.0,920,CUST-32850,App
UK-2026-102858,2026-04-02,West,Mumbai,Cotton Bedsheet Set,Home & Kitchen,1,1429.0,1429,CUST-97014,Website
UK-2026-101461,2026-03-21,East,Patna,Air Fryer 5L,Home & Kitchen,2,5596.0,11192,CUST-14442,Website
UK-2026-101125,2026-02-06,South,Hyderabad,Matte Lipstick Set,Beauty,1,937.0,937,CUST-93115,App
UK-2026-104591,2026-06-10,North,Delhi,Eau de Parfum 100ml,Beauty,2,2015.0,4030,CUST-64353,Website
UK-2026-102755,2026-04-27,West,Pune,Ultrabook Air 14,Electronics,1,29813.0,29813,CUST-81841,Website
UK-2026-104386,2026-06-12,West,Ahmedabad,Robot Vacuum R7,Home & Kitchen,1,18062.0,18062,CUST-12970,App
UK-2026-104291,2026-06-27,North,Noida,Sunscreen SPF50,Beauty,2,526.0,1052,CUST-10738,App
UK-2026-102335,2026-04-19,North,Noida,Mirrorless Camera Lite,Electronics,1,29488.0,29488,CUST-60401,Marketplace
UK-2026-100750,2026-02-19,West,Mumbai,Ultrabook Air 14,Electronics,1,29317.0,29317,CUST-65476,Website
UK-2026-103316,2026-05-25,North,Noida,Ethnic Dupatta,Fashion,1,519.0,519,CUST-96220,Website
UK-2026-103122,2026-05-04,West,Mumbai,Ethnic Dupatta,Fashion,2,483.0,966,CUST-29621,Marketplace
UK-2026-100141,2026-01-18,South,Hyderabad,Denim Jacket,Fashion,1,2206.0,2206,CUST-72067,Marketplace
UK-2026-102221,2026-03-16,South,Kochi,Cricket Bat English Willow,Sports,1,8823.0,8823,CUST-98683,App
UK-2026-104304,2026-06-07,West,Pune,Power Bank 20000mAh,Electronics,1,1766.0,1766,CUST-69256,App
UK-2026-100845,2026-02-01,South,Chennai,Formal Shirt,Fashion,1,1112.0,1112,CUST-14442,App
UK-2026-103556,2026-05-30,South,Hyderabad,Bluetooth Speaker Mini,Electronics,1,1433.0,1433,CUST-90831,Marketplace
UK-2026-103687,2026-05-17,North,Gurugram,Gym Gloves,Sports,1,522.0,522,CUST-15733,App
UK-2026-103250,2026-05-04,East,Patna,Denim Jacket,Fashion,1,2172.0,2172,CUST-42581,App
UK-2026-104572,2026-06-25,South,Hyderabad,Beard Grooming Kit,Beauty,2,1028.0,2056,CUST-50825,Marketplace
UK-2026-104125,2026-06-12,West,Ahmedabad,Ethnic Dupatta,Fashion,2,505.0,1010,CUST-82561,App
UK-2026-101791,2026-03-26,North,Delhi,Noise-Cancelling Headphones,Electronics,1,9019.0,9019,CUST-17670,App
UK-2026-100501,2026-01-29,North,Gurugram,Mixer Grinder 750W,Home & Kitchen,1,3407.0,3407,CUST-51170,App
UK-2026-100765,2026-02-11,Central,Bhopal,Mixer Grinder 750W,Home & Kitchen,2,3358.0,6716,CUST-71242,App
UK-2026-103362,2026-05-24,South,Chennai,Dinner Set 24pc,Home & Kitchen,1,2544.0,2544,CUST-19014,App
UK-2026-102102,2026-03-21,Central,Bhopal,Mixer Grinder 750W,Home & Kitchen,1,3434.0,3434,CUST-43452,Marketplace
UK-2026-102747,2026-04-04,North,Chandigarh,Power Bank 20000mAh,Electronics,2,1839.0,3678,CUST-67859,App
UK-2026-103013,2026-04-20,Central,Bhopal,Electric Kettle 1.5L,Home & Kitchen,1,1047.0,1047,CUST-26209,App
UK-2026-101099,2026-02-14,West,Pune,Running Sneakers,Fashion,1,2807.0,2807,CUST-38644,App
UK-2026-100630,2026-01-23,East,Bhubaneswar,Mixer Grinder 750W,Home & Kitchen,2,3198.0,6396,CUST-31563,App
UK-2026-104044,2026-06-07,North,Delhi,Mixer Grinder 750W,Home & Kitchen,2,3327.0,6654,CUST-18865,App
UK-2026-102616,2026-04-24,South,Hyderabad,Cycling Helmet,Sports,1,1528.0,1528,CUST-16832,Marketplace
UK-2026-102557,2026-04-11,South,Hyderabad,Face Wash Combo,Beauty,2,466.0,932,CUST-27271,App
UK-2026-104903,2026-06-07,East,Bhubaneswar,Cotton Bedsheet Set,Home & Kitchen,2,1408.0,2816,CUST-56949,App
UK-2026-103472,2026-05-02,South,Kochi,Cotton Bedsheet Set,Home & Kitchen,1,1432.0,1432,CUST-68133,App
UK-2026-103784,2026-05-10,North,Chandigarh,Power Bank 20000mAh,Electronics,1,1758.0,1758,CUST-63083,Website
UK-2026-102233,2026-03-19,Central,Nagpur,Ultrabook Air 14,Electronics,1,29190.0,29190,CUST-93364,App
UK-2026-104807,2026-06-18,South,Chennai,Cotton Kurta Set,Fashion,3,1273.0,3819,CUST-21296,Website
UK-2026-103364,2026-05-21,South,Kochi,Smart Watch X2,Electronics,2,4523.0,9046,CUST-64229,Website
UK-2026-104909,2026-06-19,West,Mumbai,Gym Gloves,Sports,2,504.0,1008,CUST-89914,App
UK-2026-104725,2026-06-05,Central,Indore,Power Bank 20000mAh,Electronics,2,1772.0,3544,CUST-27825,Marketplace
UK-2026-104796,2026-06-06,Central,Bhopal,Makeup Brush Set,Beauty,2,1355.0,2710,CUST-62434,Website
UK-2026-102316,2026-04-20,North,Noida,Formal Shirt,Fashion,1,1115.0,1115,CUST-34992,App
UK-2026-101329,2026-02-21,East,Patna,Running Sneakers,Fashion,2,2847.0,5694,CUST-91910,Website
UK-2026-104084,2026-06-19,South,Chennai,Cotton Bedsheet Set,Home & Kitchen,1,1429.0,1429,CUST-20916,App
UK-2026-100256,2026-01-10,East,Kolkata,Cotton Bedsheet Set,Home & Kitchen,1,1448.0,1448,CUST-67388,App
UK-2026-100760,2026-02-06,Central,Indore,Formal Shirt,Fashion,1,1154.0,1154,CUST-77977,App
UK-2026-101809,2026-03-06,North,Delhi,Air Fryer 5L,Home & Kitchen,1,5302.0,5302,CUST-43130,App
UK-2026-104758,2026-06-30,South,Chennai,Smart Watch X2,Electronics,1,4574.0,4574,CUST-35533,App
UK-2026-102397,2026-04-08,East,Patna,Beard Grooming Kit,Beauty,1,1010.0,1010,CUST-52882,Website
UK-2026-103325,2026-05-12,North,Gurugram,43-inch Smart TV,Electronics,3,26131.0,78393,CUST-95974,Marketplace
UK-2026-104237,2026-06-21,North,Delhi,Air Fryer 5L,Home & Kitchen,1,5386.0,5386,CUST-18089,Marketplace
UK-2026-104167,2026-06-12,South,Chennai,Leather Wallet,Fashion,1,937.0,937,CUST-63215,Website
UK-2026-103553,2026-05-23,East,Bhubaneswar,Modern Wall Clock,Home & Kitchen,1,837.0,837,CUST-13408,Marketplace
UK-2026-103257,2026-05-22,North,Chandigarh,Football Size 5,Sports,1,939.0,939,CUST-80863,App
UK-2026-103879,2026-05-05,South,Kochi,Noise-Cancelling Headphones,Electronics,1,8968.0,8968,CUST-62072,Website
UK-2026-101562,2026-03-10,South,Bengaluru,Matte Lipstick Set,Beauty,2,886.0,1772,CUST-59989,App
UK-2026-103841,2026-05-19,East,Guwahati,Ethnic Dupatta,Fashion,1,495.0,495,CUST-22210,Website
UK-2026-100836,2026-02-27,South,Hyderabad,Noise-Cancelling Headphones,Electronics,1,9144.0,9144,CUST-58208,App
UK-2026-100782,2026-02-22,West,Surat,Ionic Hair Dryer,Beauty,1,1935.0,1935,CUST-22444,Website
UK-2026-103272,2026-05-12,Central,Raipur,Mirrorless Camera Lite,Electronics,1,30300.0,30300,CUST-45408,App
UK-2026-103032,2026-04-25,North,Noida,Non-Stick Cookware Set,Home & Kitchen,1,2959.0,2959,CUST-66606,App
UK-2026-100040,2026-01-23,South,Bengaluru,Ionic Hair Dryer,Beauty,3,1838.0,5514,CUST-66747,App
UK-2026-103950,2026-05-18,East,Patna,Robot Vacuum R7,Home & Kitchen,1,18432.0,18432,CUST-22957,Website
UK-2026-100653,2026-01-19,North,Delhi,Silk Saree,Fashion,2,3407.0,6814,CUST-99035,Website
UK-2026-102423,2026-04-16,West,Ahmedabad,Denim Jacket,Fashion,1,2293.0,2293,CUST-18377,App
UK-2026-102183,2026-03-10,West,Ahmedabad,Mixer Grinder 750W,Home & Kitchen,1,3380.0,3380,CUST-84443,Website
UK-2026-104192,2026-06-09,Central,Raipur,Dinner Set 24pc,Home & Kitchen,1,2604.0,2604,CUST-52882,App
UK-2026-100225,2026-01-30,East,Guwahati,Ethnic Dupatta,Fashion,1,504.0,504,CUST-47627,App
UK-2026-104113,2026-06-11,West,Surat,Cycling Helmet,Sports,1,1528.0,1528,CUST-79027,Website
UK-2026-103309,2026-05-13,Central,Nagpur,Denim Jacket,Fashion,4,2170.0,8680,CUST-80543,App
UK-2026-102446,2026-04-22,Central,Nagpur,Running Sneakers,Fashion,2,2935.0,5870,CUST-99379,App
UK-2026-100585,2026-01-04,West,Ahmedabad,Cotton Kurta Set,Fashion,2,1287.0,2574,CUST-83765,App
UK-2026-100028,2026-01-06,North,Gurugram,Cotton Kurta Set,Fashion,2,1333.0,2666,CUST-47050,Website
UK-2026-104424,2026-06-04,South,Hyderabad,Noise-Cancelling Headphones,Electronics,1,9175.0,9175,CUST-89866,Website
UK-2026-104711,2026-06-19,Central,Indore,Yoga Mat Pro,Sports,1,1192.0,1192,CUST-38644,Marketplace
UK-2026-103097,2026-05-02,East,Guwahati,Badminton Racket Set,Sports,1,2571.0,2571,CUST-53371,App
UK-2026-101106,2026-02-12,North,Chandigarh,Silk Saree,Fashion,2,3503.0,7006,CUST-51730,App
UK-2026-103331,2026-05-11,West,Ahmedabad,Mirrorless Camera Lite,Electronics,1,29740.0,29740,CUST-32997,App
UK-2026-103173,2026-05-26,Central,Bhopal,Leather Wallet,Fashion,1,877.0,877,CUST-86509,Website
UK-2026-102649,2026-04-08,North,Noida,Makeup Brush Set,Beauty,1,1298.0,1298,CUST-83289,App
UK-2026-102875,2026-04-01,North,Gurugram,Air Fryer 5L,Home & Kitchen,1,5562.0,5562,CUST-75247,Marketplace
UK-2026-101250,2026-02-25,North,Gurugram,Cotton Bedsheet Set,Home & Kitchen,1,1462.0,1462,CUST-61679,App
UK-2026-103183,2026-05-10,East,Patna,Electric Kettle 1.5L,Home & Kitchen,1,1072.0,1072,CUST-20757,App
UK-2026-103080,2026-04-13,East,Bhubaneswar,Ethnic Dupatta,Fashion,1,491.0,491,CUST-88445,App
UK-2026-104485,2026-06-08,Central,Bhopal,Eau de Parfum 100ml,Beauty,1,1978.0,1978,CUST-88133,Website
UK-2026-104669,2026-06-17,South,Kochi,Modern Wall Clock,Home & Kitchen,1,768.0,768,CUST-63622,Website
UK-2026-104211,2026-06-03,North,Chandigarh,Slim Fit Jeans,Fashion,4,1668.0,6672,CUST-13844,App
UK-2026-103985,2026-05-09,North,Noida,Vitamin C Serum,Beauty,1,716.0,716,CUST-57696,App
UK-2026-103105,2002-05-26,West,Pune,Silk Saree,Fashion,1,3511.0,3511,CUST-22533,App
UK-2026-102410,2026-04-28,South,Chennai,Dinner Set 24pc,Home & Kitchen,1,2555.0,2555,CUST-57293,Website
UK-2026-104181,2026-06-30,South,Kochi,Noise-Cancelling Headphones,Electronics,1,9446.0,9446,CUST-73050,App
UK-2026-101924,2026-03-20,North,Delhi,Cotton Bedsheet Set,Home & Kitchen,2,1393.0,2786,CUST-44493,Website
UK-2026-103112,2026-05-03,West,Ahmedabad,Mirrorless Camera Lite,Electronics,2,29322.0,58644,CUST-54443,Marketplace
UK-2026-104626,2026-06-14,South,Chennai,Bluetooth Speaker Mini,Electronics,1,1528.0,1528,CUST-80001,App
UK-2026-101074,2026-02-05,South,Bengaluru,Denim Jacket,Fashion,1,2241.0,2241,CUST-37993,Website
UK-2026-104771,2026-06-22,North,Delhi,Noise-Cancelling Headphones,Electronics,2,9111.0,18222,CUST-48546,App
UK-2026-101289,2026-02-18,North,Chandigarh,Cycling Helmet,Sports,3,1660.0,4980,CUST-79328,Website
UK-2026-100814,2026-02-16,South,Hyderabad,Ethnic Dupatta,Fashion,1,511.0,511,CUST-62770,Website
UK-2026-104980,2026-06-01,East,Patna,Smart Watch X2,Electronics,1,4659.0,4659,CUST-55703,App
UK-2026-102308,2026-04-18,Central,Bhopal,Cotton Kurta Set,Fashion,1,1264.0,1264,CUST-55160,Marketplace
UK-2026-104349,2026-06-27,West,Ahmedabad,Cotton Bedsheet Set,Home & Kitchen,1,1429.0,1429,CUST-38420,Website
UK-2026-102213,2026-03-06,South,Hyderabad,Mixer Grinder 750W,Home & Kitchen,1,3333.0,3333,CUST-57687,Website
UK-2026-100665,2026-01-30,North,Delhi,43-inch Smart TV,Electronics,1,25444.0,25444,CUST-16759,App
UK-2026-102401,2026-04-20,Central,Raipur,Cycling Helmet,Sports,1,1523.0,1523,CUST-22232,Website
UK-2026-103611,2026-05-10,East,Guwahati,Mixer Grinder 750W,Home & Kitchen,1,3204.0,3204,CUST-43402,Marketplace
UK-2026-103065,2026-04-27,North,Noida,Adjustable Dumbbells 15kg,Sports,1,5135.0,5135,CUST-14051,Website
UK-2026-102731,2026-04-29,Central,Raipur,Sunscreen SPF50,Beauty,1,558.0,558,CUST-24380,App
UK-2026-104166,2026-06-01,West,Mumbai,Running Sneakers,Fashion,1,2767.0,2767,CUST-87319,App
UK-2026-103579,2026-05-14,North,Delhi,Leather Wallet,Fashion,1,879.0,879,CUST-54940,Website
UK-2026-102289,2026-04-11,Central,Indore,Ultrabook Air 14,Electronics,1,28990.0,28990,CUST-52607,App
UK-2026-102433,2026-04-29,East,Bhubaneswar,Power Bank 20000mAh,Electronics,2,1807.0,3614,CUST-22612,App
UK-2026-104047,2026-06-10,North,Gurugram,43-inch Smart TV,Electronics,2,24979.0,49958,CUST-86407,Marketplace
UK-2026-100887,2026-02-15,South,Chennai,Non-Stick Cookware Set,Home & Kitchen,2,2904.0,5808,CUST-83647,App
UK-2026-102384,2026-04-09,North,Chandigarh,Noise-Cancelling Headphones,Electronics,2,8927.0,17854,CUST-35868,Marketplace
UK-2026-101988,2026-03-20,West,Surat,Yoga Mat Pro,Sports,2,1143.0,2286,CUST-21572,Marketplace
UK-2026-103111,2026-05-18,West,Pune,Cycling Helmet,Sports,3,1540.0,4620,CUST-70612,Marketplace
UK-2026-103596,2026-05-13,West,Pune,Mixer Grinder 750W,Home & Kitchen,1,3444.0,3444,CUST-45238,Website
UK-2026-104252,2026-06-01,West,Mumbai,Mirrorless Camera Lite,Electronics,1,28496.0,28496,CUST-71897,Website
UK-2026-104992,2026-06-01,Central,Bhopal,Cotton Bedsheet Set,Home & Kitchen,1,1347.0,1347,CUST-38974,App
UK-2026-102261,2026-04-04,West,Ahmedabad,43-inch Smart TV,Electronics,1,25441.0,25441,CUST-88443,Marketplace
UK-2026-100157,2026-01-27,Central,Bhopal,Formal Shirt,Fashion,1,1087.0,1087,CUST-96792,App
UK-2026-101963,2026-03-27,East,Guwahati,Mirrorless Camera Lite,Electronics,1,29895.0,29895,CUST-27293,Marketplace
UK-2026-104691,2026-06-19,East,Bhubaneswar,Ultrabook Air 14,Electronics,2,29818.0,59636,CUST-94026,Website
UK-2026-102640,2026-04-29,South,Chennai,Leather Wallet,Fashion,1,869.0,869,CUST-40950,App
UK-2026-103851,2026-05-12,South,Chennai,Foldable Treadmill T2,Sports,1,24235.0,24235,CUST-83442,Website
UK-2026-102958,2026-04-27,North,Delhi,Modern Wall Clock,Home & Kitchen,2,761.0,1522,CUST-30805,Marketplace
UK-2026-102098,2026-03-18,Central,Bhopal,Mixer Grinder 750W,Home & Kitchen,1,3264.0,3264,CUST-56299,Website
UK-2026-104689,2026-06-04,South,Bengaluru,Bluetooth Speaker Mini,Electronics,3,1562.0,4686,CUST-16169,Website
UK-2026-104043,2026-06-27,South,Bengaluru,Mixer Grinder 750W,Home & Kitchen,1,3310.0,3310,CUST-18111,Marketplace
UK-2026-102565,2026-04-21,West,Mumbai,Leather Wallet,Fashion,1,884.0,884,CUST-13036,App
UK-2026-100860,2026-02-12,South,Kochi,Modern Wall Clock,Home & Kitchen,2,807.0,1614,CUST-66445,Website
UK-2026-102031,2026-03-28,South,Hyderabad,Power Bank 20000mAh,Electronics,1,1728.0,1728,CUST-50394,Website
UK-2026-100023,2026-01-21,Central,Indore,Running Sneakers,Fashion,3,2809.0,8427,CUST-40718,Website
UK-2026-101979,2026-03-08,South,Chennai,Wireless Earbuds Pro,Electronics,1,2948.0,2948,CUST-88445,Website
UK-2026-101415,2026-02-13,North,Noida,Yoga Mat Pro,Sports,3,1158.0,3474,CUST-22320,App
UK-2026-100481,2026-01-10,East,Patna,Smart Watch X2,Electronics,1,4542.0,4542,CUST-64998,Website
UK-2026-102314,2026-04-10,West,Pune,Face Wash Combo,Beauty,1,441.0,441,CUST-78083,Marketplace
UK-2026-102802,2026-04-15,Central,Indore,Denim Jacket,Fashion,3,2301.0,6903,CUST-34084,App
UK-2026-101036,2026-02-09,West,Mumbai,Wireless Earbuds Pro,Electronics,2,3001.0,6002,CUST-65478,Website
UK-2026-103363,2026-05-14,North,Delhi,Power Bank 20000mAh,Electronics,1,1721.0,1721,CUST-33838,App
UK-2026-100931,2026-02-06,East,Bhubaneswar,Noise-Cancelling Headphones,Electronics,2,8561.0,17122,CUST-85684,Website
UK-2026-103340,2026-05-29,North,Delhi,Matte Lipstick Set,Beauty,1,895.0,895,CUST-17086,Website
UK-2026-101957,2026-03-02,West,Mumbai,Ethnic Dupatta,Fashion,1,476.0,476,CUST-37107,Website
UK-2026-104359,2026-06-30,East,Patna,Silk Saree,Fashion,1,3618.0,3618,CUST-58002,App
UK-2026-103705,2026-05-30,East,Patna,Smart Watch X2,Electronics,1,4624.0,4624,CUST-99550,Marketplace
UK-2026-101380,2026-02-16,North,Gurugram,Mixer Grinder 750W,Home & Kitchen,1,3352.0,3352,CUST-92714,App
UK-2026-100287,2026-01-29,West,Pune,Silk Saree,Fashion,1,3551.0,3551,CUST-56165,App
UK-2026-102730,2026-04-22,South,Kochi,43-inch Smart TV,Electronics,2,26788.0,53576,CUST-34426,App
UK-2026-102142,2026-03-26,Central,Nagpur,Makeup Brush Set,Beauty,1,1239.0,1239,CUST-25651,Website
UK-2026-100430,2026-01-19,East,Bhubaneswar,Modern Wall Clock,Home & Kitchen,2,799.0,1598,CUST-42681,Website
UK-2026-100440,2026-01-19,North,Gurugram,Cotton Bedsheet Set,Home & Kitchen,2,1446.0,2892,CUST-29591,App
UK-2026-103786,2026-05-16,West,Pune,Cotton Bedsheet Set,Home & Kitchen,2,1369.0,2738,CUST-54974,Website
UK-2026-104979,2026-06-19,West,Ahmedabad,Robot Vacuum R7,Home & Kitchen,1,18283.0,18283,CUST-16933,App
UK-2026-102531,2026-04-12,North,Chandigarh,Electric Kettle 1.5L,Home & Kitchen,1,1086.0,1086,CUST-50243,Website
UK-2026-104034,2026-06-09,North,Noida,Football Size 5,Sports,1,876.0,876,CUST-55731,Marketplace
UK-2026-102934,2026-04-29,North,Delhi,Sunscreen SPF50,Beauty,2,542.0,1084,CUST-65900,App
UK-2026-104775,2026-06-23,West,Mumbai,Leather Wallet,Fashion,1,861.0,861,CUST-24416,Website
UK-2026-101867,2026-03-15,Central,Bhopal,Bluetooth Speaker Mini,Electronics,1,1553.0,1553,CUST-31072,Website
UK-2026-100404,2026-01-23,South,Chennai,Foldable Treadmill T2,Sports,1,23911.0,23911,CUST-77875,Marketplace
UK-2026-104879,2026-06-27,North,Chandigarh,Power Bank 20000mAh,Electronics,2,1742.0,3484,CUST-41467,Marketplace
UK-2026-101775,2026-03-30,East,Patna,Silk Saree,Fashion,2,3541.0,7082,CUST-53573,Website
UK-2026-102368,2026-04-26,South,Kochi,Denim Jacket,Fashion,3,2100.0,6300,CUST-75469,App
UK-2026-101348,2026-02-21,North,Chandigarh,43-inch Smart TV,Electronics,1,26455.0,26455,CUST-57335,App
UK-2026-104097,2026-06-09,Central,Raipur,Dinner Set 24pc,Home & Kitchen,1,2581.0,2581,CUST-90457,Marketplace
UK-2026-102041,2026-03-03,North,Chandigarh,43-inch Smart TV,Electronics,1,27190.0,27190,CUST-96792,App
UK-2026-101232,2026-02-06,South,Hyderabad,Noise-Cancelling Headphones,Electronics,1,9117.0,9117,CUST-69195,Website
UK-2026-101054,2026-02-15,Central,Indore,Smart Watch X2,Electronics,1,4688.0,4688,CUST-51824,Website
UK-2026-102294,2026-04-22,South,Bengaluru,Smart Watch X2,Electronics,1,4563.0,4563,CUST-62434,Marketplace
UK-2026-103045,2026-04-10,North,Noida,Bluetooth Speaker Mini,Electronics,4,1480.0,5920,CUST-22638,Marketplace
UK-2026-104936,2026-06-03,Central,Indore,Makeup Brush Set,Beauty,1,1259.0,1259,CUST-38558,Website
UK-2026-104998,2026-06-06,South,Chennai,Air Fryer 5L,Home & Kitchen,1,5612.0,5612,CUST-10089,App
UK-2026-103400,2026-05-10,West,Pune,Power Bank 20000mAh,Electronics,1,1783.0,1783,CUST-56547,App
UK-2026-101592,2026-03-22,North,Gurugram,Vitamin C Serum,Beauty,1,668.0,668,CUST-96959,Marketplace
UK-2026-100640,2026-01-24,North,Noida,Air Fryer 5L,Home & Kitchen,1,5719.0,5719,CUST-10158,App
UK-2026-104997,2026-06-06,West,Ahmedabad,Cotton Bedsheet Set,Home & Kitchen,2,1462.0,2924,CUST-22232,Website
UK-2026-102334,2026-04-05,North,Delhi,Denim Jacket,Fashion,1,2285.0,2285,CUST-93842,App
UK-2026-103100,2026-05-24,North,Delhi,Power Bank 20000mAh,Electronics,2,1772.0,3544,CUST-21782,Marketplace
UK-2026-103423,2026-05-26,West,Pune,Sunscreen SPF50,Beauty,1,549.0,549,CUST-11235,App
UK-2026-100646,2026-01-19,Central,Indore,Cricket Bat English Willow,Sports,1,8779.0,8779,CUST-40655,Website
UK-2026-104289,2026-06-02,Central,Bhopal,Electric Kettle 1.5L,Home & Kitchen,2,1110.0,2220,CUST-84977,Website
UK-2026-101113,2026-02-26,West,Mumbai,Smart Watch X2,Electronics,3,4492.0,13476,CUST-87054,App
UK-2026-102534,2026-04-18,North,Delhi,Badminton Racket Set,Sports,1,2515.0,2515,CUST-55703,App
UK-2026-100332,2026-01-29,East,Bhubaneswar,Denim Jacket,Fashion,2,2294.0,4588,CUST-14018,Website
UK-2026-103166,2026-05-21,West,Ahmedabad,Air Fryer 5L,Home & Kitchen,2,5362.0,10724,CUST-51803,App
UK-2026-100077,2026-01-09,Central,Indore,Wireless Earbuds Pro,Electronics,2,3027.0,6054,CUST-44611,Website
UK-2026-101801,2026-03-03,West,Ahmedabad,Cotton Kurta Set,Fashion,3,1344.0,4032,CUST-40490,Website
UK-2026-103030,2026-04-22,South,Bengaluru,Noise-Cancelling Headphones,Electronics,1,8881.0,8881,CUST-81202,Website
UK-2026-100918,2026-02-01,South,Hyderabad,Yoga Mat Pro,Sports,1,1203.0,1203,CUST-88095,App
UK-2026-101132,2026-02-23,West,Mumbai,Denim Jacket,Fashion,2,2131.0,4262,CUST-29071,Website
UK-2026-101117,2026-02-02,South,Bengaluru,Cycling Helmet,Sports,2,1602.0,3204,CUST-26539,Website
UK-2026-100289,2026-01-20,West,Surat,Dinner Set 24pc,Home & Kitchen,1,2583.0,2583,CUST-33573,Website
UK-2026-103074,2026-04-23,South,Chennai,Dinner Set 24pc,Home & Kitchen,1,2586.0,2586,CUST-80790,Website
UK-2026-103258,2026-05-03,South,Chennai,Air Fryer 5L,Home & Kitchen,1,5316.0,5316,CUST-79161,App
UK-2026-101702,2026-03-17,South,Kochi,Non-Stick Cookware Set,Home & Kitchen,2,3033.0,6066,CUST-24804,App
UK-2026-100039,2026-01-12,North,Chandigarh,Gym Gloves,Sports,2,496.0,992,CUST-18146,Marketplace
UK-2026-104132,2026-06-22,North,Gurugram,Ionic Hair Dryer,Beauty,1,1854.0,1854,CUST-33091,Website
UK-2026-100093,2026-01-05,Central,Nagpur,Leather Wallet,Fashion,1,924.0,924,CUST-77878,Website
UK-2026-104124,2026-06-25,North,Noida,Cotton Bedsheet Set,Home & Kitchen,1,1464.0,1464,CUST-63418,App
UK-2026-103292,2026-05-30,South,Chennai,Football Size 5,Sports,1,858.0,858,CUST-60364,App
UK-2026-101561,2026-03-23,South,Hyderabad,43-inch Smart TV,Electronics,1,25765.0,25765,CUST-14018,Website
UK-2026-102553,2026-04-20,West,Mumbai,Gym Gloves,Sports,2,506.0,1012,CUST-48555,App
UK-2026-100911,2026-02-15,Central,Raipur,Electric Kettle 1.5L,Home & Kitchen,1,1146.0,1146,CUST-88443,Website
UK-2026-100871,2026-02-08,North,Gurugram,Power Bank 20000mAh,Electronics,2,1787.0,3574,CUST-55731,App
UK-2026-102421,2026-04-16,South,Bengaluru,Denim Jacket,Fashion,1,2177.0,2177,CUST-99586,App
UK-2026-103432,2026-05-27,North,Gurugram,Noise-Cancelling Headphones,Electronics,2,9094.0,18188,CUST-99561,Marketplace
UK-2026-103753,2026-05-20,East,Patna,Eau de Parfum 100ml,Beauty,1,2075.0,2075,CUST-76698,Website
UK-2026-104441,2026-06-30,Central,Nagpur,43-inch Smart TV,Electronics,1,27051.0,27051,CUST-17024,App
UK-2026-104142,2026-06-17,Central,Bhopal,Leather Wallet,Fashion,1,935.0,935,CUST-28238,Website
UK-2026-104254,2026-06-24,South,Chennai,Smart Watch X2,Electronics,2,4352.0,8704,CUST-84696,Marketplace
UK-2026-104007,2026-05-25,Central,Raipur,Running Sneakers,Fashion,1,2715.0,2715,CUST-48555,Marketplace
UK-2026-104865,2026-06-02,East,Patna,Beard Grooming Kit,Beauty,1,956.0,956,CUST-80558,Website
UK-2026-102093,2026-03-15,Central,Bhopal,Power Bank 20000mAh,Electronics,1,1839.0,1839,CUST-72408,Marketplace
UK-2026-101193,2026-02-07,West,Ahmedabad,Bluetooth Speaker Mini,Electronics,1,1573.0,1573,CUST-15692,Marketplace
UK-2026-101792,2026-03-11,Central,Raipur,Vitamin C Serum,Beauty,1,722.0,722,CUST-53725,Website
UK-2026-101696,2026-03-24,West,Ahmedabad,Power Bank 20000mAh,Electronics,1,1851.0,1851,CUST-38305,App
UK-2026-104103,2026-06-01,West,Mumbai,Noise-Cancelling Headphones,Electronics,1,8998.0,8998,CUST-71550,App
UK-2026-101929,2026-03-18,North,Delhi,Beard Grooming Kit,Beauty,1,951.0,951,CUST-62830,Website
UK-2026-101392,2026-02-17,West,Mumbai,Bluetooth Speaker Mini,Electronics,2,1469.0,2938,CUST-35901,App
UK-2026-104045,2026-06-05,Central,Nagpur,Denim Jacket,Fashion,1,2218.0,2218,CUST-99653,App
UK-2026-101780,2026-03-17,East,Kolkata,Makeup Brush Set,Beauty,1,1350.0,1350,CUST-84755,App
UK-2026-100638,2026-01-28,North,Gurugram,Silk Saree,Fashion,1,3448.0,3448,CUST-56949,App
UK-2026-100901,2026-02-05,West,Pune,43-inch Smart TV,Electronics,1,25807.0,25807,CUST-19828,Marketplace
UK-2026-103131,2026-05-05,North,Gurugram,Modern Wall Clock,Home & Kitchen,4,770.0,3080,CUST-98820,Marketplace
UK-2026-104198,2026-06-29,West,Surat,Dinner Set 24pc,Home & Kitchen,3,2459.0,7377,CUST-58407,Website
UK-2026-104194,2026-06-26,West,Ahmedabad,Smart Watch X2,Electronics,1,4711.0,4711,CUST-57212,Marketplace
UK-2026-101477,2026-03-01,East,Kolkata,Slim Fit Jeans,Fashion,2,1623.0,3246,CUST-82889,Marketplace
UK-2026-102704,2026-04-22,South,Hyderabad,Cotton Kurta Set,Fashion,1,1250.0,1250,CUST-34426,Website
UK-2026-104497,2026-06-14,South,Bengaluru,Silk Saree,Fashion,1,3330.0,3330,CUST-64135,Marketplace
UK-2026-101068,2026-02-27,North,Noida,Silk Saree,Fashion,2,3349.0,6698,CUST-21987,App
UK-2026-101357,2026-02-17,South,Bengaluru,Formal Shirt,Fashion,2,1046.0,2092,CUST-11235,Website
UK-2026-102807,2026-04-25,East,Guwahati,Smart Watch X2,Electronics,1,4635.0,4635,CUST-54435,App
UK-2026-104848,2026-06-11,South,Chennai,Beard Grooming Kit,Beauty,1,1026.0,1026,CUST-33184,App
UK-2026-100728,2026-02-08,West,Mumbai,Yoga Mat Pro,Sports,3,1183.0,3549,CUST-88029,App
UK-2026-101545,2026-03-03,South,Chennai,Ultrabook Air 14,Electronics,1,31454.0,31454,CUST-48390,Marketplace
UK-2026-103640,2026-05-01,West,Mumbai,Ethnic Dupatta,Fashion,1,513.0,513,CUST-89951,App
UK-2026-104122,2026-06-14,Central,Nagpur,Leather Wallet,Fashion,1,903.0,903,CUST-63175,App
UK-2026-103582,2026-05-29,North,Gurugram,Eau de Parfum 100ml,Beauty,1,1956.0,1956,CUST-19207,Website
UK-2026-102578,2026-04-16,East,Bhubaneswar,Mirrorless Camera Lite,Electronics,2,28383.0,56766,CUST-59543,Website
UK-2026-102941,2026-04-02,East,Patna,Bluetooth Speaker Mini,Electronics,2,1446.0,2892,CUST-25651,Marketplace
UK-2026-103565,2026-05-16,West,Pune,Dinner Set 24pc,Home & Kitchen,1,2539.0,2539,CUST-80180,Marketplace
UK-2026-100346,2026-01-10,South,Chennai,43-inch Smart TV,Electronics,2,26087.0,52174,CUST-20300,App
UK-2026-102039,2026-03-04,South,Bengaluru,Electric Kettle 1.5L,Home & Kitchen,2,1044.0,2088,CUST-28903,App
UK-2026-102679,2026-04-28,East,Bhubaneswar,Cotton Kurta Set,Fashion,1,1324.0,1324,CUST-87319,Website
UK-2026-100300,2026-01-09,Central,Nagpur,Air Fryer 5L,Home & Kitchen,2,5705.0,11410,CUST-96880,App
UK-2026-100220,2026-01-16,North,Delhi,Power Bank 20000mAh,Electronics,1,1816.0,1816,CUST-26426,Marketplace
UK-2026-102839,2026-04-10,West,Surat,Cycling Helmet,Sports,1,1519.0,1519,CUST-69637,Website
UK-2026-100832,2026-02-19,West,Pune,Mirrorless Camera Lite,Electronics,1,28359.0,28359,CUST-92680,App
UK-2026-101172,2026-02-09,South,Hyderabad,Wireless Earbuds Pro,Electronics,2,2869.0,5738,CUST-28752,Marketplace
UK-2026-103599,2026-05-09,South,Kochi,Leather Wallet,Fashion,1,870.0,870,CUST-96880,App
UK-2026-104218,2026-06-21,West,Mumbai,Noise-Cancelling Headphones,Electronics,1,8894.0,8894,CUST-66618,Marketplace
UK-2026-101519,2026-03-02,West,Ahmedabad,Non-Stick Cookware Set,Home & Kitchen,2,2795.0,5590,CUST-44493,Website
UK-2026-100143,2026-01-20,North,Delhi,Bluetooth Speaker Mini,Electronics,1,1557.0,1557,CUST-19014,App
UK-2026-103348,2026-05-04,Central,Nagpur,Slim Fit Jeans,Fashion,1,1657.0,1657,CUST-10299,App
UK-2026-103772,2026-05-09,Central,Indore,Cricket Bat English Willow,Sports,1,8937.0,8937,CUST-27293,Marketplace
UK-2026-100873,2026-02-04,North,Noida,Power Bank 20000mAh,Electronics,1,1833.0,1833,CUST-65040,Marketplace
UK-2026-104717,2026-06-05,South,Chennai,Mixer Grinder 750W,Home & Kitchen,1,3156.0,3156,CUST-72820,App
UK-2026-100494,2026-01-23,East,Guwahati,Cotton Bedsheet Set,Home & Kitchen,1,1431.0,1431,CUST-36013,Website
UK-2026-101785,2026-03-02,North,Gurugram,Robot Vacuum R7,Home & Kitchen,4,18546.0,74184,CUST-73277,App
UK-2026-102772,2026-04-29,East,Patna,Cycling Helmet,Sports,2,1588.0,3176,CUST-33722,App
UK-2026-104501,2026-06-11,West,Surat,Beard Grooming Kit,Beauty,1,1015.0,1015,CUST-54657,App
UK-2026-101609,2026-03-28,West,Mumbai,Wireless Earbuds Pro,Electronics,2,2949.0,5898,CUST-10598,Marketplace
UK-2026-100148,2026-01-16,South,Hyderabad,Leather Wallet,Fashion,1,894.0,894,CUST-31478,Website
UK-2026-102075,2026-03-27,Central,Nagpur,Electric Kettle 1.5L,Home & Kitchen,3,1143.0,3429,CUST-58111,App
UK-2026-100027,2026-01-24,Central,Raipur,Cycling Helmet,Sports,1,1527.0,1527,CUST-65662,App
UK-2026-100984,2026-02-27,West,Mumbai,Dinner Set 24pc,Home & Kitchen,1,2454.0,2454,CUST-28692,App
UK-2026-102650,2026-04-19,South,Kochi,Bluetooth Speaker Mini,Electronics,1,1517.0,1517,CUST-40802,App
UK-2026-100956,2026-02-28,West,Ahmedabad,Gym Gloves,Sports,3,524.0,1572,CUST-14900,Marketplace
UK-2026-103910,2026-05-02,Central,Raipur,Air Fryer 5L,Home & Kitchen,1,5442.0,5442,CUST-12346,Website
UK-2026-102472,2026-04-14,West,Surat,Face Wash Combo,Beauty,2,439.0,878,CUST-73605,App
UK-2026-103242,2026-05-06,North,Chandigarh,Cotton Kurta Set,Fashion,2,1332.0,2664,CUST-76374,App
UK-2026-104784,2026-06-09,North,Noida,Wireless Earbuds Pro,Electronics,4,2877.0,11508,CUST-24719,Marketplace
UK-2026-100489,2026-01-24,West,Surat,Leather Wallet,Fashion,1,861.0,861,CUST-21231,App
UK-2026-104805,2026-06-27,South,Kochi,Dinner Set 24pc,Home & Kitchen,2,2456.0,4912,CUST-22228,App
UK-2026-100551,2026-01-27,East,Guwahati,Vitamin C Serum,Beauty,1,714.0,714,CUST-22728,App
UK-2026-103351,2026-05-29,Central,Nagpur,Smart Watch X2,Electronics,3,4337.0,13011,CUST-17509,Marketplace
UK-2026-100124,2026-01-22,North,Chandigarh,Ethnic Dupatta,Fashion,2,520.0,1040,CUST-21909,Website
UK-2026-104923,2026-06-11,West,Pune,Power Bank 20000mAh,Electronics,1,1854.0,1854,CUST-68911,App
UK-2026-100939,2026-02-19,South,Bengaluru,Makeup Brush Set,Beauty,1,1282.0,1282,CUST-13036,Website
UK-2026-104746,2026-06-18,North,Noida,Robot Vacuum R7,Home & Kitchen,1,18728.0,18728,CUST-34603,App
UK-2026-102953,2026-04-17,South,Chennai,Air Fryer 5L,Home & Kitchen,1,5293.0,5293,CUST-37107,Marketplace
UK-2026-102665,2026-04-23,West,Surat,Power Bank 20000mAh,Electronics,1,1849.0,1849,CUST-22232,Marketplace
UK-2026-101858,2026-03-17,South,Hyderabad,Makeup Brush Set,Beauty,2,1313.0,2626,CUST-12236,App
UK-2026-104709,2026-06-24,South,Bengaluru,Slim Fit Jeans,Fashion,1,1524.0,1524,CUST-21239,App
UK-2026-101335,2026-02-24,South,Bengaluru,Slim Fit Jeans,Fashion,1,1627.0,1627,CUST-18712,Marketplace
UK-2026-101384,2026-02-12,South,Kochi,Denim Jacket,Fashion,1,2246.0,2246,CUST-42275,App
UK-2026-102740,2026-04-12,East,Guwahati,Badminton Racket Set,Sports,1,2438.0,2438,CUST-95758,App
UK-2026-103815,2026-05-23,North,Delhi,Modern Wall Clock,Home & Kitchen,1,796.0,796,CUST-73853,Website
UK-2026-102869,2026-04-01,East,Bhubaneswar,Silk Saree,Fashion,1,3536.0,3536,CUST-17123,App
UK-2026-103069,2026-04-13,South,Hyderabad,Mirrorless Camera Lite,Electronics,1,29868.0,29868,CUST-71092,Website
UK-2026-102882,2026-04-08,Central,Indore,Ethnic Dupatta,Fashion,1,500.0,500,CUST-35917,App
UK-2026-104009,2026-05-25,South,Hyderabad,Running Sneakers,Fashion,1,2889.0,2889,CUST-73160,App
UK-2026-104308,2025-06-26,West,Pune,Bluetooth Speaker Mini,Electronics,2,1518.0,3036,CUST-35221,Website
UK-2026-100899,2026-02-08,South,Kochi,Vitamin C Serum,Beauty,4,674.0,2696,CUST-72079,App
UK-2026-101355,2026-02-16,East,Patna,Ethnic Dupatta,Fashion,1,512.0,512,CUST-44548,App
UK-2026-102542,2026-04-04,Central,Indore,Ultrabook Air 14,Electronics,1,28519.0,28519,CUST-22637,Website
UK-2026-102303,2026-04-09,North,Chandigarh,Cricket Bat English Willow,Sports,1,8752.0,8752,CUST-34887,Website
UK-2026-101565,2026-03-03,West,Ahmedabad,Face Wash Combo,Beauty,2,433.0,866,CUST-75923,Website
UK-2026-102254,2026-04-03,South,Bengaluru,Gym Gloves,Sports,2,502.0,1004,CUST-91152,Website
UK-2026-101102,2026-02-09,Central,Bhopal,Sunscreen SPF50,Beauty,1,526.0,526,CUST-70959,Website
UK-2026-102968,2026-04-11,Central,Indore,Leather Wallet,Fashion,1,937.0,937,CUST-12786,App
UK-2026-104138,2026-06-04,South,Chennai,Yoga Mat Pro,Sports,1,1187.0,1187,CUST-89661,App
UK-2026-102660,2026-04-25,North,Noida,Modern Wall Clock,Home & Kitchen,1,794.0,794,CUST-79027,App
UK-2026-103385,2026-05-28,South,Bengaluru,Silk Saree,Fashion,1,3442.0,3442,CUST-98009,App
UK-2026-102575,2026-04-04,North,Gurugram,Cotton Bedsheet Set,Home & Kitchen,1,1395.0,1395,CUST-68938,Marketplace
UK-2026-102932,2026-04-22,West,Ahmedabad,Running Sneakers,Fashion,1,2807.0,2807,CUST-70399,Marketplace
UK-2026-103143,2026-05-23,West,Mumbai,Dinner Set 24pc,Home & Kitchen,2,2478.0,4956,CUST-65416,Website
UK-2026-101148,2026-02-01,South,Kochi,Denim Jacket,Fashion,2,2246.0,4492,CUST-81283,Website
UK-2026-103533,2026-05-24,South,Bengaluru,Formal Shirt,Fashion,2,1063.0,2126,CUST-26816,Website
UK-2026-102036,2026-03-29,East,Bhubaneswar,Football Size 5,Sports,1,877.0,877,CUST-63774,Website
UK-2026-103781,2026-05-26,East,Kolkata,Smart Watch X2,Electronics,2,4581.0,9162,CUST-59698,Website
UK-2026-100529,2026-01-02,North,Noida,Leather Wallet,Fashion,1,931.0,931,CUST-78097,Marketplace
UK-2026-104888,2026-06-10,North,Gurugram,Mirrorless Camera Lite,Electronics,4,28642.0,114568,CUST-24939,Website
UK-2026-101480,2026-03-03,East,Bhubaneswar,Mirrorless Camera Lite,Electronics,1,28960.0,28960,CUST-74726,Website
UK-2026-101848,2026-03-01,Central,Nagpur,Electric Kettle 1.5L,Home & Kitchen,1,1091.0,1091,CUST-99018,App
UK-2026-100818,2026-02-22,West,Mumbai,Football Size 5,Sports,1,920.0,920,CUST-11671,Website
UK-2026-101140,2026-02-07,East,Patna,Air Fryer 5L,Home & Kitchen,2,5483.0,10966,CUST-18306,Website
UK-2026-102744,2026-04-18,East,Patna,Cricket Bat English Willow,Sports,1,9422.0,9422,CUST-48814,Website
UK-2026-101796,2026-03-07,Central,Raipur,Air Fryer 5L,Home & Kitchen,1,5282.0,5282,CUST-52183,App
UK-2026-102876,2026-04-20,East,Patna,Leather Wallet,Fashion,1,858.0,858,CUST-37506,App
UK-2026-101199,2026-02-27,South,Chennai,Cycling Helmet,Sports,1,1641.0,1641,CUST-44788,App
UK-2026-101152,2026-02-19,North,Delhi,Mirrorless Camera Lite,Electronics,1,28668.0,28668,CUST-20757,Website
UK-2026-100328,2026-01-05,East,Bhubaneswar,Ultrabook Air 14,Electronics,1,29885.0,29885,CUST-83726,App
UK-2026-102656,2026-04-08,Central,Nagpur,Power Bank 20000mAh,Electronics,2,1732.0,3464,CUST-98500,Website
UK-2026-100450,2026-01-10,Central,Bhopal,Running Sneakers,Fashion,2,2828.0,5656,CUST-42275,Marketplace
UK-2026-104334,2026-06-17,South,Hyderabad,Leather Wallet,Fashion,1,864.0,864,CUST-27196,App
UK-2026-100979,2026-02-14,South,Bengaluru,Cotton Kurta Set,Fashion,4,1342.0,5368,CUST-69044,App
UK-2026-103414,2026-05-01,North,Delhi,Air Fryer 5L,Home & Kitchen,3,5272.0,15816,CUST-60320,Website
UK-2026-103844,2026-05-10,South,Kochi,Eau de Parfum 100ml,Beauty,2,1905.0,3810,CUST-56943,App
UK-2026-100208,2026-01-22,East,Bhubaneswar,Running Sneakers,Fashion,2,2764.0,5528,CUST-48639,Website
UK-2026-100545,2026-01-30,East,Patna,Vitamin C Serum,Beauty,1,706.0,706,CUST-11471,App
UK-2026-102015,2026-03-25,West,Mumbai,Running Sneakers,Fashion,1,2830.0,2830,CUST-64135,Marketplace
UK-2026-102045,2026-03-27,Central,Bhopal,Mirrorless Camera Lite,Electronics,2,28591.0,57182,CUST-62827,Website
UK-2026-100915,2026-02-02,East,Guwahati,Leather Wallet,Fashion,1,856.0,856,CUST-95101,Marketplace
UK-2026-100819,2026-02-19,North,Chandigarh,Noise-Cancelling Headphones,Electronics,1,9023.0,9023,CUST-37492,App
UK-2026-103595,2026-05-11,West,Surat,Beard Grooming Kit,Beauty,1,971.0,971,CUST-12795,App
UK-2026-102880,2026-04-06,North,Delhi,Eau de Parfum 100ml,Beauty,1,1918.0,1918,CUST-51917,Website
UK-2026-100695,2026-01-27,South,Chennai,Slim Fit Jeans,Fashion,1,1637.0,1637,CUST-87319,Marketplace
UK-2026-102682,2026-04-08,North,Delhi,Denim Jacket,Fashion,2,2134.0,4268,CUST-36995,App
UK-2026-101422,2026-02-01,South,Kochi,Non-Stick Cookware Set,Home & Kitchen,1,2814.0,2814,CUST-84881,App
UK-2026-102398,2026-04-17,North,Gurugram,Running Sneakers,Fashion,3,2874.0,8622,CUST-84696,App
UK-2026-101715,2026-03-13,South,Kochi,Ionic Hair Dryer,Beauty,2,1986.0,3972,CUST-93426,App
UK-2026-101201,2026-02-17,North,Gurugram,Matte Lipstick Set,Beauty,2,933.0,1866,CUST-79332,Website
UK-2026-101274,2026-02-17,North,Delhi,Beard Grooming Kit,Beauty,1,989.0,989,CUST-51096,App
UK-2026-101111,2026-02-04,South,Kochi,Adjustable Dumbbells 15kg,Sports,1,4997.0,4997,CUST-22893,Website
UK-2026-102786,2026-04-16,West,Mumbai,Power Bank 20000mAh,Electronics,2,1724.0,3448,CUST-12970,Marketplace
UK-2026-101435,2026-02-21,Central,Indore,Formal Shirt,Fashion,2,1136.0,2272,CUST-64798,App
UK-2026-101223,2026-02-08,East,Kolkata,Wireless Earbuds Pro,Electronics,1,3063.0,3063,CUST-42657,App
UK-2026-100951,2026-02-12,North,Gurugram,Dinner Set 24pc,Home & Kitchen,2,2466.0,4932,CUST-21054,Marketplace
UK-2026-101756,2026-03-25,Central,Bhopal,Dinner Set 24pc,Home & Kitchen,1,2574.0,2574,CUST-79131,App
UK-2026-102563,2026-04-09,North,Delhi,Leather Wallet,Fashion,1,924.0,924,CUST-64119,Website
UK-2026-104870,2026-06-17,South,Kochi,Modern Wall Clock,Home & Kitchen,1,804.0,804,CUST-23940,Marketplace
UK-2026-100868,2026-02-25,West,Ahmedabad,Ethnic Dupatta,Fashion,3,523.0,1569,CUST-56374,App
UK-2026-102614,2026-04-28,West,Surat,Cotton Bedsheet Set,Home & Kitchen,1,1459.0,1459,CUST-98687,Marketplace
UK-2026-103359,2026-05-21,East,Bhubaneswar,Ultrabook Air 14,Electronics,1,29552.0,29552,CUST-53855,App
UK-2026-100985,2026-02-26,South,Hyderabad,Robot Vacuum R7,Home & Kitchen,2,19092.0,38184,CUST-73739,Website
UK-2026-102484,2026-04-28,North,Chandigarh,Bluetooth Speaker Mini,Electronics,1,1573.0,1573,CUST-79161,App
UK-2026-102627,2026-04-28,Central,Bhopal,Cricket Bat English Willow,Sports,1,9059.0,9059,CUST-53573,Website
UK-2026-102621,2026-04-18,South,Hyderabad,Dinner Set 24pc,Home & Kitchen,2,2529.0,5058,CUST-55600,Website
UK-2026-103792,2026-05-19,South,Chennai,Air Fryer 5L,Home & Kitchen,1,5354.0,5354,CUST-31122,Marketplace
UK-2026-103276,2026-05-08,South,Chennai,Dinner Set 24pc,Home & Kitchen,2,2482.0,4964,CUST-11691,App
UK-2026-103664,2026-05-22,East,Guwahati,Football Size 5,Sports,2,929.0,1858,CUST-19319,Marketplace
UK-2026-104960,2026-06-18,South,Kochi,Adjustable Dumbbells 15kg,Sports,1,4982.0,4982,CUST-14752,Website
UK-2026-104761,2026-06-21,West,Ahmedabad,Silk Saree,Fashion,1,3573.0,3573,CUST-33193,Website
UK-2026-103973,2026-05-30,Central,Raipur,Formal Shirt,Fashion,4,1110.0,4440,CUST-64758,Marketplace
UK-2026-101494,2026-03-19,West,Pune,Silk Saree,Fashion,3,3402.0,10206,CUST-18777,App
UK-2026-100629,2026-01-13,South,Kochi,Modern Wall Clock,Home & Kitchen,2,792.0,1584,CUST-54161,Marketplace
UK-2026-100477,2026-01-03,South,Kochi,Ultrabook Air 14,Electronics,2,28762.0,57524,CUST-87425,Marketplace
UK-2026-104177,2026-06-05,South,Bengaluru,Makeup Brush Set,Beauty,1,1269.0,1269,CUST-73802,App
UK-2026-102600,2026-04-17,West,Pune,Non-Stick Cookware Set,Home & Kitchen,1,2821.0,2821,CUST-38657,Website
UK-2026-100012,2026-01-24,North,Chandigarh,Modern Wall Clock,Home & Kitchen,2,803.0,1606,CUST-79393,App
UK-2026-103957,2026-05-30,North,Chandigarh,43-inch Smart TV,Electronics,1,25466.0,25466,CUST-93759,Marketplace
UK-2026-100273,2026-01-04,Central,Bhopal,Bluetooth Speaker Mini,Electronics,2,1529.0,3058,CUST-85899,App
UK-2026-104830,2026-06-09,North,Noida,Cricket Bat English Willow,Sports,1,9106.0,9106,CUST-99561,Marketplace
UK-2026-101196,2026-02-19,Central,Indore,Ultrabook Air 14,Electronics,1,29509.0,29509,CUST-35299,App
UK-2026-100465,2026-01-13,East,Bhubaneswar,Leather Wallet,Fashion,1,891.0,891,CUST-13632,App
UK-2026-104605,2026-06-03,West,Mumbai,Adjustable Dumbbells 15kg,Sports,1,5154.0,5154,CUST-88403,App
UK-2026-102247,2026-04-30,West,Mumbai,43-inch Smart TV,Electronics,2,27051.0,54102,CUST-54541,Marketplace
UK-2026-101551,2026-03-26,North,Gurugram,Non-Stick Cookware Set,Home & Kitchen,1,2861.0,2861,CUST-35299,Website
UK-2026-102199,2026-03-22,South,Kochi,Denim Jacket,Fashion,1,2262.0,2262,CUST-46587,App
UK-2026-104398,2026-06-30,South,Hyderabad,Beard Grooming Kit,Beauty,1,984.0,984,CUST-46008,App
UK-2026-103182,2026-05-23,South,Bengaluru,Vitamin C Serum,Beauty,1,702.0,702,CUST-72079,Website
UK-2026-103040,2026-04-15,East,Bhubaneswar,Power Bank 20000mAh,Electronics,1,1724.0,1724,CUST-68971,App
UK-2026-104233,2026-06-28,North,Gurugram,Matte Lipstick Set,Beauty,1,860.0,860,CUST-59543,App
UK-2026-103042,2026-04-16,West,Pune,Smart Watch X2,Electronics,1,4540.0,4540,CUST-65040,Marketplace
UK-2026-102180,2026-03-26,South,Chennai,Yoga Mat Pro,Sports,2,1164.0,2328,CUST-37782,Marketplace
UK-2026-104665,2026-06-12,North,Delhi,Non-Stick Cookware Set,Home & Kitchen,1,2982.0,2982,CUST-71957,Marketplace
UK-2026-103803,2026-05-30,East,Kolkata,Cotton Kurta Set,Fashion,1,1300.0,1300,CUST-27226,App
UK-2026-103134,2026-05-19,South,Kochi,Non-Stick Cookware Set,Home & Kitchen,1,3000.0,3000,CUST-22971,App
UK-2026-104933,2026-06-12,East,Guwahati,Badminton Racket Set,Sports,1,2415.0,2415,CUST-84641,Marketplace
UK-2026-100742,2026-02-18,South,Hyderabad,Electric Kettle 1.5L,Home & Kitchen,1,1101.0,1101,CUST-98541,App
UK-2026-103746,2026-05-23,South,Bengaluru,43-inch Smart TV,Electronics,1,27272.0,27272,CUST-20699,Marketplace
UK-2026-100351,2026-01-24,North,Gurugram,Wireless Earbuds Pro,Electronics,1,2996.0,2996,CUST-64558,Website
UK-2026-103184,2026-05-30,South,Kochi,Yoga Mat Pro,Sports,1,1242.0,1242,CUST-84422,Website
UK-2026-102489,2026-04-09,Central,Nagpur,Noise-Cancelling Headphones,Electronics,1,8558.0,8558,CUST-29204,Website
UK-2026-103585,2026-05-24,South,Chennai,Ultrabook Air 14,Electronics,1,28527.0,28527,CUST-61079,Website
UK-2026-104123,2026-06-22,North,Chandigarh,Cricket Bat English Willow,Sports,1,8737.0,8737,CUST-56780,Website
UK-2026-104225,2026-06-21,West,Surat,Non-Stick Cookware Set,Home & Kitchen,1,2823.0,2823,CUST-46008,Marketplace
UK-2026-102844,2026-04-14,North,Noida,Robot Vacuum R7,Home & Kitchen,1,18845.0,18845,CUST-71957,App
UK-2026-104681,2026-06-27,South,Kochi,Foldable Treadmill T2,Sports,1,23750.0,23750,CUST-61707,Marketplace
UK-2026-101921,2026-03-01,West,Pune,Denim Jacket,Fashion,2,2108.0,4216,CUST-30276,Website
UK-2026-101940,2026-03-29,North,Delhi,Adjustable Dumbbells 15kg,Sports,1,4981.0,4981,CUST-59922,Website
UK-2026-101005,2026-02-08,West,Pune,Denim Jacket,Fashion,1,2153.0,2153,CUST-18161,App
UK-2026-104313,2026-06-08,South,Chennai,Bluetooth Speaker Mini,Electronics,1,1528.0,1528,CUST-52070,Website
UK-2026-101645,2026-03-27,South,Kochi,Noise-Cancelling Headphones,Electronics,1,8763.0,8763,CUST-90055,App
UK-2026-100666,2026-01-02,North,Noida,43-inch Smart TV,Electronics,1,25986.0,25986,CUST-17466,Website
UK-2026-104399,2026-06-06,East,Patna,Football Size 5,Sports,2,919.0,1838,CUST-36654,Website
UK-2026-103471,2026-05-31,North,Chandigarh,43-inch Smart TV,Electronics,1,26981.0,26981,CUST-13667,Website
UK-2026-100360,2026-01-18,South,Kochi,Yoga Mat Pro,Sports,3,1181.0,3543,CUST-61191,Website
UK-2026-102084,2026-03-10,South,Bengaluru,Matte Lipstick Set,Beauty,1,924.0,924,CUST-39561,App
UK-2026-104094,2026-06-10,Central,Bhopal,Eau de Parfum 100ml,Beauty,1,2063.0,2063,CUST-76051,Website
UK-2026-103690,2026-05-15,North,Chandigarh,Non-Stick Cookware Set,Home & Kitchen,2,2826.0,5652,CUST-81816,Website
UK-2026-103504,2026-05-19,South,Kochi,Power Bank 20000mAh,Electronics,2,1857.0,3714,CUST-30276,Marketplace
UK-2026-102917,2026-04-06,West,Surat,Formal Shirt,Fashion,1,1112.0,1112,CUST-49687,App
UK-2026-103684,2026-05-29,South,Hyderabad,Robot Vacuum R7,Home & Kitchen,1,19415.0,19415,CUST-72132,App
UK-2026-100775,2026-02-19,West,Ahmedabad,Denim Jacket,Fashion,1,2193.0,2193,CUST-61881,App
UK-2026-100060,2026-01-10,North,Chandigarh,Robot Vacuum R7,Home & Kitchen,1,19366.0,19366,CUST-22225,Website
UK-2026-102426,2026-04-27,Central,Nagpur,Modern Wall Clock,Home & Kitchen,1,820.0,820,CUST-55740,Website
UK-2026-100434,2026-01-29,Central,Indore,Slim Fit Jeans,Fashion,1,1540.0,1540,CUST-22103,Marketplace
UK-2026-103737,2026-05-24,South,Kochi,Robot Vacuum R7,Home & Kitchen,2,19263.0,38526,CUST-73605,App
UK-2026-103205,2026-05-15,Central,Raipur,Noise-Cancelling Headphones,Electronics,2,9007.0,18014,CUST-90229,App
UK-2026-104962,2026-06-06,South,Chennai,Bluetooth Speaker Mini,Electronics,1,1440.0,1440,CUST-84859,Marketplace
UK-2026-102992,2026-04-12,North,Gurugram,Vitamin C Serum,Beauty,3,708.0,2124,CUST-71242,App
UK-2026-102248,2026-04-21,North,Noida,Cotton Bedsheet Set,Home & Kitchen,1,1400.0,1400,CUST-51685,Website
UK-2026-102546,2026-04-25,South,Kochi,Ionic Hair Dryer,Beauty,1,1958.0,1958,CUST-99155,App
UK-2026-101493,2026-03-22,North,Chandigarh,Mirrorless Camera Lite,Electronics,1,29811.0,29811,CUST-23299,App
UK-2026-101555,2026-03-13,West,Pune,Sunscreen SPF50,Beauty,1,550.0,550,CUST-98331,App
UK-2026-101876,2026-03-03,West,Surat,Sunscreen SPF50,Beauty,1,531.0,531,CUST-41081,Marketplace
UK-2026-104172,2026-06-27,North,Gurugram,43-inch Smart TV,Electronics,1,25187.0,25187,CUST-55379,Website
UK-2026-100087,2026-01-20,West,Pune,Bluetooth Speaker Mini,Electronics,1,1428.0,1428,CUST-79131,Marketplace
UK-2026-101129,2026-02-24,East,Patna,Slim Fit Jeans,Fashion,1,1674.0,1674,CUST-50059,Website
UK-2026-101506,2026-03-03,North,Delhi,Ethnic Dupatta,Fashion,1,480.0,480,CUST-26262,App
UK-2026-100479,2026-01-29,South,Bengaluru,Wireless Earbuds Pro,Electronics,1,3070.0,3070,CUST-60134,Marketplace
UK-2026-101050,2026-02-26,South,Hyderabad,Dinner Set 24pc,Home & Kitchen,1,2623.0,2623,CUST-15399,App
UK-2026-104481,2026-06-20,North,Delhi,Non-Stick Cookware Set,Home & Kitchen,1,2823.0,2823,CUST-35890,Website
UK-2026-102940,2026-04-14,West,Mumbai,Slim Fit Jeans,Fashion,1,1628.0,1628,CUST-17024,Marketplace
UK-2026-103249,2026-05-03,South,Kochi,Bluetooth Speaker Mini,Electronics,1,1504.0,1504,CUST-97129,App
UK-2026-104623,2026-06-28,West,Ahmedabad,Power Bank 20000mAh,Electronics,1,1760.0,1760,CUST-53573,Website
UK-2026-103972,2026-05-26,North,Noida,Cotton Bedsheet Set,Home & Kitchen,2,1383.0,2766,CUST-81020,App
UK-2026-102586,2026-04-10,North,Noida,Beard Grooming Kit,Beauty,1,994.0,994,CUST-11235,App
UK-2026-101898,2026-03-29,West,Pune,Bluetooth Speaker Mini,Electronics,1,1557.0,1557,CUST-16809,Website
UK-2026-101916,2026-03-16,North,Chandigarh,43-inch Smart TV,Electronics,1,26896.0,26896,CUST-42275,Marketplace
UK-2026-104507,2026-06-15,South,Kochi,Matte Lipstick Set,Beauty,2,867.0,1734,CUST-90785,App
UK-2026-100579,2026-01-16,East,Guwahati,Denim Jacket,Fashion,2,2232.0,4464,CUST-89914,Website
UK-2026-102256,2026-04-29,West,Surat,Electric Kettle 1.5L,Home & Kitchen,1,1074.0,1074,CUST-56183,App
UK-2026-104954,2026-06-23,South,Bengaluru,Wireless Earbuds Pro,Electronics,1,2944.0,2944,CUST-63936,Marketplace
UK-2026-102647,2026-04-11,North,Noida,Leather Wallet,Fashion,1,878.0,878,CUST-45078,Website
UK-2026-102310,2026-04-01,West,Pune,Ultrabook Air 14,Electronics,1,31476.0,31476,CUST-95311,App
UK-2026-102370,2026-04-05,South,Kochi,Noise-Cancelling Headphones,Electronics,1,9176.0,9176,CUST-81841,Website
UK-2026-100930,2026-02-03,East,Kolkata,Running Sneakers,Fashion,1,2691.0,2691,CUST-14911,Marketplace
UK-2026-104046,2026-06-13,North,Gurugram,Smart Watch X2,Electronics,1,4501.0,4501,CUST-33838,App
UK-2026-102618,2026-04-08,South,Kochi,Gym Gloves,Sports,1,504.0,504,CUST-21163,Website
UK-2026-102779,2026-04-21,Central,Indore,Slim Fit Jeans,Fashion,1,1601.0,1601,CUST-47361,App
UK-2026-101544,2026-03-19,South,Kochi,Non-Stick Cookware Set,Home & Kitchen,2,3039.0,6078,CUST-28752,Website
UK-2026-100277,2026-01-10,North,Gurugram,Slim Fit Jeans,Fashion,3,1568.0,4704,CUST-71851,App
UK-2026-103571,2026-05-27,North,Delhi,Electric Kettle 1.5L,Home & Kitchen,1,1064.0,1064,CUST-76051,App
UK-2026-100086,2026-01-30,West,Surat,Sunscreen SPF50,Beauty,1,536.0,536,CUST-21987,Website
UK-2026-104580,2026-06-22,North,Gurugram,Modern Wall Clock,Home & Kitchen,2,796.0,1592,CUST-84229,Website
UK-2026-103689,2026-05-02,South,Kochi,Electric Kettle 1.5L,Home & Kitchen,1,1061.0,1061,CUST-42681,Website
UK-2026-100826,2026-02-26,South,Bengaluru,Air Fryer 5L,Home & Kitchen,1,5361.0,5361,CUST-53848,Website
UK-2026-104404,2026-06-28,North,Delhi,Beard Grooming Kit,Beauty,1,981.0,981,CUST-26113,App
UK-2026-100487,2026-01-07,South,Chennai,Power Bank 20000mAh,Electronics,2,1730.0,3460,CUST-56386,Marketplace
UK-2026-100435,2026-01-24,North,Delhi,Ultrabook Air 14,Electronics,2,29361.0,58722,CUST-64135,Website
UK-2026-100102,2026-01-31,West,Pune,Running Sneakers,Fashion,2,2714.0,5428,CUST-21181,Website
UK-2026-100981,2026-02-19,South,Hyderabad,Dinner Set 24pc,Home & Kitchen,1,2546.0,2546,CUST-93105,Website
UK-2026-103788,2026-05-28,North,Chandigarh,Beard Grooming Kit,Beauty,1,1046.0,1046,CUST-24804,App
UK-2026-103948,2026-05-17,West,Ahmedabad,Sunscreen SPF50,Beauty,1,557.0,557,CUST-11332,Marketplace
UK-2026-100756,2026-02-15,West,Pune,Mixer Grinder 750W,Home & Kitchen,1,3384.0,3384,CUST-45664,Website
UK-2026-101726,2026-03-09,North,Chandigarh,Running Sneakers,Fashion,1,2671.0,2671,CUST-39790,Website
UK-2026-102966,2026-04-18,North,Noida,Modern Wall Clock,Home & Kitchen,3,789.0,2367,CUST-75865,App
UK-2026-104041,2026-06-14,South,Bengaluru,Ultrabook Air 14,Electronics,1,30507.0,30507,CUST-23555,Marketplace
UK-2026-104835,2026-06-01,West,Pune,Electric Kettle 1.5L,Home & Kitchen,2,1115.0,2230,CUST-32327,Website
UK-2026-101324,2026-02-04,South,Hyderabad,Denim Jacket,Fashion,1,2242.0,2242,CUST-99025,Website
UK-2026-101654,2026-03-13,East,Guwahati,Yoga Mat Pro,Sports,2,1214.0,2428,CUST-30276,Marketplace
UK-2026-100538,2026-01-25,South,Hyderabad,43-inch Smart TV,Electronics,2,24916.0,49832,CUST-86896,Website
UK-2026-102498,2026-04-03,West,Pune,Dinner Set 24pc,Home & Kitchen,2,2621.0,5242,CUST-39952,App
UK-2026-103647,2026-05-07,East,Bhubaneswar,Electric Kettle 1.5L,Home & Kitchen,4,1073.0,4292,CUST-60969,App
UK-2026-103136,2026-05-29,West,Ahmedabad,Mixer Grinder 750W,Home & Kitchen,1,3283.0,3283,CUST-87777,Marketplace
UK-2026-101318,2026-02-13,South,Hyderabad,Adjustable Dumbbells 15kg,Sports,1,5109.0,5109,CUST-26816,Marketplace
UK-2026-103370,2026-05-27,East,Guwahati,Smart Watch X2,Electronics,2,4318.0,8636,CUST-35892,App
UK-2026-100401,2026-01-17,North,Chandigarh,Cotton Kurta Set,Fashion,1,1235.0,1235,CUST-22971,Website
UK-2026-104050,2026-06-13,North,Noida,Mirrorless Camera Lite,Electronics,2,29300.0,58600,CUST-51666,App
UK-2026-103246,2026-05-02,South,Kochi,Wireless Earbuds Pro,Electronics,1,3003.0,3003,CUST-33758,App
UK-2026-103142,2026-05-14,West,Surat,Cotton Bedsheet Set,Home & Kitchen,1,1442.0,1442,CUST-88314,App
UK-2026-102766,2026-04-09,South,Bengaluru,Running Sneakers,Fashion,2,2722.0,5444,CUST-40229,Marketplace
UK-2026-100497,2026-01-07,North,Gurugram,Cotton Kurta Set,Fashion,1,1302.0,1302,CUST-55458,App
UK-2026-100862,2026-02-15,Central,Bhopal,Wireless Earbuds Pro,Electronics,1,2951.0,2951,CUST-89652,Marketplace
UK-2026-103759,2026-05-18,West,Mumbai,Makeup Brush Set,Beauty,1,1294.0,1294,CUST-99155,Website
UK-2026-104105,2026-06-29,East,Patna,Vitamin C Serum,Beauty,1,712.0,712,CUST-22638,Marketplace
UK-2026-100437,2026-01-07,North,Gurugram,Badminton Racket Set,Sports,1,2542.0,2542,CUST-11167,Website
UK-2026-101747,2026-03-27,West,Ahmedabad,Denim Jacket,Fashion,1,2116.0,2116,CUST-70399,App
UK-2026-102612,2026-04-08,West,Ahmedabad,Mixer Grinder 750W,Home & Kitchen,1,3328.0,3328,CUST-51934,Website
UK-2026-100153,2026-01-07,West,Surat,Denim Jacket,Fashion,1,2098.0,2098,CUST-21204,App
UK-2026-104632,2026-06-01,West,Ahmedabad,Air Fryer 5L,Home & Kitchen,1,5238.0,5238,CUST-12465,Marketplace
UK-2026-100260,2026-01-29,Central,Raipur,Dinner Set 24pc,Home & Kitchen,1,2476.0,2476,CUST-99375,Website
UK-2026-104036,2026-06-04,North,Chandigarh,Running Sneakers,Fashion,1,2923.0,2923,CUST-65900,App
UK-2026-102909,2026-04-30,North,Gurugram,Dinner Set 24pc,Home & Kitchen,1,2494.0,2494,CUST-95974,App
UK-2026-101920,2026-03-02,East,Bhubaneswar,Ethnic Dupatta,Fashion,1,511.0,511,CUST-23291,App
UK-2026-104744,2026-06-10,West,Ahmedabad,Non-Stick Cookware Set,Home & Kitchen,1,2809.0,2809,CUST-78097,Website
UK-2026-101462,2026-03-08,West,Ahmedabad,Cricket Bat English Willow,Sports,1,8740.0,8740,CUST-62070,App
UK-2026-101326,2026-02-20,South,Hyderabad,Smart Watch X2,Electronics,2,4526.0,9052,CUST-57194,Marketplace
UK-2026-101918,2026-03-06,North,Delhi,Modern Wall Clock,Home & Kitchen,2,766.0,1532,CUST-26944,Website
UK-2026-103839,2026-05-10,South,Hyderabad,Vitamin C Serum,Beauty,3,720.0,2160,CUST-26060,App
UK-2026-100055,2026-01-03,West,Ahmedabad,Gym Gloves,Sports,2,478.0,956,CUST-73050,App
UK-2026-102622,2026-04-11,North,Gurugram,Foldable Treadmill T2,Sports,1,25445.0,25445,CUST-41697,Website
UK-2026-104158,2026-06-11,West,Mumbai,Foldable Treadmill T2,Sports,1,24474.0,24474,CUST-35299,Marketplace
UK-2026-103197,2026-05-13,North,Delhi,Denim Jacket,Fashion,2,2136.0,4272,CUST-16848,Website
UK-2026-102846,2026-04-04,South,Chennai,Mixer Grinder 750W,Home & Kitchen,1,3262.0,3262,CUST-34373,App
UK-2026-101554,2026-03-23,North,Noida,Ionic Hair Dryer,Beauty,1,1987.0,1987,CUST-18865,App
UK-2026-104971,2026-06-16,South,Hyderabad,Modern Wall Clock,Home & Kitchen,1,838.0,838,CUST-77613,App
UK-2026-102795,2026-04-15,West,Surat,Mixer Grinder 750W,Home & Kitchen,1,3406.0,3406,CUST-95074,App
UK-2026-101372,2026-02-08,North,Delhi,Badminton Racket Set,Sports,1,2477.0,2477,CUST-40440,Website
UK-2026-101489,2026-03-30,South,Hyderabad,Dinner Set 24pc,Home & Kitchen,3,2456.0,7368,CUST-14911,App
UK-2026-100618,2026-01-19,South,Chennai,Cotton Kurta Set,Fashion,1,1264.0,1264,CUST-65416,Website
UK-2026-103600,2026-05-04,South,Hyderabad,43-inch Smart TV,Electronics,1,26645.0,26645,CUST-19828,Website
UK-2026-103564,2026-05-23,East,Patna,Vitamin C Serum,Beauty,1,705.0,705,CUST-81202,Website
UK-2026-100193,2026-01-19,Central,Bhopal,Ultrabook Air 14,Electronics,1,29451.0,29451,CUST-71374,Marketplace
UK-2026-102067,2026-03-14,West,Ahmedabad,Cotton Kurta Set,Fashion,1,1312.0,1312,CUST-50927,App
UK-2026-102284,2026-04-28,West,Mumbai,Dinner Set 24pc,Home & Kitchen,1,2458.0,2458,CUST-74430,Website
UK-2026-102087,2026-03-01,South,Kochi,Wireless Earbuds Pro,Electronics,1,3140.0,3140,CUST-51400,App
UK-2026-101503,2026-03-28,South,Hyderabad,Adjustable Dumbbells 15kg,Sports,2,4859.0,9718,CUST-12970,App
UK-2026-102689,2026-04-25,South,Hyderabad,Wireless Earbuds Pro,Electronics,1,3120.0,3120,CUST-65255,App
UK-2026-100546,2026-01-29,South,Hyderabad,Ultrabook Air 14,Electronics,1,30854.0,30854,CUST-22893,Website
UK-2026-104662,2026-06-06,South,Hyderabad,Vitamin C Serum,Beauty,2,703.0,1406,CUST-67463,Website
UK-2026-104542,2026-06-06,East,Guwahati,Mixer Grinder 750W,Home & Kitchen,1,3227.0,3227,CUST-85999,Website
UK-2026-104269,2026-06-09,North,Noida,Gym Gloves,Sports,2,483.0,966,CUST-87915,App
UK-2026-103989,2026-05-30,South,Bengaluru,43-inch Smart TV,Electronics,1,25591.0,25591,CUST-59254,Marketplace
UK-2026-104688,2026-06-13,North,Chandigarh,Noise-Cancelling Headphones,Electronics,1,9125.0,9125,CUST-18032,Marketplace
UK-2026-102783,2026-04-07,West,Pune,Cotton Kurta Set,Fashion,2,1313.0,2626,CUST-93950,Marketplace
UK-2026-104227,2026-06-12,North,Delhi,Leather Wallet,Fashion,2,875.0,1750,CUST-16759,Marketplace
UK-2026-100712,2026-01-08,East,Bhubaneswar,Slim Fit Jeans,Fashion,1,1588.0,1588,CUST-84881,Website
UK-2026-102156,2026-03-28,Central,Bhopal,43-inch Smart TV,Electronics,2,26507.0,53014,CUST-12918,App
UK-2026-104832,2026-06-23,South,Kochi,Bluetooth Speaker Mini,Electronics,1,1454.0,1454,CUST-91152,App
UK-2026-100445,2027-01-26,East,Bhubaneswar,Ethnic Dupatta,Fashion,1,491.0,491,CUST-94082,App
UK-2026-104884,2026-06-16,West,Pune,Foldable Treadmill T2,Sports,3,25360.0,76080,CUST-59922,App
UK-2026-104573,2026-06-04,East,Kolkata,Cotton Bedsheet Set,Home & Kitchen,1,1394.0,1394,CUST-49927,Website
UK-2026-104754,2026-06-04,West,Surat,Ultrabook Air 14,Electronics,2,29939.0,59878,CUST-22395,Website
UK-2026-101529,2026-03-13,North,Chandigarh,Beard Grooming Kit,Beauty,1,1042.0,1042,CUST-26137,App
UK-2026-100503,2026-01-05,North,Delhi,Slim Fit Jeans,Fashion,2,1637.0,3274,CUST-99563,App
UK-2026-103217,2026-05-24,South,Hyderabad,Football Size 5,Sports,1,856.0,856,CUST-26113,App
UK-2026-102311,2026-04-03,South,Hyderabad,Bluetooth Speaker Mini,Electronics,1,1516.0,1516,CUST-43027,App
UK-2026-100667,2026-01-07,East,Kolkata,Wireless Earbuds Pro,Electronics,1,3010.0,3010,CUST-55652,App
UK-2026-102569,2026-04-21,West,Ahmedabad,Beard Grooming Kit,Beauty,1,955.0,955,CUST-36119,Website
UK-2026-101738,2026-03-01,East,Guwahati,Wireless Earbuds Pro,Electronics,1,2860.0,2860,CUST-65040,App
UK-2026-100217,2026-01-10,South,Kochi,Formal Shirt,Fashion,1,1121.0,1121,CUST-24467,Marketplace
UK-2026-100244,2026-01-04,West,Pune,43-inch Smart TV,Electronics,1,26747.0,26747,CUST-88591,Website
UK-2026-100572,2026-01-15,South,Hyderabad,Yoga Mat Pro,Sports,1,1258.0,1258,CUST-28477,Website
UK-2026-102337,2026-04-06,Central,Bhopal,Electric Kettle 1.5L,Home & Kitchen,1,1124.0,1124,CUST-57322,Marketplace
UK-2026-102342,2026-04-01,West,Surat,Dinner Set 24pc,Home & Kitchen,1,2620.0,2620,CUST-79756,App
UK-2026-101575,2026-03-22,South,Kochi,Silk Saree,Fashion,2,3458.0,6916,CUST-28674,Website
UK-2026-104545,2026-06-26,South,Kochi,Matte Lipstick Set,Beauty,1,918.0,918,CUST-58883,App
UK-2026-101870,2026-03-24,Central,Raipur,Ethnic Dupatta,Fashion,1,511.0,511,CUST-22225,App
UK-2026-102930,2026-04-10,East,Guwahati,Wireless Earbuds Pro,Electronics,2,2893.0,5786,CUST-24999,App
UK-2026-104403,2026-06-25,North,Noida,Face Wash Combo,Beauty,1,465.0,465,CUST-29618,App
UK-2026-104048,2026-06-21,North,Noida,Cotton Kurta Set,Fashion,1,1354.0,1354,CUST-16696,App
UK-2026-101840,2026-03-25,North,Delhi,Dinner Set 24pc,Home & Kitchen,1,2402.0,2402,CUST-90850,Website
UK-2026-103914,2026-05-25,South,Chennai,Air Fryer 5L,Home & Kitchen,4,5382.0,21528,CUST-86666,App
UK-2026-103189,2026-05-10,South,Kochi,Beard Grooming Kit,Beauty,1,1044.0,1044,CUST-19319,App
UK-2026-101181,2026-02-07,West,Pune,Smart Watch X2,Electronics,1,4318.0,4318,CUST-79027,Website
UK-2026-101083,2026-02-20,North,Noida,Slim Fit Jeans,Fashion,1,1602.0,1602,CUST-70969,App
UK-2026-104231,2026-06-06,Central,Nagpur,Mirrorless Camera Lite,Electronics,1,27760.0,27760,CUST-71918,App
UK-2026-100005,2026-01-31,East,Bhubaneswar,Robot Vacuum R7,Home & Kitchen,1,19513.0,19513,CUST-16773,App
UK-2026-104499,2026-06-12,Central,Raipur,Mixer Grinder 750W,Home & Kitchen,1,3301.0,3301,CUST-68365,Website
UK-2026-104260,2026-06-28,North,Noida,43-inch Smart TV,Electronics,2,25076.0,50152,CUST-94618,Website
UK-2026-104686,2026-06-22,South,Bengaluru,Noise-Cancelling Headphones,Electronics,1,9288.0,9288,CUST-25190,App
UK-2026-101610,2026-03-19,East,Bhubaneswar,Silk Saree,Fashion,2,3416.0,6832,CUST-32595,Marketplace
UK-2026-103263,2026-05-02,North,Gurugram,Bluetooth Speaker Mini,Electronics,1,1532.0,1532,CUST-45805,Website
UK-2026-100340,2026-01-22,West,Mumbai,Yoga Mat Pro,Sports,2,1190.0,2380,CUST-42275,App
UK-2026-101243,2026-02-20,South,Hyderabad,Cotton Kurta Set,Fashion,3,1342.0,4026,CUST-29083,App
UK-2026-104552,2026-06-20,North,Noida,Cotton Bedsheet Set,Home & Kitchen,1,1361.0,1361,CUST-12614,App
UK-2026-100044,2026-01-17,North,Chandigarh,Formal Shirt,Fashion,2,1082.0,2164,CUST-16145,Website
UK-2026-101386,2026-02-16,North,Noida,Noise-Cancelling Headphones,Electronics,2,8869.0,17738,CUST-39154,Website
UK-2026-104228,2026-06-15,North,Delhi,Bluetooth Speaker Mini,Electronics,4,1533.0,6132,CUST-20013,Website
UK-2026-101062,2026-02-26,Central,Nagpur,Leather Wallet,Fashion,1,904.0,904,CUST-24804,App
UK-2026-103831,2026-05-29,South,Hyderabad,Smart Watch X2,Electronics,2,4291.0,8582,CUST-56780,Website
UK-2026-100631,2026-01-03,North,Gurugram,Wireless Earbuds Pro,Electronics,1,3112.0,3112,CUST-68911,App
UK-2026-101390,2026-02-11,Central,Nagpur,Cycling Helmet,Sports,1,1638.0,1638,CUST-18138,App
UK-2026-104442,2026-06-05,South,Bengaluru,Cotton Bedsheet Set,Home & Kitchen,2,1367.0,2734,CUST-48187,Marketplace
UK-2026-101459,2026-03-17,North,Delhi,Cotton Bedsheet Set,Home & Kitchen,1,1448.0,1448,CUST-51118,Website
UK-2026-103661,2026-05-15,North,Noida,Cotton Kurta Set,Fashion,2,1256.0,2512,CUST-27473,App
UK-2026-103994,2026-05-20,North,Chandigarh,Silk Saree,Fashion,2,3345.0,6690,CUST-21442,Website
UK-2026-103317,2026-05-20,North,Noida,Mixer Grinder 750W,Home & Kitchen,2,3257.0,6514,CUST-33758,App
UK-2026-100719,2026-01-22,West,Pune,Ultrabook Air 14,Electronics,2,31333.0,62666,CUST-27539,App
UK-2026-102068,2026-03-03,South,Kochi,Silk Saree,Fashion,2,3537.0,7074,CUST-29396,Marketplace
UK-2026-100354,2026-01-07,South,Kochi,Running Sneakers,Fashion,1,2881.0,2881,CUST-10339,App
UK-2026-104008,2026-05-25,Central,Indore,Air Fryer 5L,Home & Kitchen,2,5299.0,10598,CUST-63936,Website
UK-2026-100417,2026-01-10,West,Ahmedabad,43-inch Smart TV,Electronics,1,27263.0,27263,CUST-61707,Marketplace
UK-2026-100804,2026-02-22,Central,Indore,Ethnic Dupatta,Fashion,2,504.0,1008,CUST-12741,App
UK-2026-103028,2026-04-17,North,Chandigarh,Bluetooth Speaker Mini,Electronics,1,1514.0,1514,CUST-47901,App
UK-2026-103987,2026-05-17,East,Patna,Running Sneakers,Fashion,2,2666.0,5332,CUST-72683,Website
UK-2026-100387,2026-01-26,North,Gurugram,Silk Saree,Fashion,3,3530.0,10590,CUST-83765,Website
UK-2026-102032,2026-03-28,South,Hyderabad,Matte Lipstick Set,Beauty,1,928.0,928,CUST-72948,Website
UK-2026-103501,2026-05-05,West,Surat,Noise-Cancelling Headphones,Electronics,1,8696.0,8696,CUST-76788,App
UK-2026-104609,2026-06-26,East,Kolkata,Denim Jacket,Fashion,1,2173.0,2173,CUST-99563,Marketplace
UK-2026-102230,2026-03-01,West,Surat,Denim Jacket,Fashion,1,2182.0,2182,CUST-11824,App
UK-2026-103485,2026-05-19,North,Chandigarh,Vitamin C Serum,Beauty,1,708.0,708,CUST-56538,App
UK-2026-101525,2026-03-30,South,Kochi,Formal Shirt,Fashion,1,1077.0,1077,CUST-88314,App
UK-2026-104728,2026-06-06,West,Pune,Eau de Parfum 100ml,Beauty,2,2008.0,4016,CUST-56541,Website
UK-2026-102060,2026-03-31,West,Ahmedabad,Face Wash Combo,Beauty,2,448.0,896,CUST-47532,Website
UK-2026-101829,2026-03-13,East,Kolkata,Noise-Cancelling Headphones,Electronics,1,9242.0,9242,CUST-19095,App
UK-2026-104256,2026-06-28,West,Surat,Ultrabook Air 14,Electronics,1,29628.0,29628,CUST-94681,App
UK-2026-102088,2026-03-08,West,Surat,Eau de Parfum 100ml,Beauty,2,1961.0,3922,CUST-28734,Website
UK-2026-101582,2026-03-20,South,Hyderabad,Beard Grooming Kit,Beauty,4,1005.0,4020,CUST-22182,Website
UK-2026-102935,2026-04-14,North,Chandigarh,Cotton Kurta Set,Fashion,1,1336.0,1336,CUST-45723,App
UK-2026-103380,2026-05-15,South,Bengaluru,Power Bank 20000mAh,Electronics,1,1822.0,1822,CUST-94648,App
UK-2026-101871,2026-03-12,Central,Bhopal,Formal Shirt,Fashion,1,1113.0,1113,CUST-28140,Marketplace
UK-2026-100304,2026-01-23,West,Pune,Mixer Grinder 750W,Home & Kitchen,1,3208.0,3208,CUST-52270,Website
UK-2026-104762,2026-06-15,West,Surat,Dinner Set 24pc,Home & Kitchen,1,2547.0,2547,CUST-65900,App
UK-2026-104730,2026-06-02,Central,Nagpur,43-inch Smart TV,Electronics,1,26306.0,26306,CUST-43635,Website
UK-2026-104999,2026-06-23,Central,Bhopal,Non-Stick Cookware Set,Home & Kitchen,1,3025.0,3025,CUST-38531,App
UK-2026-104093,2026-06-05,North,Noida,Slim Fit Jeans,Fashion,1,1552.0,1552,CUST-15021,App
UK-2026-104354,2026-06-02,Central,Bhopal,Mirrorless Camera Lite,Electronics,1,28811.0,28811,CUST-52263,Marketplace
UK-2026-100568,2026-01-12,North,Chandigarh,Yoga Mat Pro,Sports,1,1152.0,1152,CUST-55600,App
UK-2026-101146,2026-02-01,South,Hyderabad,Mixer Grinder 750W,Home & Kitchen,2,3201.0,6402,CUST-32332,App
UK-2026-103791,2026-05-14,South,Kochi,Face Wash Combo,Beauty,1,434.0,434,CUST-33305,Marketplace
UK-2026-102793,2026-04-11,North,Gurugram,Leather Wallet,Fashion,2,944.0,1888,CUST-71092,App
UK-2026-100397,2026-01-23,West,Surat,Power Bank 20000mAh,Electronics,1,1798.0,1798,CUST-28238,Marketplace
UK-2026-104109,2026-06-09,Central,Nagpur,Power Bank 20000mAh,Electronics,1,1862.0,1862,CUST-58150,Website
UK-2026-102274,2026-04-21,North,Noida,Makeup Brush Set,Beauty,1,1243.0,1243,CUST-84402,Website
UK-2026-100451,2026-01-01,North,Noida,Non-Stick Cookware Set,Home & Kitchen,3,2850.0,8550,CUST-32180,App
UK-2026-102160,2026-03-08,South,Chennai,Leather Wallet,Fashion,1,863.0,863,CUST-37492,App
UK-2026-104875,2026-06-10,North,Noida,Yoga Mat Pro,Sports,1,1228.0,1228,CUST-84736,Marketplace
UK-2026-104479,2026-06-20,South,Hyderabad,Eau de Parfum 100ml,Beauty,2,1961.0,3922,CUST-62072,App
UK-2026-104120,2026-06-18,South,Bengaluru,Wireless Earbuds Pro,Electronics,2,2974.0,5948,CUST-10704,Marketplace
UK-2026-104505,2026-06-01,North,Delhi,Running Sneakers,Fashion,1,2902.0,2902,CUST-30450,App
UK-2026-102623,2026-04-06,West,Pune,Slim Fit Jeans,Fashion,1,1520.0,1520,CUST-80559,App
UK-2026-104370,2026-06-25,West,Pune,Ethnic Dupatta,Fashion,1,492.0,492,CUST-76747,Website
UK-2026-101608,2026-03-24,Central,Raipur,Adjustable Dumbbells 15kg,Sports,1,4789.0,4789,CUST-20916,Website
UK-2026-102460,2026-04-19,North,Noida,Formal Shirt,Fashion,2,1077.0,2154,CUST-71333,Website
UK-2026-104837,2016-06-26,West,Surat,Cotton Bedsheet Set,Home & Kitchen,1,1400.0,1400,CUST-89934,Marketplace
UK-2026-103126,2026-05-28,South,Bengaluru,Eau de Parfum 100ml,Beauty,1,2081.0,2081,CUST-20916,Marketplace
UK-2026-100174,2026-01-05,West,Pune,Noise-Cancelling Headphones,Electronics,1,8757.0,8757,CUST-78153,App
UK-2026-101874,2026-03-10,South,Hyderabad,43-inch Smart TV,Electronics,1,26641.0,26641,CUST-89866,Website
UK-2026-104918,2026-06-15,South,Kochi,Cycling Helmet,Sports,1,1586.0,1586,CUST-84881,App
UK-2026-100833,2026-02-28,West,Ahmedabad,Cotton Kurta Set,Fashion,2,1326.0,2652,CUST-35325,Website
UK-2026-100802,2026-02-06,West,Surat,Ionic Hair Dryer,Beauty,1,1875.0,1875,CUST-10074,App
UK-2026-100912,2026-02-17,North,Noida,Eau de Parfum 100ml,Beauty,1,1925.0,1925,CUST-47627,Website
UK-2026-102939,2026-04-27,East,Kolkata,Cycling Helmet,Sports,1,1568.0,1568,CUST-70607,Marketplace
UK-2026-102429,2026-04-28,North,Chandigarh,43-inch Smart TV,Electronics,1,26000.0,26000,CUST-77283,Marketplace
UK-2026-103621,2026-05-11,South,Chennai,Ultrabook Air 14,Electronics,1,28858.0,28858,CUST-14294,App
UK-2026-100829,2026-02-16,West,Surat,43-inch Smart TV,Electronics,1,26619.0,26619,CUST-67892,Website
UK-2026-101231,2026-02-28,Central,Bhopal,Ionic Hair Dryer,Beauty,2,1868.0,3736,CUST-87777,App
UK-2026-102195,2026-03-17,North,Noida,Non-Stick Cookware Set,Home & Kitchen,1,2997.0,2997,CUST-47644,Marketplace
UK-2026-103206,2026-05-01,East,Guwahati,Sunscreen SPF50,Beauty,2,524.0,1048,CUST-96533,Website
UK-2026-100855,2026-02-12,East,Patna,Face Wash Combo,Beauty,1,463.0,463,CUST-22610,Website
UK-2026-104390,2026-06-17,South,Kochi,Silk Saree,Fashion,2,3618.0,7236,CUST-53848,Marketplace
UK-2026-100468,2026-01-06,West,Ahmedabad,Noise-Cancelling Headphones,Electronics,2,9199.0,18398,CUST-65568,Website
UK-2026-104090,2026-06-23,North,Noida,Modern Wall Clock,Home & Kitchen,1,826.0,826,CUST-58457,Website
UK-2026-101079,2026-02-03,North,Gurugram,Beard Grooming Kit,Beauty,1,1024.0,1024,CUST-22186,App
UK-2026-103221,2026-05-07,South,Bengaluru,Noise-Cancelling Headphones,Electronics,1,9046.0,9046,CUST-99593,Marketplace
UK-2026-102938,2026-04-02,North,Delhi,Robot Vacuum R7,Home & Kitchen,2,18523.0,37046,CUST-75114,Marketplace
UK-2026-102677,2026-04-18,East,Patna,Eau de Parfum 100ml,Beauty,1,2021.0,2021,CUST-16759,App
UK-2026-101063,2026-02-23,West,Pune,Noise-Cancelling Headphones,Electronics,1,9393.0,9393,CUST-49823,Website
UK-2026-100046,2026-01-28,West,Pune,Air Fryer 5L,Home & Kitchen,1,5601.0,5601,CUST-56949,Website
UK-2026-100946,2026-02-09,West,Ahmedabad,Dinner Set 24pc,Home & Kitchen,1,2387.0,2387,CUST-87741,App
UK-2026-103590,2026-05-09,Central,Indore,Denim Jacket,Fashion,2,2094.0,4188,CUST-49452,Website
UK-2026-102055,2026-03-16,East,Bhubaneswar,Adjustable Dumbbells 15kg,Sports,1,4964.0,4964,CUST-26512,Marketplace
UK-2026-102215,2026-03-24,North,Noida,Vitamin C Serum,Beauty,2,709.0,1418,CUST-45078,App
UK-2026-102145,2020-03-26,West,Pune,Modern Wall Clock,Home & Kitchen,1,806.0,806,CUST-33922,App
UK-2026-101616,2026-03-13,West,Pune,Ultrabook Air 14,Electronics,1,29199.0,29199,CUST-46122,Website
UK-2026-102645,2026-04-20,West,Ahmedabad,43-inch Smart TV,Electronics,2,24739.0,49478,CUST-67040,Marketplace
UK-2026-104776,2026-06-09,South,Kochi,Sunscreen SPF50,Beauty,1,533.0,533,CUST-34887,App
UK-2026-101279,2026-02-08,East,Bhubaneswar,Denim Jacket,Fashion,1,2232.0,2232,CUST-18328,App
UK-2026-102231,2026-03-07,West,Surat,Wireless Earbuds Pro,Electronics,2,3073.0,6146,CUST-29218,App
UK-2026-101141,2026-02-25,North,Chandigarh,Slim Fit Jeans,Fashion,1,1522.0,1522,CUST-11471,Website
UK-2026-101571,2026-03-14,East,Kolkata,Smart Watch X2,Electronics,1,4613.0,4613,CUST-28903,App
UK-2026-100927,2026-02-23,East,Bhubaneswar,Noise-Cancelling Headphones,Electronics,2,8876.0,17752,CUST-20532,Website
UK-2026-100285,2026-01-28,East,Bhubaneswar,Formal Shirt,Fashion,1,1129.0,1129,CUST-68354,App
UK-2026-102063,2026-03-21,North,Chandigarh,43-inch Smart TV,Electronics,2,26434.0,52868,CUST-93685,Marketplace
UK-2026-103943,2026-05-25,West,Surat,Adjustable Dumbbells 15kg,Sports,3,4998.0,14994,CUST-72457,App
UK-2026-100476,2026-01-23,North,Gurugram,Electric Kettle 1.5L,Home & Kitchen,1,1078.0,1078,CUST-89581,Marketplace
UK-2026-100152,2026-01-06,South,Bengaluru,Football Size 5,Sports,1,881.0,881,CUST-10074,Website
UK-2026-102952,2026-04-02,South,Kochi,Non-Stick Cookware Set,Home & Kitchen,1,3032.0,3032,CUST-61410,App
UK-2026-101991,2026-03-13,East,Kolkata,Smart Watch X2,Electronics,3,4720.0,14160,CUST-88403,Website
UK-2026-100745,2026-02-17,South,Hyderabad,Badminton Racket Set,Sports,1,2418.0,2418,CUST-11407,Website
UK-2026-103021,2026-04-01,South,Chennai,Cricket Bat English Willow,Sports,1,8667.0,8667,CUST-87129,App
UK-2026-100264,2012-01-26,South,Hyderabad,Makeup Brush Set,Beauty,1,1281.0,1281,CUST-96600,Website
UK-2026-100803,2026-02-18,North,Delhi,Leather Wallet,Fashion,1,897.0,897,CUST-48390,App
UK-2026-102877,2026-04-07,Central,Raipur,Matte Lipstick Set,Beauty,2,870.0,1740,CUST-25614,Website
UK-2026-102192,2026-03-18,West,Surat,Gym Gloves,Sports,1,511.0,511,CUST-27829,Website
UK-2026-100474,2026-01-26,South,Kochi,Mirrorless Camera Lite,Electronics,2,28197.0,56394,CUST-74813,App
UK-2026-103502,2026-05-17,West,Mumbai,Slim Fit Jeans,Fashion,1,1634.0,1634,CUST-27226,Website
UK-2026-103150,2026-05-27,East,Guwahati,Noise-Cancelling Headphones,Electronics,1,9187.0,9187,CUST-47089,Website
UK-2026-101913,2026-03-23,East,Bhubaneswar,Noise-Cancelling Headphones,Electronics,2,9075.0,18150,CUST-32570,App
UK-2026-104294,2026-06-07,West,Pune,Ethnic Dupatta,Fashion,1,496.0,496,CUST-95311,App
UK-2026-100624,2026-01-23,North,Gurugram,Face Wash Combo,Beauty,1,436.0,436,CUST-54874,App
UK-2026-100727,2026-02-11,West,Pune,Ethnic Dupatta,Fashion,1,505.0,505,CUST-72408,Marketplace
UK-2026-104687,2026-06-08,South,Hyderabad,Non-Stick Cookware Set,Home & Kitchen,2,2850.0,5700,CUST-61697,Website
UK-2026-100350,2026-01-28,West,Pune,Slim Fit Jeans,Fashion,1,1599.0,1599,CUST-15964,App
UK-2026-104409,2026-06-16,North,Gurugram,Vitamin C Serum,Beauty,1,667.0,667,CUST-61527,App
UK-2026-102166,2026-03-05,Central,Raipur,Air Fryer 5L,Home & Kitchen,1,5503.0,5503,CUST-72295,App
UK-2026-101147,2026-02-21,Central,Raipur,Denim Jacket,Fashion,1,2224.0,2224,CUST-95974,App
UK-2026-100405,2026-01-23,Central,Indore,Foldable Treadmill T2,Sports,1,25843.0,25843,CUST-89661,Website
UK-2026-102488,2026-04-30,East,Patna,Adjustable Dumbbells 15kg,Sports,2,5027.0,10054,CUST-42437,Website
UK-2026-100926,2026-02-13,North,Noida,Face Wash Combo,Beauty,2,431.0,862,CUST-46866,App
UK-2026-101764,2026-03-21,South,Hyderabad,Cycling Helmet,Sports,1,1593.0,1593,CUST-50394,Website
UK-2026-103764,2026-05-13,North,Chandigarh,Denim Jacket,Fashion,1,2259.0,2259,CUST-64777,App
UK-2026-104984,2026-06-19,West,Surat,43-inch Smart TV,Electronics,1,27192.0,27192,CUST-51862,Marketplace
UK-2026-103390,2026-05-07,West,Ahmedabad,Mirrorless Camera Lite,Electronics,2,27982.0,55964,CUST-89878,Website
UK-2026-101568,2026-03-31,East,Kolkata,Cotton Bedsheet Set,Home & Kitchen,4,1365.0,5460,CUST-32424,Website
UK-2026-104061,2026-06-12,West,Pune,Denim Jacket,Fashion,2,2186.0,4372,CUST-10598,App
UK-2026-103787,2026-05-06,East,Guwahati,Cotton Kurta Set,Fashion,1,1252.0,1252,CUST-45408,Marketplace
UK-2026-101686,2026-03-10,West,Pune,Sunscreen SPF50,Beauty,2,522.0,1044,CUST-27293,Website
UK-2026-104324,2026-06-26,South,Bengaluru,Denim Jacket,Fashion,1,2100.0,2100,CUST-85712,Marketplace
UK-2026-101765,2026-03-22,West,Mumbai,Bluetooth Speaker Mini,Electronics,1,1518.0,1518,CUST-34730,App
UK-2026-102341,2026-04-15,West,Surat,Wireless Earbuds Pro,Electronics,1,2916.0,2916,CUST-75469,App
UK-2026-101133,2026-02-19,South,Chennai,Face Wash Combo,Beauty,1,454.0,454,CUST-53032,Marketplace
UK-2026-100169,2026-01-01,Central,Raipur,Non-Stick Cookware Set,Home & Kitchen,1,2771.0,2771,CUST-79131,App
UK-2026-103102,2026-05-19,South,Hyderabad,Power Bank 20000mAh,Electronics,3,1842.0,5526,CUST-56292,App
UK-2026-101683,2026-03-30,South,Bengaluru,Noise-Cancelling Headphones,Electronics,1,8699.0,8699,CUST-98683,Marketplace
UK-2026-101611,2026-03-12,East,Bhubaneswar,Eau de Parfum 100ml,Beauty,1,1938.0,1938,CUST-37797,App
UK-2026-102688,2026-04-27,North,Delhi,Mirrorless Camera Lite,Electronics,1,28314.0,28314,CUST-61349,Marketplace
UK-2026-101847,2026-03-01,West,Mumbai,Cricket Bat English Willow,Sports,2,9155.0,18310,CUST-51118,App
UK-2026-102229,2026-03-13,South,Kochi,Yoga Mat Pro,Sports,2,1235.0,2470,CUST-67837,Website
UK-2026-102913,2026-04-10,North,Chandigarh,Football Size 5,Sports,1,855.0,855,CUST-42275,App
UK-2026-104004,2026-05-29,Central,Bhopal,Adjustable Dumbbells 15kg,Sports,1,4893.0,4893,CUST-65444,App
UK-2026-103368,2026-05-22,South,Kochi,Ultrabook Air 14,Electronics,2,30956.0,61912,CUST-24346,App
UK-2026-102860,2026-04-09,North,Chandigarh,Football Size 5,Sports,1,894.0,894,CUST-28674,App
UK-2026-102861,2026-04-07,East,Patna,Slim Fit Jeans,Fashion,2,1542.0,3084,CUST-28752,App
UK-2026-101496,2026-03-17,East,Guwahati,Cotton Kurta Set,Fashion,3,1338.0,4014,CUST-55348,App
UK-2026-102676,2026-04-30,Central,Nagpur,Foldable Treadmill T2,Sports,1,25013.0,25013,CUST-68612,App
UK-2026-102946,2026-04-06,West,Surat,Mixer Grinder 750W,Home & Kitchen,1,3292.0,3292,CUST-30669,Website
UK-2026-101536,2026-03-12,South,Kochi,Ultrabook Air 14,Electronics,3,30525.0,91575,CUST-71949,App
UK-2026-101451,2026-03-25,West,Surat,Makeup Brush Set,Beauty,2,1327.0,2654,CUST-16942,Marketplace
UK-2026-102441,2026-04-13,North,Delhi,Air Fryer 5L,Home & Kitchen,1,5595.0,5595,CUST-69725,Marketplace
UK-2026-103164,2026-05-25,Central,Nagpur,Mirrorless Camera Lite,Electronics,1,29805.0,29805,CUST-19828,Marketplace
UK-2026-102588,2026-04-05,North,Delhi,Ultrabook Air 14,Electronics,1,29276.0,29276,CUST-57337,Website
UK-2026-100761,2026-02-08,South,Bengaluru,Mirrorless Camera Lite,Electronics,2,27651.0,55302,CUST-26028,App
UK-2026-101237,2026-02-28,South,Bengaluru,Denim Jacket,Fashion,2,2298.0,4596,CUST-77011,Marketplace
UK-2026-104162,2026-06-25,East,Patna,Matte Lipstick Set,Beauty,1,858.0,858,CUST-63814,Marketplace
UK-2026-104022,2026-06-23,East,Patna,Formal Shirt,Fashion,2,1115.0,2230,CUST-99653,Marketplace
UK-2026-104693,2026-06-11,East,Kolkata,Mirrorless Camera Lite,Electronics,1,28892.0,28892,CUST-92031,Marketplace
UK-2026-101930,2026-03-16,West,Surat,Electric Kettle 1.5L,Home & Kitchen,1,1081.0,1081,CUST-11671,App
UK-2026-100229,2026-01-04,Central,Bhopal,Running Sneakers,Fashion,2,2712.0,5424,CUST-55892,App
UK-2026-101059,2026-02-10,Central,Raipur,Running Sneakers,Fashion,1,2684.0,2684,CUST-27112,App
UK-2026-104418,2026-06-03,West,Mumbai,Air Fryer 5L,Home & Kitchen,3,5767.0,17301,CUST-48593,App
UK-2026-102113,2026-03-20,South,Kochi,Ultrabook Air 14,Electronics,1,30875.0,30875,CUST-11471,Marketplace
UK-2026-100084,2026-01-03,South,Chennai,Mirrorless Camera Lite,Electronics,1,28944.0,28944,CUST-42275,Marketplace
UK-2026-103813,2026-05-05,North,Noida,Modern Wall Clock,Home & Kitchen,1,835.0,835,CUST-75121,Website
UK-2026-104160,2026-06-01,South,Kochi,Bluetooth Speaker Mini,Electronics,1,1461.0,1461,CUST-68561,Website
UK-2026-100114,2026-01-03,West,Ahmedabad,Mirrorless Camera Lite,Electronics,1,29579.0,29579,CUST-75121,Marketplace
UK-2026-103120,2026-05-26,West,Pune,Formal Shirt,Fashion,3,1149.0,3447,CUST-53376,Marketplace
UK-2026-100269,2026-01-11,Central,Raipur,Silk Saree,Fashion,3,3625.0,10875,CUST-15724,App
UK-2026-100991,2026-02-03,West,Mumbai,Air Fryer 5L,Home & Kitchen,1,5501.0,5501,CUST-75923,App
UK-2026-104345,2026-06-26,East,Bhubaneswar,Cotton Bedsheet Set,Home & Kitchen,1,1438.0,1438,CUST-63936,App
UK-2026-104063,2026-06-12,Central,Raipur,Dinner Set 24pc,Home & Kitchen,1,2548.0,2548,CUST-35726,Website
UK-2026-101341,2026-02-19,South,Kochi,Non-Stick Cookware Set,Home & Kitchen,1,2878.0,2878,CUST-40950,Marketplace
UK-2026-101539,2026-03-17,West,Pune,Bluetooth Speaker Mini,Electronics,4,1514.0,6056,CUST-24999,Website
UK-2026-101209,2026-02-26,North,Noida,Mixer Grinder 750W,Home & Kitchen,2,3205.0,6410,CUST-68654,App
UK-2026-104930,2026-06-26,South,Bengaluru,Robot Vacuum R7,Home & Kitchen,1,19939.0,19939,CUST-92680,App
UK-2026-103861,2026-05-28,East,Guwahati,Air Fryer 5L,Home & Kitchen,1,5231.0,5231,CUST-37895,Website
UK-2026-103838,2026-05-16,South,Chennai,Running Sneakers,Fashion,1,2900.0,2900,CUST-61950,Website
UK-2026-101731,2026-03-16,East,Kolkata,Running Sneakers,Fashion,2,2677.0,5354,CUST-82847,App
UK-2026-101949,2026-03-23,South,Kochi,Robot Vacuum R7,Home & Kitchen,1,19578.0,19578,CUST-93823,App
UK-2026-101049,2026-02-08,North,Gurugram,Ultrabook Air 14,Electronics,1,28801.0,28801,CUST-66598,Website
UK-2026-100944,2026-02-09,Central,Bhopal,Electric Kettle 1.5L,Home & Kitchen,1,1060.0,1060,CUST-16842,Marketplace
UK-2026-104642,2026-06-21,South,Bengaluru,Bluetooth Speaker Mini,Electronics,2,1458.0,2916,CUST-95788,Marketplace
UK-2026-100519,2026-01-12,West,Surat,Vitamin C Serum,Beauty,1,682.0,682,CUST-34887,Marketplace
UK-2026-101699,2026-03-15,East,Guwahati,Denim Jacket,Fashion,2,2307.0,4614,CUST-26209,App
UK-2026-100558,2026-01-23,Central,Raipur,Foldable Treadmill T2,Sports,2,24097.0,48194,CUST-33476,App
UK-2026-102820,2026-04-20,Central,Nagpur,Ultrabook Air 14,Electronics,3,29033.0,87099,CUST-78179,App
UK-2026-104786,2026-06-16,North,Gurugram,Mirrorless Camera Lite,Electronics,1,30209.0,30209,CUST-51823,Marketplace
UK-2026-100122,2026-01-20,Central,Bhopal,Eau de Parfum 100ml,Beauty,1,1995.0,1995,CUST-42076,App
UK-2026-100958,2026-02-24,South,Kochi,Ultrabook Air 14,Electronics,4,31203.0,124812,CUST-92899,Marketplace
UK-2026-103765,2026-05-04,West,Mumbai,Air Fryer 5L,Home & Kitchen,2,5462.0,10924,CUST-85712,Marketplace
UK-2026-103951,2026-05-20,West,Mumbai,Mirrorless Camera Lite,Electronics,1,29861.0,29861,CUST-12941,Website
UK-2026-101748,2026-03-29,South,Bengaluru,43-inch Smart TV,Electronics,1,25468.0,25468,CUST-68692,Marketplace
UK-2026-100749,2026-02-11,South,Chennai,Makeup Brush Set,Beauty,1,1356.0,1356,CUST-48796,Marketplace
UK-2026-103305,2026-05-26,East,Bhubaneswar,Smart Watch X2,Electronics,1,4593.0,4593,CUST-59155,Marketplace
UK-2026-104529,2026-06-18,Central,Raipur,Non-Stick Cookware Set,Home & Kitchen,1,2969.0,2969,CUST-35236,App
UK-2026-101817,2026-03-30,North,Delhi,Silk Saree,Fashion,1,3548.0,3548,CUST-39386,App
UK-2026-100780,2026-02-23,West,Pune,Mirrorless Camera Lite,Electronics,1,28983.0,28983,CUST-45088,Marketplace
UK-2026-104493,2026-06-17,West,Surat,Cricket Bat English Willow,Sports,1,8882.0,8882,CUST-95074,Marketplace
UK-2026-100613,2026-01-21,South,Kochi,Cricket Bat English Willow,Sports,1,8596.0,8596,CUST-68888,Marketplace
UK-2026-102748,2026-04-12,Central,Raipur,Cotton Bedsheet Set,Home & Kitchen,1,1359.0,1359,CUST-16832,App
UK-2026-100998,2026-02-09,West,Pune,Robot Vacuum R7,Home & Kitchen,1,19623.0,19623,CUST-52263,Website
UK-2026-100534,2026-01-10,South,Bengaluru,Formal Shirt,Fashion,1,1067.0,1067,CUST-14011,Website
UK-2026-102358,2026-04-19,East,Bhubaneswar,Wireless Earbuds Pro,Electronics,2,2908.0,5816,CUST-21267,Marketplace
UK-2026-102571,2026-04-25,West,Ahmedabad,Smart Watch X2,Electronics,4,4489.0,17956,CUST-92515,App
UK-2026-101227,2026-02-22,South,Chennai,Smart Watch X2,Electronics,1,4465.0,4465,CUST-47089,Website
UK-2026-101397,2026-02-08,West,Surat,Face Wash Combo,Beauty,1,459.0,459,CUST-38299,App
UK-2026-101832,2026-03-01,South,Hyderabad,Matte Lipstick Set,Beauty,1,868.0,868,CUST-60134,App
UK-2026-103417,2026-05-24,North,Delhi,Cotton Kurta Set,Fashion,1,1321.0,1321,CUST-31384,Marketplace
UK-2026-102659,2026-04-20,West,Surat,Smart Watch X2,Electronics,2,4340.0,8680,CUST-57039,Marketplace
UK-2026-103743,2026-05-24,South,Hyderabad,Foldable Treadmill T2,Sports,1,23882.0,23882,CUST-75249,Website
UK-2026-101643,2026-03-31,East,Kolkata,Running Sneakers,Fashion,1,2922.0,2922,CUST-35892,App
UK-2026-101752,2026-03-25,West,Surat,Bluetooth Speaker Mini,Electronics,1,1476.0,1476,CUST-75326,Website
UK-2026-100154,2026-01-08,West,Mumbai,Power Bank 20000mAh,Electronics,1,1848.0,1848,CUST-68938,App
UK-2026-100603,2030-01-26,North,Noida,Ultrabook Air 14,Electronics,1,30233.0,30233,CUST-71242,App
UK-2026-104708,2026-06-07,West,Ahmedabad,Foldable Treadmill T2,Sports,2,24339.0,48678,CUST-48187,Marketplace
UK-2026-104049,2026-06-29,South,Hyderabad,Formal Shirt,Fashion,1,1055.0,1055,CUST-93411,Website
UK-2026-101997,2026-03-19,West,Mumbai,Wireless Earbuds Pro,Electronics,1,3099.0,3099,CUST-98500,App
UK-2026-100627,2026-01-22,North,Delhi,Cotton Kurta Set,Fashion,1,1306.0,1306,CUST-49391,App
UK-2026-102714,2026-04-26,North,Noida,Formal Shirt,Fashion,1,1150.0,1150,CUST-66928,App
UK-2026-103666,2026-05-05,West,Surat,43-inch Smart TV,Electronics,1,25416.0,25416,CUST-16755,Marketplace
UK-2026-104186,2026-06-05,South,Hyderabad,Bluetooth Speaker Mini,Electronics,1,1483.0,1483,CUST-66686,App
UK-2026-104596,2026-06-13,North,Gurugram,Cotton Bedsheet Set,Home & Kitchen,2,1420.0,2840,CUST-74486,App
UK-2026-101907,2026-03-19,South,Kochi,Mirrorless Camera Lite,Electronics,2,29568.0,59136,CUST-38792,Marketplace
UK-2026-100938,2026-02-02,South,Chennai,Wireless Earbuds Pro,Electronics,1,2893.0,2893,CUST-84696,Website
UK-2026-103114,2026-05-28,East,Bhubaneswar,Smart Watch X2,Electronics,1,4662.0,4662,CUST-58111,Marketplace
UK-2026-101695,2026-03-29,East,Patna,Smart Watch X2,Electronics,2,4702.0,9404,CUST-78018,Website
UK-2026-100522,2026-01-21,South,Kochi,Slim Fit Jeans,Fashion,1,1582.0,1582,CUST-32595,Website
UK-2026-103361,2026-05-25,North,Gurugram,Wireless Earbuds Pro,Electronics,1,2954.0,2954,CUST-98009,Marketplace
UK-2026-104101,2026-06-13,Central,Nagpur,Robot Vacuum R7,Home & Kitchen,1,19347.0,19347,CUST-53855,App
UK-2026-104964,2026-06-01,West,Surat,Yoga Mat Pro,Sports,1,1214.0,1214,CUST-50186,Marketplace
UK-2026-102566,2026-04-04,North,Delhi,Sunscreen SPF50,Beauty,1,576.0,576,CUST-14772,Website
UK-2026-103135,2026-05-05,Central,Raipur,Robot Vacuum R7,Home & Kitchen,1,18611.0,18611,CUST-82512,Website
UK-2026-104288,2026-06-28,East,Kolkata,Running Sneakers,Fashion,1,2735.0,2735,CUST-83871,App
UK-2026-103386,2026-05-17,West,Surat,Makeup Brush Set,Beauty,2,1284.0,2568,CUST-76088,App
UK-2026-101705,2026-03-16,West,Mumbai,Wireless Earbuds Pro,Electronics,1,2954.0,2954,CUST-32408,Marketplace
UK-2026-101030,2026-02-06,East,Patna,Mirrorless Camera Lite,Electronics,1,28332.0,28332,CUST-67892,App
UK-2026-101644,2026-03-25,Central,Indore,Robot Vacuum R7,Home & Kitchen,2,19640.0,39280,CUST-90055,Website
UK-2026-103327,2026-05-20,South,Chennai,Football Size 5,Sports,1,856.0,856,CUST-98683,App
UK-2026-100202,2026-01-02,South,Chennai,Cotton Bedsheet Set,Home & Kitchen,2,1422.0,2844,CUST-24748,App
UK-2026-102021,2026-03-17,West,Surat,Gym Gloves,Sports,1,486.0,486,CUST-42009,App
UK-2026-103330,2026-05-01,South,Chennai,Power Bank 20000mAh,Electronics,2,1872.0,3744,CUST-33476,App
UK-2026-101399,2001-02-26,West,Mumbai,Football Size 5,Sports,2,923.0,1846,CUST-70729,Marketplace
UK-2026-102108,2026-03-05,Central,Bhopal,Ultrabook Air 14,Electronics,1,29720.0,29720,CUST-11044,Marketplace
UK-2026-101713,2026-03-04,North,Chandigarh,Noise-Cancelling Headphones,Electronics,2,8716.0,17432,CUST-71579,App
UK-2026-101517,2026-03-31,West,Ahmedabad,Slim Fit Jeans,Fashion,2,1611.0,3222,CUST-27112,App
UK-2026-104664,2026-06-29,North,Chandigarh,Smart Watch X2,Electronics,1,4495.0,4495,CUST-27014,App
UK-2026-103797,2026-05-21,West,Surat,Running Sneakers,Fashion,2,2786.0,5572,CUST-28377,App
UK-2026-102422,2026-04-12,West,Ahmedabad,Ultrabook Air 14,Electronics,2,29905.0,59810,CUST-86975,Website
UK-2026-103537,2026-05-06,East,Kolkata,Mirrorless Camera Lite,Electronics,1,29159.0,29159,CUST-10350,Marketplace
UK-2026-103436,2026-05-04,East,Patna,Noise-Cancelling Headphones,Electronics,1,8577.0,8577,CUST-55129,Website
UK-2026-100738,2026-02-08,Central,Raipur,Robot Vacuum R7,Home & Kitchen,2,18623.0,37246,CUST-75944,Website
UK-2026-101047,2026-02-17,North,Gurugram,Smart Watch X2,Electronics,3,4464.0,13392,CUST-29367,Marketplace
UK-2026-101806,2026-03-24,South,Bengaluru,Power Bank 20000mAh,Electronics,2,1750.0,3500,CUST-66928,Marketplace
UK-2026-101755,2026-03-22,South,Kochi,Vitamin C Serum,Beauty,2,705.0,1410,CUST-51139,Marketplace
UK-2026-104498,2026-06-12,South,Chennai,Cotton Kurta Set,Fashion,2,1245.0,2490,CUST-28903,Marketplace
UK-2026-104183,2026-06-09,East,Patna,Beard Grooming Kit,Beauty,2,971.0,1942,CUST-27056,Website
UK-2026-104085,2026-06-04,West,Mumbai,Slim Fit Jeans,Fashion,2,1548.0,3096,CUST-89878,App
UK-2026-101674,2026-03-26,South,Hyderabad,Modern Wall Clock,Home & Kitchen,1,793.0,793,CUST-78617,Marketplace
UK-2026-103934,2026-05-17,South,Chennai,Sunscreen SPF50,Beauty,1,573.0,573,CUST-24112,App
UK-2026-101729,2026-03-04,South,Bengaluru,Face Wash Combo,Beauty,2,459.0,918,CUST-20916,App
UK-2026-103085,2026-04-30,West,Ahmedabad,Denim Jacket,Fashion,2,2276.0,4552,CUST-66979,App
UK-2026-104020,2026-05-26,West,Pune,Adjustable Dumbbells 15kg,Sports,1,5171.0,5171,CUST-78018,Website
UK-2026-103298,2026-05-30,South,Chennai,Gym Gloves,Sports,1,475.0,475,CUST-11158,App
UK-2026-101665,2026-03-06,North,Noida,Denim Jacket,Fashion,2,2220.0,4440,CUST-73739,Website
UK-2026-101904,2026-03-30,North,Delhi,Power Bank 20000mAh,Electronics,1,1727.0,1727,CUST-62072,App
UK-2026-100726,2026-02-18,South,Chennai,Beard Grooming Kit,Beauty,1,960.0,960,CUST-84881,Website
UK-2026-103883,2026-05-31,South,Chennai,Noise-Cancelling Headphones,Electronics,3,8988.0,26964,CUST-39803,App
UK-2026-100669,2026-01-18,West,Pune,Ultrabook Air 14,Electronics,1,28556.0,28556,CUST-31072,Marketplace
UK-2026-101482,2026-03-11,North,Delhi,Leather Wallet,Fashion,1,933.0,933,CUST-43290,App
UK-2026-101530,2026-03-08,North,Gurugram,Matte Lipstick Set,Beauty,2,927.0,1854,CUST-99375,App
UK-2026-103716,2013-05-26,South,Chennai,Cycling Helmet,Sports,1,1653.0,1653,CUST-96118,App
UK-2026-104337,2026-06-29,North,Noida,Modern Wall Clock,Home & Kitchen,1,803.0,803,CUST-92598,App
UK-2026-101339,2026-02-25,West,Mumbai,Face Wash Combo,Beauty,1,457.0,457,CUST-11262,App
UK-2026-100206,2026-01-25,West,Ahmedabad,Adjustable Dumbbells 15kg,Sports,2,5049.0,10098,CUST-44868,App
UK-2026-100834,2026-02-17,South,Bengaluru,Vitamin C Serum,Beauty,1,701.0,701,CUST-36654,Website
UK-2026-102432,2026-04-07,North,Gurugram,Bluetooth Speaker Mini,Electronics,1,1427.0,1427,CUST-84229,App
UK-2026-101502,2026-03-10,East,Patna,Mirrorless Camera Lite,Electronics,1,28792.0,28792,CUST-97250,Website
UK-2026-104469,2026-06-05,East,Guwahati,43-inch Smart TV,Electronics,2,26436.0,52872,CUST-28692,Marketplace
UK-2026-102467,2026-04-29,South,Hyderabad,Denim Jacket,Fashion,1,2158.0,2158,CUST-24214,Website
UK-2026-104323,2026-06-22,North,Delhi,Adjustable Dumbbells 15kg,Sports,1,4989.0,4989,CUST-26137,Website
UK-2026-101942,2026-03-19,South,Bengaluru,Yoga Mat Pro,Sports,2,1188.0,2376,CUST-90054,App
UK-2026-101630,2026-03-30,West,Surat,Leather Wallet,Fashion,3,926.0,2778,CUST-39790,Website
UK-2026-101483,2026-03-23,East,Bhubaneswar,Robot Vacuum R7,Home & Kitchen,1,19446.0,19446,CUST-28734,Marketplace
UK-2026-103277,2026-05-20,South,Kochi,Wireless Earbuds Pro,Electronics,2,2956.0,5912,CUST-37334,App
UK-2026-100030,2026-01-29,South,Bengaluru,Denim Jacket,Fashion,1,2144.0,2144,CUST-12941,Website
UK-2026-104428,2026-06-13,North,Delhi,Formal Shirt,Fashion,2,1064.0,2128,CUST-90192,App
UK-2026-103397,2026-05-22,Central,Bhopal,Power Bank 20000mAh,Electronics,1,1722.0,1722,CUST-47189,App
UK-2026-103456,2026-05-14,West,Mumbai,Silk Saree,Fashion,1,3554.0,3554,CUST-81202,App
UK-2026-101321,2026-02-23,West,Surat,Yoga Mat Pro,Sports,1,1226.0,1226,CUST-67011,Website
UK-2026-103822,2026-05-26,South,Chennai,Mixer Grinder 750W,Home & Kitchen,1,3330.0,3330,CUST-17985,Website
UK-2026-101224,2026-02-16,West,Mumbai,Wireless Earbuds Pro,Electronics,2,3120.0,6240,CUST-25531,App
UK-2026-102777,2026-04-22,North,Delhi,Adjustable Dumbbells 15kg,Sports,1,5056.0,5056,CUST-87741,App
UK-2026-100815,2026-02-25,West,Pune,Non-Stick Cookware Set,Home & Kitchen,4,2995.0,11980,CUST-73739,Website
UK-2026-100970,2026-02-24,West,Ahmedabad,Matte Lipstick Set,Beauty,1,928.0,928,CUST-74486,App
UK-2026-102225,2026-03-01,West,Surat,Running Sneakers,Fashion,1,2881.0,2881,CUST-18116,App
UK-2026-103174,2026-05-17,North,Gurugram,Denim Jacket,Fashion,1,2256.0,2256,CUST-47518,App
UK-2026-101004,2026-02-25,North,Noida,Leather Wallet,Fashion,1,877.0,877,CUST-44030,Website
UK-2026-104220,2026-06-30,West,Surat,Non-Stick Cookware Set,Home & Kitchen,1,2955.0,2955,CUST-72683,Website
UK-2026-104723,2026-06-16,West,Mumbai,Matte Lipstick Set,Beauty,1,873.0,873,CUST-42249,Marketplace
UK-2026-103473,2026-05-18,West,Pune,Running Sneakers,Fashion,1,2668.0,2668,CUST-78617,Marketplace
UK-2026-104783,2026-06-15,North,Delhi,Mixer Grinder 750W,Home & Kitchen,2,3344.0,6688,CUST-59064,App
UK-2026-101859,2026-03-04,South,Chennai,Wireless Earbuds Pro,Electronics,1,2868.0,2868,CUST-66412,Website
UK-2026-100001,2026-01-12,West,Mumbai,Vitamin C Serum,Beauty,1,701.0,701,CUST-37611,Website
UK-2026-103824,2026-05-01,South,Chennai,Denim Jacket,Fashion,2,2210.0,4420,CUST-65549,Marketplace
UK-2026-102234,2026-03-28,South,Bengaluru,Noise-Cancelling Headphones,Electronics,1,9412.0,9412,CUST-16012,App
UK-2026-103906,2026-05-15,Central,Bhopal,Mirrorless Camera Lite,Electronics,2,29756.0,59512,CUST-35074,App
UK-2026-100368,2026-01-26,North,Delhi,Wireless Earbuds Pro,Electronics,2,3034.0,6068,CUST-49680,App
UK-2026-104383,2026-06-12,North,Chandigarh,Matte Lipstick Set,Beauty,2,901.0,1802,CUST-16755,App
UK-2026-104966,2026-06-10,South,Hyderabad,Gym Gloves,Sports,1,498.0,498,CUST-49974,Website
UK-2026-104874,2026-06-18,North,Chandigarh,Yoga Mat Pro,Sports,2,1215.0,2430,CUST-54754,App
UK-2026-103034,2026-04-30,West,Surat,Non-Stick Cookware Set,Home & Kitchen,2,2884.0,5768,CUST-54395,App
UK-2026-100099,2026-01-27,Central,Nagpur,Robot Vacuum R7,Home & Kitchen,2,18162.0,36324,CUST-12786,App
UK-2026-100934,2026-02-11,South,Bengaluru,Wireless Earbuds Pro,Electronics,1,2912.0,2912,CUST-39154,Marketplace
UK-2026-100891,2026-02-17,Central,Raipur,Mirrorless Camera Lite,Electronics,1,28038.0,28038,CUST-98797,Website
UK-2026-104735,2026-06-25,North,Delhi,Noise-Cancelling Headphones,Electronics,1,8700.0,8700,CUST-38673,Marketplace
UK-2026-103489,2026-05-31,Central,Raipur,Matte Lipstick Set,Beauty,1,861.0,861,CUST-87741,Marketplace
UK-2026-102073,2026-03-30,North,Noida,Ethnic Dupatta,Fashion,1,524.0,524,CUST-79161,App
UK-2026-102756,2026-04-02,South,Bengaluru,Slim Fit Jeans,Fashion,1,1523.0,1523,CUST-49237,App
UK-2026-103433,2026-05-11,South,Hyderabad,Running Sneakers,Fashion,1,2826.0,2826,CUST-36009,App
UK-2026-104996,2026-06-30,North,Chandigarh,Ionic Hair Dryer,Beauty,1,1990.0,1990,CUST-21987,App
UK-2026-102267,2026-04-23,South,Hyderabad,Makeup Brush Set,Beauty,1,1279.0,1279,CUST-96533,App
UK-2026-104261,2026-06-07,Central,Nagpur,Bluetooth Speaker Mini,Electronics,1,1534.0,1534,CUST-23940,App
UK-2026-100563,2026-01-21,South,Chennai,Wireless Earbuds Pro,Electronics,2,3049.0,6098,CUST-26599,App
UK-2026-102458,2026-04-13,West,Mumbai,Formal Shirt,Fashion,1,1088.0,1088,CUST-68566,Marketplace
UK-2026-101967,2026-03-24,Central,Indore,Electric Kettle 1.5L,Home & Kitchen,2,1151.0,2302,CUST-21527,Marketplace
UK-2026-104633,2026-06-04,North,Gurugram,Foldable Treadmill T2,Sports,1,24472.0,24472,CUST-38320,App
UK-2026-102947,2026-04-01,South,Chennai,Mirrorless Camera Lite,Electronics,1,30056.0,30056,CUST-41028,App
UK-2026-100877,2026-02-23,North,Chandigarh,Face Wash Combo,Beauty,1,449.0,449,CUST-76788,Website
UK-2026-104657,2026-06-21,South,Bengaluru,Power Bank 20000mAh,Electronics,2,1839.0,3678,CUST-44672,App
UK-2026-102389,2026-04-08,South,Kochi,Badminton Racket Set,Sports,2,2463.0,4926,CUST-24416,Website
UK-2026-104472,2026-06-01,West,Mumbai,Matte Lipstick Set,Beauty,2,940.0,1880,CUST-74402,App
UK-2026-101653,2026-03-05,West,Ahmedabad,43-inch Smart TV,Electronics,3,24780.0,74340,CUST-52670,App
UK-2026-103187,2026-05-09,North,Gurugram,Makeup Brush Set,Beauty,1,1282.0,1282,CUST-29367,Website
UK-2026-100707,2026-01-14,South,Kochi,Makeup Brush Set,Beauty,1,1355.0,1355,CUST-21204,App
UK-2026-101646,2026-03-26,South,Chennai,Slim Fit Jeans,Fashion,2,1633.0,3266,CUST-94026,App
UK-2026-104282,2026-06-05,Central,Nagpur,Leather Wallet,Fashion,1,857.0,857,CUST-66924,Website
UK-2026-100714,2026-01-24,East,Patna,Bluetooth Speaker Mini,Electronics,1,1528.0,1528,CUST-59064,App
UK-2026-100704,2026-01-05,Central,Bhopal,Bluetooth Speaker Mini,Electronics,1,1496.0,1496,CUST-31710,App
UK-2026-102064,2026-03-05,West,Ahmedabad,Noise-Cancelling Headphones,Electronics,1,8663.0,8663,CUST-18070,App
UK-2026-100297,2026-01-31,Central,Indore,Bluetooth Speaker Mini,Electronics,1,1427.0,1427,CUST-64754,Website
UK-2026-104951,2026-06-25,North,Gurugram,Mirrorless Camera Lite,Electronics,1,28129.0,28129,CUST-30941,App
UK-2026-104802,2026-06-02,South,Chennai,Power Bank 20000mAh,Electronics,1,1888.0,1888,CUST-96424,Marketplace
UK-2026-100682,2026-01-09,West,Mumbai,Running Sneakers,Fashion,2,2877.0,5754,CUST-77796,Website
UK-2026-104557,2026-06-09,West,Surat,Sunscreen SPF50,Beauty,1,565.0,565,CUST-50131,Website
UK-2026-103944,2026-05-04,North,Noida,43-inch Smart TV,Electronics,1,24711.0,24711,CUST-92714,Marketplace
UK-2026-103667,2026-05-18,South,Kochi,Power Bank 20000mAh,Electronics,1,1812.0,1812,CUST-52197,Marketplace
UK-2026-103510,2026-05-15,North,Gurugram,Eau de Parfum 100ml,Beauty,1,2009.0,2009,CUST-99887,App
UK-2026-101081,2026-02-15,North,Delhi,Silk Saree,Fashion,1,3652.0,3652,CUST-31928,App
UK-2026-104868,2026-06-24,South,Hyderabad,Noise-Cancelling Headphones,Electronics,1,8551.0,8551,CUST-88095,Website
UK-2026-103801,2026-05-03,Central,Nagpur,43-inch Smart TV,Electronics,1,26778.0,26778,CUST-58704,App
UK-2026-104600,2026-06-22,West,Pune,Ionic Hair Dryer,Beauty,1,1946.0,1946,CUST-51400,App
UK-2026-101932,2026-03-29,North,Gurugram,Noise-Cancelling Headphones,Electronics,1,8802.0,8802,CUST-40592,App
UK-2026-102507,2026-04-21,South,Hyderabad,Ultrabook Air 14,Electronics,1,30846.0,30846,CUST-71949,Marketplace
UK-2026-102872,2026-04-23,South,Chennai,Slim Fit Jeans,Fashion,1,1588.0,1588,CUST-29919,Website
UK-2026-103693,2026-05-12,West,Mumbai,Ultrabook Air 14,Electronics,2,31483.0,62966,CUST-33476,Marketplace
UK-2026-102666,2026-04-29,South,Hyderabad,Eau de Parfum 100ml,Beauty,1,2092.0,2092,CUST-90831,App
UK-2026-103865,2026-05-30,North,Noida,Electric Kettle 1.5L,Home & Kitchen,1,1097.0,1097,CUST-25357,Marketplace
UK-2026-101424,2026-02-26,North,Gurugram,Wireless Earbuds Pro,Electronics,1,2898.0,2898,CUST-88095,App
UK-2026-100717,2026-01-20,Central,Raipur,Mirrorless Camera Lite,Electronics,1,28674.0,28674,CUST-36419,Marketplace
UK-2026-102282,2026-04-17,South,Chennai,Leather Wallet,Fashion,2,931.0,1862,CUST-55104,Website
UK-2026-101089,2026-02-12,North,Gurugram,Smart Watch X2,Electronics,1,4433.0,4433,CUST-89088,Website
UK-2026-103483,2026-05-08,West,Surat,Sunscreen SPF50,Beauty,3,564.0,1692,CUST-82455,App
UK-2026-102573,2026-04-30,Central,Raipur,Noise-Cancelling Headphones,Electronics,1,9243.0,9243,CUST-16741,App
UK-2026-102315,2026-04-22,South,Hyderabad,Electric Kettle 1.5L,Home & Kitchen,1,1132.0,1132,CUST-27529,App
UK-2026-102259,2026-04-08,South,Kochi,Silk Saree,Fashion,2,3560.0,7120,CUST-43214,Website
UK-2026-101122,2026-02-20,North,Gurugram,Smart Watch X2,Electronics,4,4684.0,18736,CUST-92273,Marketplace
UK-2026-104628,2026-06-19,North,Chandigarh,Leather Wallet,Fashion,2,902.0,1804,CUST-71828,App
UK-2026-103284,2026-05-19,Central,Nagpur,Leather Wallet,Fashion,1,869.0,869,CUST-88038,App
UK-2026-104743,2026-06-02,West,Pune,Smart Watch X2,Electronics,1,4421.0,4421,CUST-23677,Marketplace
UK-2026-101618,2026-03-05,Central,Bhopal,Matte Lipstick Set,Beauty,1,914.0,914,CUST-94386,Website
UK-2026-102202,2026-03-20,West,Pune,Mirrorless Camera Lite,Electronics,1,29591.0,29591,CUST-32110,App
UK-2026-101251,2026-02-23,West,Surat,Dinner Set 24pc,Home & Kitchen,1,2394.0,2394,CUST-86739,Website
UK-2026-100886,2026-02-25,East,Bhubaneswar,Noise-Cancelling Headphones,Electronics,1,8554.0,8554,CUST-94082,Marketplace
UK-2026-104474,2026-06-23,North,Delhi,Badminton Racket Set,Sports,1,2396.0,2396,CUST-62070,Marketplace
UK-2026-104809,2026-06-26,South,Chennai,Ultrabook Air 14,Electronics,4,31295.0,125180,CUST-24703,Marketplace
UK-2026-102196,2026-03-15,Central,Indore,Power Bank 20000mAh,Electronics,3,1839.0,5517,CUST-52270,Marketplace
UK-2026-103024,2026-04-18,South,Bengaluru,Electric Kettle 1.5L,Home & Kitchen,1,1046.0,1046,CUST-25531,App
UK-2026-101275,2026-02-09,North,Gurugram,Formal Shirt,Fashion,3,1126.0,3378,CUST-34328,Website
UK-2026-103513,2026-05-30,East,Kolkata,Wireless Earbuds Pro,Electronics,2,3082.0,6164,CUST-96792,Website
UK-2026-102357,2026-04-14,East,Bhubaneswar,Adjustable Dumbbells 15kg,Sports,1,4928.0,4928,CUST-35084,Website
UK-2026-104880,2026-06-16,South,Bengaluru,Silk Saree,Fashion,2,3357.0,6714,CUST-30377,App
UK-2026-102487,2026-04-16,North,Chandigarh,Cotton Bedsheet Set,Home & Kitchen,2,1391.0,2782,CUST-13844,App
UK-2026-102353,2026-04-16,West,Ahmedabad,43-inch Smart TV,Electronics,2,26188.0,52376,CUST-44030,Website
UK-2026-103811,2026-05-14,Central,Bhopal,Foldable Treadmill T2,Sports,2,25936.0,51872,CUST-64998,Marketplace
UK-2026-103911,2026-05-07,North,Gurugram,Bluetooth Speaker Mini,Electronics,1,1463.0,1463,CUST-39561,Website
UK-2026-103335,2026-05-18,South,Kochi,Foldable Treadmill T2,Sports,1,26021.0,26021,CUST-24939,App
UK-2026-100212,2026-01-22,East,Bhubaneswar,Silk Saree,Fashion,2,3459.0,6918,CUST-69310,Website
UK-2026-100683,2026-01-28,West,Mumbai,Power Bank 20000mAh,Electronics,1,1861.0,1861,CUST-26404,App
UK-2026-101150,2026-02-19,East,Guwahati,Ethnic Dupatta,Fashion,1,477.0,477,CUST-72408,App
UK-2026-103053,2026-04-02,West,Ahmedabad,Slim Fit Jeans,Fashion,1,1613.0,1613,CUST-42056,App
UK-2026-103569,2026-05-10,South,Chennai,Smart Watch X2,Electronics,4,4416.0,17664,CUST-57633,App
UK-2026-100101,2026-01-09,West,Mumbai,43-inch Smart TV,Electronics,1,25838.0,25838,CUST-73605,Website
UK-2026-103610,2026-05-21,South,Hyderabad,Mirrorless Camera Lite,Electronics,1,28875.0,28875,CUST-85712,Marketplace
UK-2026-101821,2026-03-04,North,Gurugram,Matte Lipstick Set,Beauty,2,879.0,1758,CUST-71957,App
UK-2026-104180,2026-06-12,South,Chennai,Vitamin C Serum,Beauty,4,689.0,2756,CUST-79332,Website
UK-2026-102736,2026-04-23,South,Hyderabad,Leather Wallet,Fashion,1,882.0,882,CUST-20916,App
UK-2026-104310,2026-06-02,South,Hyderabad,43-inch Smart TV,Electronics,1,25265.0,25265,CUST-57696,Marketplace
UK-2026-101308,2026-02-12,North,Chandigarh,Face Wash Combo,Beauty,1,433.0,433,CUST-50394,Marketplace
UK-2026-104116,2026-06-26,North,Delhi,Modern Wall Clock,Home & Kitchen,2,793.0,1586,CUST-12236,Marketplace
UK-2026-102331,2026-04-09,East,Kolkata,Denim Jacket,Fashion,2,2292.0,4584,CUST-16606,Marketplace
UK-2026-104526,2026-06-11,East,Patna,Sunscreen SPF50,Beauty,1,534.0,534,CUST-11407,App
UK-2026-101504,2026-03-14,West,Ahmedabad,Running Sneakers,Fashion,1,2701.0,2701,CUST-64353,App
UK-2026-103823,2026-05-19,North,Noida,Dinner Set 24pc,Home & Kitchen,1,2400.0,2400,CUST-54939,Marketplace
UK-2026-101287,2026-02-08,South,Bengaluru,Robot Vacuum R7,Home & Kitchen,2,19773.0,39546,CUST-18787,Website
UK-2026-104069,2026-06-17,East,Guwahati,Sunscreen SPF50,Beauty,1,522.0,522,CUST-93829,App
UK-2026-103453,2026-05-22,West,Pune,Non-Stick Cookware Set,Home & Kitchen,2,2915.0,5830,CUST-62206,App
UK-2026-100532,2026-01-18,South,Bengaluru,Ethnic Dupatta,Fashion,1,497.0,497,CUST-28692,App
UK-2026-104388,2026-06-12,East,Guwahati,Gym Gloves,Sports,1,475.0,475,CUST-33053,Website
UK-2026-100909,2026-02-24,South,Hyderabad,43-inch Smart TV,Electronics,1,25207.0,25207,CUST-24112,Marketplace
UK-2026-101297,2026-02-28,West,Surat,Vitamin C Serum,Beauty,1,717.0,717,CUST-76845,Marketplace
UK-2026-100192,2026-01-26,East,Bhubaneswar,Ultrabook Air 14,Electronics,3,28695.0,86085,CUST-43107,App
UK-2026-100456,2026-01-12,East,Guwahati,Formal Shirt,Fashion,1,1145.0,1145,CUST-18787,App
UK-2026-103145,2026-05-05,Central,Raipur,Formal Shirt,Fashion,2,1151.0,2302,CUST-67637,Website
UK-2026-103615,2026-05-02,West,Surat,Power Bank 20000mAh,Electronics,1,1784.0,1784,CUST-92031,Marketplace
UK-2026-104704,2026-06-02,North,Gurugram,Denim Jacket,Fashion,1,2133.0,2133,CUST-22232,Website
UK-2026-100932,2026-02-09,Central,Nagpur,Eau de Parfum 100ml,Beauty,1,1982.0,1982,CUST-28453,Website
UK-2026-102299,2026-04-20,East,Patna,Noise-Cancelling Headphones,Electronics,1,8718.0,8718,CUST-73739,App
UK-2026-102831,2026-04-24,South,Chennai,Silk Saree,Fashion,2,3427.0,6854,CUST-80136,Website
UK-2026-102582,2026-04-04,North,Noida,Running Sneakers,Fashion,1,2770.0,2770,CUST-74230,Website
UK-2026-101938,2026-03-21,South,Hyderabad,43-inch Smart TV,Electronics,1,27042.0,27042,CUST-19095,App
UK-2026-101845,2026-03-19,West,Ahmedabad,Smart Watch X2,Electronics,3,4623.0,13869,CUST-37334,Website
UK-2026-100605,2026-01-04,South,Hyderabad,Eau de Parfum 100ml,Beauty,1,1907.0,1907,CUST-89194,App
UK-2026-104840,2026-06-10,North,Chandigarh,Air Fryer 5L,Home & Kitchen,1,5696.0,5696,CUST-44548,Marketplace
UK-2026-101584,2006-03-26,Central,Bhopal,Mirrorless Camera Lite,Electronics,1,29243.0,29243,CUST-43107,Website
UK-2026-101978,2026-03-01,South,Bengaluru,Silk Saree,Fashion,1,3483.0,3483,CUST-24748,Marketplace
UK-2026-101958,2026-03-04,North,Chandigarh,Slim Fit Jeans,Fashion,2,1651.0,3302,CUST-73199,App
UK-2026-101388,2026-02-13,West,Mumbai,Vitamin C Serum,Beauty,1,719.0,719,CUST-96279,Website
